$hessian                                                                        
        0.4145288751  -0.0146392807   0.0111371597  -0.1268740633  -0.0490932344
       -0.0287084650  -0.0250032036  -0.0055560568   0.0030071705  -0.0022453352
        0.0010562444   0.0012852625  -0.0008423878  -0.0001175000   0.0000500789
       -0.0004059296  -0.0000091652   0.0000322262   0.0003238128  -0.0000744518
       -0.0000505510   0.0005940954  -0.0000233037  -0.0003078681   0.0009125205
        0.0006220581  -0.0003210442  -0.0007261871  -0.0004242466  -0.0013141168
       -0.0133006050  -0.0045341802  -0.0132457138  -0.1443029655   0.0481906942
        0.0828126934  -0.0518078930   0.0071492184  -0.0528726497  -0.0409406184
        0.0136035421  -0.0060184235  -0.0026336984  -0.0030401908  -0.0001579777
        0.0008018992  -0.0005503258  -0.0006169854   0.0001907735   0.0000293706
       -0.0000738726   0.0000290567  -0.0000453907   0.0000276130   0.0000068341
        0.0000387391  -0.0000114765   0.0000318014   0.0000194825   0.0000391267
       -0.0000377915   0.0000156862   0.0000026993  -0.0001461826  -0.0000357257
        0.0000447456  -0.0003428849  -0.0003739029   0.0002784630  -0.0006029103
       -0.0000164503   0.0002447863   0.0006769052   0.0006702474   0.0016056770
       -0.0078839179   0.0071381224   0.0031314424
       -0.0146392807   0.5200905988  -0.0348123086  -0.0450901067  -0.0951344041
       -0.0106430755   0.0086920659   0.0046596848   0.0027247244   0.0017215997
       -0.0007363517  -0.0010772190   0.0005953898   0.0004427823   0.0001291123
        0.0000247060  -0.0000942974  -0.0000415626   0.0000844062  -0.0000111422
       -0.0000063541  -0.0000136222  -0.0000938639   0.0000021022  -0.0001660126
        0.0002192228  -0.0000353419   0.0000853065  -0.0001273921  -0.0004082827
        0.0017180266   0.0035558962  -0.0019578685   0.0285053452  -0.0866686200
       -0.0099333951   0.0071485233  -0.0515609881   0.0321604933   0.0098724293
       -0.2614526618   0.0535327341  -0.0268384439  -0.0207300682  -0.0055093715
        0.0014488665   0.0002964145  -0.0002592313   0.0000811356  -0.0000799322
        0.0000829449  -0.0000024582  -0.0000094780   0.0000252324  -0.0000053849
       -0.0000153513   0.0000031073  -0.0000058259  -0.0000031290   0.0000025928
       -0.0000014874   0.0000096801  -0.0000056988  -0.0000186047   0.0000503458
        0.0000204831   0.0000278307   0.0000144195  -0.0000763673  -0.0002841700
        0.0002306699   0.0000379590  -0.0009811656   0.0023204060  -0.0004884156
        0.0280409315  -0.0151724407  -0.0234669932
        0.0111371597  -0.0348123086   0.5141067304  -0.0172235279  -0.0072108705
       -0.0577211831   0.0123485106   0.0046189325   0.0033396523   0.0020913355
       -0.0013112538  -0.0009492148   0.0007582504   0.0004404907   0.0002545875
        0.0001359641  -0.0000997168  -0.0000265254   0.0000484797   0.0000111045
       -0.0000554341  -0.0002083318  -0.0000767177  -0.0001864436  -0.0003371080
       -0.0000820372  -0.0001615859  -0.0000498785  -0.0003191452  -0.0013484933
       -0.0340174588  -0.0136431474  -0.0344243099   0.0889119847  -0.0302926746
       -0.1236746339  -0.0522685627   0.0352214376  -0.2463300741  -0.0049695761
        0.0488829032  -0.0571817547   0.0030916523   0.0010672443   0.0023527854
        0.0000077971   0.0004181961   0.0000040670  -0.0000166688  -0.0000359792
       -0.0002379463  -0.0000127184   0.0000329416  -0.0000451308  -0.0000063796
       -0.0000137216   0.0000119500  -0.0000231251  -0.0000088314  -0.0000396441
        0.0000189014  -0.0000008077   0.0000147706   0.0000253829   0.0000241387
        0.0000446179   0.0002863629   0.0001823928   0.0001411502   0.0000602335
        0.0002744111   0.0001234221  -0.0039088220  -0.0002938114  -0.0017976064
       -0.0058798570  -0.0029731700   0.0037862469
       -0.1268740633  -0.0450901067  -0.0172235279   0.4670400508  -0.0041153985
       -0.0165854922  -0.1293430342   0.0397237437   0.0418931887  -0.0294797691
        0.0048084796   0.0118789052  -0.0047366511  -0.0031035941  -0.0004497161
       -0.0011595296   0.0007130362   0.0004810689  -0.0002081541  -0.0002207784
       -0.0001181959   0.0006491720  -0.0001016138  -0.0004434051   0.0000463078
        0.0019365667  -0.0002937323   0.0055106894  -0.0025865198  -0.0002337042
       -0.0862208712   0.0085835816  -0.0540693376  -0.0474344048  -0.0048563880
        0.0081051961  -0.0064249354  -0.0047989015  -0.0058563782  -0.0022909389
       -0.0045444468  -0.0001643666  -0.0437560511   0.0104199849   0.0009082695
       -0.0064554571   0.0065002584   0.0036318299  -0.0000763936   0.0005995988
        0.0002470118   0.0000384779   0.0000246007   0.0000021557   0.0000399388
        0.0001089198  -0.0000427975  -0.0000356962  -0.0000061942   0.0000021322
       -0.0001220247   0.0000094061   0.0000630216  -0.0000228903   0.0000095552
       -0.0000364545   0.0001268508  -0.0003727387  -0.0000167679  -0.0000639763
        0.0003034548  -0.0011582340   0.0105889525  -0.0043277069   0.0290667601
        0.0006644012   0.0003832009   0.0004125704
       -0.0490932344  -0.0951344041  -0.0072108705  -0.0041153985   0.4971066808
       -0.0151161293   0.0375524308  -0.0885872850  -0.0212758459  -0.0095600169
        0.0081730353   0.0050782629  -0.0024297862  -0.0012153575  -0.0007456562
       -0.0003645696   0.0006267636   0.0001631372  -0.0003411943  -0.0002012157
        0.0000270444  -0.0001395318  -0.0002127492   0.0003446937   0.0006109651
       -0.0024809864   0.0008641255  -0.0019409660   0.0014091287  -0.0006760962
        0.0043757761  -0.0573984439   0.0214528688   0.0120731281   0.0051551758
       -0.0017442800   0.0036947632   0.0016778820   0.0015940992  -0.0262503540
       -0.0201787745  -0.0063330812   0.0097691946  -0.2347940817   0.0341957136
        0.0249320868  -0.0179743307  -0.0133799567  -0.0004201842   0.0008661824
        0.0002995053  -0.0000240825  -0.0001560993  -0.0000715669  -0.0000479180
        0.0000014750   0.0000516911   0.0000073924   0.0000256306  -0.0000109422
       -0.0000622659   0.0000491384   0.0000114252   0.0001135816   0.0000728738
       -0.0000642518  -0.0007352122   0.0005470898   0.0005562492   0.0006384672
        0.0009329599   0.0003658553  -0.0006542254  -0.0004491993   0.0012356904
        0.0024111541   0.0021389110   0.0003883152
       -0.0287084650  -0.0106430755  -0.0577211831  -0.0165854922  -0.0151161293
        0.4635193790   0.0420561411  -0.0213671526  -0.0769998858   0.0031208288
        0.0028833230   0.0026450410  -0.0014673602  -0.0008473585   0.0006499949
       -0.0000142873   0.0002370865   0.0003623355  -0.0004074277   0.0000144960
       -0.0001307158  -0.0002145279  -0.0000947912  -0.0004385815  -0.0008675768
       -0.0002805123  -0.0003270264   0.0218357302  -0.0119456239  -0.0310043977
       -0.0234756487   0.0268391245  -0.2148418027   0.0221462190   0.0034792899
       -0.0058402864  -0.0225658055  -0.0117650804  -0.0108764151   0.0048488143
        0.0037057466   0.0018603615   0.0017353610   0.0309496329  -0.0432554046
       -0.0033589715   0.0019111606   0.0031337030  -0.0020429429  -0.0003027276
       -0.0002148631   0.0000147159   0.0000584172   0.0000000781   0.0000698697
        0.0000463060  -0.0000241121  -0.0000809827  -0.0000199750  -0.0000814388
       -0.0000284704  -0.0000344827   0.0000726958   0.0001772541  -0.0000293478
       -0.0000590044   0.0006872840   0.0003080280  -0.0005863242  -0.0001312183
       -0.0007737492  -0.0054388163   0.0037186776   0.0027011879  -0.0256978134
       -0.0004617186   0.0000862070   0.0012944828
       -0.0250032036   0.0086920659   0.0123485106  -0.1293430342   0.0375524308
        0.0420561411   0.4471518510  -0.0277099164  -0.0100490375  -0.1248613127
       -0.0414633951  -0.0062593986  -0.0310640571  -0.0077253171  -0.0003554987
       -0.0031069738   0.0023478435   0.0016789264  -0.0009246790  -0.0007251260
       -0.0001936397   0.0000323124  -0.0013475149  -0.0023497762  -0.0014632255
       -0.0082949595   0.0020734976  -0.0853110229   0.0154990195  -0.0577007185
        0.0043499936  -0.0021323022  -0.0001337937  -0.0068432204  -0.0020853765
        0.0002308934   0.0000871438   0.0004611661  -0.0005342717   0.0009500935
        0.0006717529   0.0004296986  -0.0051029629   0.0060781944   0.0027134972
       -0.0462066783   0.0256690565  -0.0048620871  -0.0033276947  -0.0023157207
       -0.0032193355   0.0002699507  -0.0007210319  -0.0002119220   0.0000886545
        0.0000436022  -0.0000233718   0.0000331472   0.0000187128  -0.0000167415
       -0.0004034195   0.0000711634   0.0001768658   0.0002443794  -0.0000877260
       -0.0000318505   0.0011575649  -0.0000614521  -0.0016553602   0.0094078349
       -0.0028661205   0.0260689337  -0.0005672502   0.0006642460  -0.0002966925
       -0.0002441910  -0.0002332950   0.0001165313
       -0.0055560568   0.0046596848   0.0046189325   0.0397237437  -0.0885872850
       -0.0213671526  -0.0277099164   0.5075794827  -0.0268207293  -0.0374083525
       -0.0794297220  -0.0064720462   0.0072299309   0.0067467544   0.0026313980
        0.0014936182  -0.0010938241  -0.0007904465   0.0014342166   0.0000686855
       -0.0001442416   0.0002172431  -0.0012872786  -0.0005817197  -0.0260198843
       -0.0420985892   0.0081815606   0.0137578078  -0.0559935037   0.0149519879
       -0.0043073527   0.0034925253   0.0008308246  -0.0049439053  -0.0001305031
        0.0012369284  -0.0001416672   0.0002358781   0.0000319990  -0.0014022080
        0.0002422751   0.0005157727   0.0253060110  -0.0183622574  -0.0141268738
        0.0274481573  -0.2327478946   0.0512452556  -0.0049932640  -0.0020583505
       -0.0030471007   0.0014426087  -0.0000903659   0.0001429872   0.0000446599
       -0.0002955490   0.0000491875   0.0000137245  -0.0000477070  -0.0000471034
        0.0001692279  -0.0000295494  -0.0000961464  -0.0002515461   0.0004102494
        0.0000571484  -0.0016762576  -0.0013812083  -0.0004237370  -0.0040662128
        0.0000020630  -0.0119214543   0.0000519102   0.0002631378   0.0014330517
        0.0001437639  -0.0000671483  -0.0000882825
        0.0030071705   0.0027247244   0.0033396523   0.0418931887  -0.0212758459
       -0.0769998858  -0.0100490375  -0.0268207293   0.4677448624  -0.0135160095
       -0.0134778459  -0.0562653106   0.0087422375   0.0050596795   0.0052982510
        0.0010433034  -0.0013951684   0.0000010061   0.0010390920   0.0002378822
       -0.0005397438  -0.0030648449   0.0000932120  -0.0029174203   0.0095677570
        0.0160860741  -0.0028810124  -0.0316647373   0.0097505979  -0.2146349442
        0.0222131475  -0.0079591048  -0.0327242756  -0.0034649533  -0.0006527801
       -0.0000957398  -0.0014432466   0.0001726931  -0.0006680037   0.0000070855
       -0.0000444936   0.0002870087  -0.0017202318   0.0007030965   0.0027518056
       -0.0052392317   0.0494233520  -0.0514682578  -0.0210249732  -0.0138697757
       -0.0083184677  -0.0005561121   0.0004815847  -0.0002945702  -0.0000240893
        0.0000966338  -0.0000723286  -0.0000812437   0.0000191519  -0.0001708179
        0.0001330213  -0.0001088464   0.0000642931  -0.0006146848  -0.0000087932
        0.0005490330   0.0021109648   0.0034411495   0.0001670490   0.0017620008
       -0.0007881939  -0.0270684716   0.0005478552  -0.0019342372  -0.0053841673
        0.0003965712   0.0000459827   0.0003004560
       -0.0022453352   0.0017215997   0.0020913355  -0.0294797691  -0.0095600169
        0.0031208288  -0.1248613127  -0.0374083525  -0.0135160095   0.4258104342
        0.0019551989   0.0211598567  -0.1244061525   0.0361592291   0.0278822112
       -0.0270825472   0.0092154843   0.0066458566  -0.0041298215  -0.0029814868
       -0.0006398308   0.0007596522   0.0009502669   0.0044913384  -0.0553803729
       -0.0065569106  -0.0084418796  -0.0133048497  -0.0084922868  -0.0173591766
       -0.0001601487  -0.0001680455  -0.0017590803  -0.0013498730  -0.0001576598
        0.0001839884  -0.0000028049  -0.0000759166  -0.0000582877   0.0001483315
        0.0001816041  -0.0000218135   0.0002400040  -0.0007535515  -0.0005690615
        0.0008576229   0.0001591786   0.0012012641  -0.0423972583  -0.0042654946
       -0.0199120908  -0.0032857759   0.0031674307   0.0005843481   0.0007007643
        0.0008455469   0.0003087888   0.0001274381   0.0001438615   0.0002319170
       -0.0011696273   0.0005735984   0.0006563010   0.0000249777   0.0004620693
       -0.0004475239  -0.0012652721   0.0140485983  -0.0058699600   0.0023801419
        0.0010369532  -0.0000514331  -0.0002815633  -0.0001522272   0.0000470461
       -0.0002468825  -0.0000486712   0.0000410668
        0.0010562444  -0.0007363517  -0.0013112538   0.0048084796   0.0081730353
        0.0028833230  -0.0414633951  -0.0794297220  -0.0134778459   0.0019551989
        0.4346043381   0.0087081354   0.0335206339  -0.0751825035  -0.0198200255
       -0.0055076070   0.0102042048   0.0030286896  -0.0049472675  -0.0026690733
        0.0007492303   0.0072037998  -0.0054410719  -0.0065479495   0.0098645387
       -0.2063290630   0.0704581709  -0.0066594388  -0.0057105175  -0.0054027064
        0.0000501845  -0.0007962382   0.0000458036   0.0017825723  -0.0000162521
       -0.0004028439   0.0000314780  -0.0000312439   0.0000463750  -0.0000231072
       -0.0001916407  -0.0000163575   0.0015937761  -0.0007829571   0.0001318771
       -0.0203893946  -0.0196007444  -0.0012331410  -0.0038966613  -0.0483521721
       -0.0440558474   0.0186141094  -0.0150343393  -0.0033493891  -0.0012053066
       -0.0007670671   0.0010021754  -0.0005069750   0.0000065006   0.0000475290
       -0.0010420645   0.0005829920   0.0002885604   0.0003845286   0.0002830113
       -0.0011402646   0.0054951959   0.0051816576   0.0105162008  -0.0005100779
        0.0017628084  -0.0010499815  -0.0001760588   0.0001287651  -0.0000533229
       -0.0000333861   0.0001436446  -0.0000451415
        0.0012852625  -0.0010772190  -0.0009492148   0.0118789052   0.0050782629
        0.0026450410  -0.0062593986  -0.0064720462  -0.0562653106   0.0211598567
        0.0087081354   0.5614902106   0.0234197270  -0.0142773010  -0.0693686972
        0.0013026500   0.0002902629   0.0011192055  -0.0014466336   0.0002491977
        0.0002495839   0.0267330897  -0.0170110867  -0.0222698221  -0.0157490331
        0.0449119236  -0.1022268331  -0.0348582841  -0.0144351943  -0.0311767804
        0.0002163181   0.0002889915  -0.0015200164   0.0011067761   0.0000424766
       -0.0004125605   0.0000139392  -0.0000182539  -0.0001383793  -0.0000468122
       -0.0000695844  -0.0000195160  -0.0001821544   0.0006743903   0.0004312445
        0.0050585852   0.0043415957   0.0022774530  -0.0178016595  -0.0473494568
       -0.2597167481  -0.0098244844   0.0079967361   0.0028906256   0.0004746513
        0.0004038187  -0.0000728077  -0.0009408672   0.0000099608  -0.0001359639
       -0.0001448126  -0.0000726545   0.0002309616   0.0004622307  -0.0040144632
       -0.0057494443  -0.0046932125   0.0328023509  -0.0213685909  -0.0009910227
       -0.0010582862  -0.0002114757  -0.0001952793   0.0000448274   0.0001638975
        0.0000216624   0.0000126155   0.0001039378
       -0.0008423878   0.0005953898   0.0007582504  -0.0047366511  -0.0024297862
       -0.0014673602  -0.0310640571   0.0072299309   0.0087422375  -0.1244061525
        0.0335206339   0.0234197270   0.4611356438  -0.0048010555  -0.0091422353
       -0.1304972421  -0.0493330886  -0.0033853920  -0.0393591853  -0.0115846880
        0.0025883817  -0.0801250280  -0.0064133055  -0.0424276807  -0.0044083575
        0.0153282769  -0.0038715819   0.0010126794   0.0003983249   0.0015379697
        0.0005987329  -0.0000845208  -0.0002985422  -0.0003848960  -0.0001672699
       -0.0000011266   0.0000070771   0.0000143728   0.0000408255   0.0000066956
        0.0000403892   0.0000148187   0.0002784599  -0.0001060987  -0.0001499548
        0.0001608230   0.0010279435   0.0003721126   0.0003559057   0.0003450432
        0.0010603578  -0.0444481838   0.0166104353  -0.0074441420  -0.0000021815
       -0.0041589386   0.0013171781  -0.0049813351  -0.0051778729  -0.0029622412
       -0.0059036548   0.0016427995   0.0021187697   0.0068008275   0.0069702785
        0.0310834037  -0.0000367490   0.0008356155  -0.0003087896   0.0007806557
       -0.0003506341  -0.0015470388   0.0000513995   0.0000635564  -0.0000439996
        0.0000071614  -0.0000157315  -0.0000039477
       -0.0001175000   0.0004427823   0.0004404907  -0.0031035941  -0.0012153575
       -0.0008473585  -0.0077253171   0.0067467544   0.0050596795   0.0361592291
       -0.0751825035  -0.0142773010  -0.0048010555   0.4901165508  -0.0329933558
       -0.0605940166  -0.1058260839   0.0020598179   0.0126191287   0.0079378934
       -0.0004434835   0.0024760455  -0.0610592630  -0.0331941657   0.0265072452
       -0.0384641567   0.0027225163  -0.0000400201  -0.0009689477  -0.0014370490
        0.0000706170  -0.0003912680   0.0001032235  -0.0007466342  -0.0000909362
        0.0001571283  -0.0000038311   0.0000305890   0.0000065424  -0.0000270544
       -0.0000042023   0.0000293348  -0.0000010503  -0.0002403721  -0.0000036128
       -0.0017023118  -0.0000718523   0.0003398913   0.0057618854  -0.0026614998
       -0.0049668132   0.0175172581  -0.1927205304   0.0926634423  -0.0225943713
       -0.0204975568  -0.0007054476  -0.0030930897  -0.0026658240  -0.0014241748
        0.0026186226  -0.0005944348  -0.0016966170   0.0006492715  -0.0034653021
       -0.0115147331   0.0008880166  -0.0002973610   0.0001357061  -0.0009022591
        0.0010236618  -0.0001309129   0.0000606802   0.0001440130  -0.0000866551
        0.0001241052  -0.0000247926   0.0000039067
        0.0000500789   0.0001291123   0.0002545875  -0.0004497161  -0.0007456562
        0.0006499949  -0.0003554987   0.0026313980   0.0052982510   0.0278822112
       -0.0198200255  -0.0693686972  -0.0091422353  -0.0329933558   0.4590587276
       -0.0128876455   0.0002074565  -0.0571795543   0.0114068874   0.0036906017
       -0.0026151175  -0.0122547427  -0.0323265476  -0.2064557900  -0.0113752405
        0.0142069394   0.0031136708   0.0015579481  -0.0001496878  -0.0032407609
       -0.0004670748   0.0002134082  -0.0005652218  -0.0002289598  -0.0000294293
       -0.0001781395  -0.0001383099   0.0000424978  -0.0000928077   0.0000628781
        0.0000192847   0.0000474275  -0.0000167903   0.0001591056  -0.0001419167
        0.0005765507   0.0002984830   0.0002281770   0.0211056473  -0.0135729077
       -0.0145135447  -0.0087216210   0.0894296562  -0.0890742675   0.0126481291
        0.0107281393   0.0014915967  -0.0218087824  -0.0159007674  -0.0072845261
        0.0019556186  -0.0013458097  -0.0002188001   0.0068340711  -0.0062285181
       -0.0194543307  -0.0021047992   0.0017906239   0.0008185079  -0.0044115856
       -0.0004305235  -0.0007201698   0.0002259268  -0.0000265025   0.0000566179
        0.0000570546   0.0000230241   0.0000860858
       -0.0004059296   0.0000247060   0.0001359641  -0.0011595296  -0.0003645696
       -0.0000142873  -0.0031069738   0.0014936182   0.0010433034  -0.0270825472
       -0.0055076070   0.0013026500  -0.1304972421  -0.0605940166  -0.0128876455
        0.4337015979  -0.0014413456   0.0198921616  -0.1451012310   0.0483352394
        0.0450277917  -0.0097259583  -0.0084178939  -0.0109002957  -0.0003390290
       -0.0020024597   0.0004155283   0.0004865294   0.0004476663   0.0005391343
        0.0004076300   0.0001446396  -0.0002491376   0.0002476318  -0.0000109927
       -0.0000536512   0.0000381266  -0.0000028917   0.0000419560   0.0000176776
        0.0000502491  -0.0000064563   0.0000102868  -0.0000461861   0.0000152950
        0.0001427271   0.0001702683  -0.0000281369  -0.0000612262  -0.0003017995
       -0.0001363689  -0.0014205377  -0.0029021404   0.0002292052  -0.0428164655
        0.0183615042  -0.0147308549  -0.0484914635  -0.0062114737  -0.0443727623
       -0.0262602642   0.0172256900   0.0141217344   0.0019809904   0.0019402302
        0.0012242338  -0.0004798160   0.0000310077  -0.0002651907   0.0000994925
       -0.0003527205  -0.0003812123  -0.0000874742  -0.0000593237   0.0000335815
       -0.0000970022  -0.0000093982   0.0000034602
       -0.0000091652  -0.0000942974  -0.0000997168   0.0007130362   0.0006267636
        0.0002370865   0.0023478435  -0.0010938241  -0.0013951684   0.0092154843
        0.0102042048   0.0002902629  -0.0493330886  -0.1058260839   0.0002074565
       -0.0014413456   0.4878626766  -0.0107907484   0.0735639166  -0.1199830661
       -0.0511419814  -0.0097639004  -0.0068388915  -0.0144479014   0.0002432019
       -0.0021014924   0.0017766981  -0.0001303236  -0.0001527234   0.0002972342
       -0.0000393120  -0.0000844466  -0.0000615679   0.0001713474  -0.0000343863
       -0.0000702220  -0.0000018626   0.0000033859  -0.0000039431  -0.0000128570
       -0.0000247611  -0.0000001094  -0.0000079702  -0.0000015283   0.0000240543
        0.0001238963  -0.0000291709  -0.0000069147   0.0005995068   0.0001027844
        0.0001315521  -0.0248793896  -0.0217659551   0.0014928021   0.0184595140
       -0.2041059805   0.0922389472  -0.0082907684  -0.0479806806  -0.0251432129
       -0.0107264134   0.0102361536   0.0086322778  -0.0014102904   0.0008130742
       -0.0017494644   0.0005923254   0.0000727643  -0.0004315558   0.0000526317
        0.0001391095  -0.0000319521  -0.0000310596   0.0000243845   0.0000435853
       -0.0000049574   0.0000319869   0.0000025017
        0.0000322262  -0.0000415626  -0.0000265254   0.0004810689   0.0001631372
        0.0003623355   0.0016789264  -0.0007904465   0.0000010061   0.0066458566
        0.0030286896   0.0011192055  -0.0033853920   0.0020598179  -0.0571795543
        0.0198921616  -0.0107907484   0.5122814241   0.0551168945  -0.0458922022
       -0.0830751994  -0.0303848353  -0.0264355187  -0.0275285729  -0.0001745987
        0.0002658902  -0.0000766127  -0.0000253268   0.0001183199  -0.0002159917
       -0.0002141067  -0.0000674751  -0.0002430452   0.0000697456  -0.0000222935
       -0.0000911256  -0.0000211348  -0.0000066998  -0.0000310216  -0.0000181619
       -0.0000186514   0.0000073824   0.0000170190   0.0000113288  -0.0000358800
       -0.0000829236  -0.0001292612  -0.0000020056   0.0009100265   0.0000876664
       -0.0001380873   0.0113238916   0.0096361738   0.0013991272  -0.0150585396
        0.0916070585  -0.0971145747  -0.0436776093  -0.0241021159  -0.2478889917
       -0.0007356881   0.0032050423  -0.0009126260  -0.0023303070  -0.0018143278
       -0.0004944372  -0.0002998627   0.0000149700  -0.0000946122   0.0001583765
       -0.0001284075  -0.0001109584   0.0000708704   0.0000337857   0.0000618226
        0.0000114226   0.0000078304   0.0000275187
        0.0003238128   0.0000844062   0.0000484797  -0.0002081541  -0.0003411943
       -0.0004074277  -0.0009246790   0.0014342166   0.0010390920  -0.0041298215
       -0.0049472675  -0.0014466336  -0.0393591853   0.0126191287   0.0114068874
       -0.1451012310   0.0735639166   0.0551168945   0.5185214286   0.1010839607
       -0.0397284150  -0.0017898950   0.0009627875   0.0030271281  -0.0003209157
       -0.0001351898   0.0003090659  -0.0004173798  -0.0004976507  -0.0006032053
       -0.0001340311  -0.0001582112   0.0001656723  -0.0005777269  -0.0000073044
        0.0001381332   0.0000129803   0.0000127480   0.0000137299  -0.0000044227
        0.0000016644   0.0000007202   0.0000839216  -0.0000844941  -0.0000109975
        0.0000205420  -0.0000040206  -0.0000352432   0.0006084182  -0.0001005268
       -0.0003685486   0.0017277935   0.0006049717   0.0001276575  -0.0136908064
        0.0169754813   0.0052926694  -0.0046722577   0.0047427196   0.0121312374
       -0.3116691328  -0.2062176664  -0.0460413203   0.0011074398   0.0001665743
       -0.0006564623   0.0003244607  -0.0002138726   0.0001605846   0.0001261223
        0.0003741642   0.0004057526  -0.0000269273   0.0000714004  -0.0000701789
        0.0001696466   0.0000092580  -0.0000152723
       -0.0000744518  -0.0000111422   0.0000111045  -0.0002207784  -0.0002012157
        0.0000144960  -0.0007251260   0.0000686855   0.0002378822  -0.0029814868
       -0.0026690733   0.0002491977  -0.0115846880   0.0079378934   0.0036906017
        0.0483352394  -0.1199830661  -0.0458922022   0.1010839607   0.3028719125
        0.1154031998  -0.0019715937   0.0030643894   0.0020161132   0.0015036184
        0.0011029937  -0.0010743583   0.0002097745   0.0004965114   0.0002161896
        0.0000838306   0.0002093580  -0.0000433651   0.0000951125   0.0000369132
        0.0000000945   0.0000055832  -0.0000069243   0.0000016555   0.0000404448
        0.0000419470  -0.0000135026  -0.0000722217   0.0000705782   0.0000074778
        0.0001271819   0.0002134755  -0.0000148366  -0.0002845371  -0.0000995007
        0.0001320329   0.0007977022   0.0015303080  -0.0003813874   0.0310198329
       -0.0236449095  -0.0147122352   0.0119696696  -0.0059264145  -0.0129219677
       -0.1783326325  -0.1627506276  -0.0477473046   0.0013956665  -0.0018520333
        0.0007451948  -0.0005052680  -0.0000201155   0.0001476167   0.0001341470
       -0.0003948747  -0.0000523990   0.0000049297  -0.0000848795  -0.0000110558
       -0.0000539099  -0.0000001888  -0.0000082425
       -0.0000505510  -0.0000063541  -0.0000554341  -0.0001181959   0.0000270444
       -0.0001307158  -0.0001936397  -0.0001442416  -0.0005397438  -0.0006398308
        0.0007492303   0.0002495839   0.0025883817  -0.0004434835  -0.0026151175
        0.0450277917  -0.0511419814  -0.0830751994  -0.0397284150   0.1154031998
        0.1115846691  -0.0037768344  -0.0002392265   0.0040667056   0.0001236999
       -0.0001729445   0.0003716449  -0.0000625681   0.0001693644   0.0008483905
        0.0001520888   0.0000352189   0.0002596506   0.0001204502   0.0000293086
        0.0000711218   0.0000487648  -0.0000034632   0.0000247069   0.0000036999
        0.0000016645  -0.0000141016  -0.0000120950  -0.0000047130   0.0000110429
        0.0000169904  -0.0000555761   0.0000242628  -0.0004754045   0.0001034802
        0.0004517740  -0.0007741783  -0.0007855933   0.0003332611  -0.0033866471
        0.0002520005   0.0075542028   0.0303781098  -0.0229116621  -0.0201151331
       -0.0314544740  -0.0424715047  -0.0185149841   0.0015200425   0.0017412450
       -0.0004106582   0.0002460213  -0.0000545119  -0.0000531078   0.0005364817
       -0.0000411615  -0.0002595436  -0.0000370801  -0.0000254512  -0.0000309677
       -0.0000526086  -0.0000098882  -0.0000363102
        0.0005940954  -0.0000136222  -0.0002083318   0.0006491720  -0.0001395318
       -0.0002145279   0.0000323124   0.0002172431  -0.0030648449   0.0007596522
        0.0072037998   0.0267330897  -0.0801250280   0.0024760455  -0.0122547427
       -0.0097259583  -0.0097639004  -0.0303848353  -0.0017898950  -0.0019715937
       -0.0037768344   0.4816088402  -0.0747837698  -0.0660572206   0.0022404781
       -0.0011894034  -0.0000977643  -0.0113555968   0.0025800335   0.0043636143
       -0.0000025186  -0.0000302565   0.0005817462  -0.0004048438   0.0000892288
        0.0002650861   0.0001351649  -0.0000245257   0.0000591971   0.0000442330
        0.0000358755  -0.0000397468   0.0000153261  -0.0000964390   0.0000082246
        0.0002042840  -0.0002047404   0.0000715374  -0.0041440280   0.0031038295
        0.0027263293   0.0024188984  -0.0000617554  -0.0078328360   0.0011590126
        0.0013462064   0.0002510081  -0.0055371180  -0.0040195215  -0.0016686028
        0.0007517135  -0.0002079609  -0.0011517513  -0.3760562560   0.0768520775
        0.0924285072  -0.0005930745  -0.0010109290  -0.0003630337  -0.0009239664
       -0.0003973222  -0.0001738417  -0.0000957511   0.0000319378  -0.0001376427
        0.0001408518  -0.0000210056  -0.0000617832
       -0.0000233037  -0.0000938639  -0.0000767177  -0.0001016138  -0.0002127492
       -0.0000947912  -0.0013475149  -0.0012872786   0.0000932120   0.0009502669
       -0.0054410719  -0.0170110867  -0.0064133055  -0.0610592630  -0.0323265476
       -0.0084178939  -0.0068388915  -0.0264355187   0.0009627875   0.0030643894
       -0.0002392265  -0.0747837698   0.0852370470   0.0918300589   0.0004508193
        0.0024714741  -0.0013715115   0.0023102859   0.0030804868  -0.0001883180
        0.0000771521   0.0003735056   0.0001127540   0.0000255428   0.0001218711
        0.0001010472   0.0000128619  -0.0000457952   0.0000366519   0.0000906403
        0.0000917865  -0.0000674366  -0.0002174772   0.0002357929   0.0000864471
        0.0003208658   0.0007382469  -0.0004349038   0.0023628954  -0.0012065730
       -0.0016804291   0.0020133090   0.0102730970   0.0191865418   0.0016556937
        0.0023283255  -0.0003019212  -0.0048002683  -0.0022577356  -0.0018287532
        0.0010403425  -0.0003636126   0.0002428536   0.0854241036  -0.0261362096
       -0.0305818824  -0.0017603323   0.0003350943   0.0001208574   0.0001918626
       -0.0032662817   0.0008564524   0.0000555410  -0.0001395171  -0.0000135998
       -0.0000794909  -0.0000022742  -0.0000142322
       -0.0003078681   0.0000021022  -0.0001864436  -0.0004434051   0.0003446937
       -0.0004385815  -0.0023497762  -0.0005817197  -0.0029174203   0.0044913384
       -0.0065479495  -0.0222698221  -0.0424276807  -0.0331941657  -0.2064557900
       -0.0109002957  -0.0144479014  -0.0275285729   0.0030271281   0.0020161132
        0.0040667056  -0.0660572206   0.0918300589   0.3664025398  -0.0005918879
       -0.0015657236   0.0039699083   0.0001500566  -0.0004053179   0.0042006843
        0.0004676214  -0.0000192675   0.0006900835   0.0002873640   0.0000607642
        0.0002353745   0.0001716172  -0.0000275427   0.0001107536  -0.0000031822
        0.0000052440  -0.0000413093  -0.0000903926  -0.0000194536   0.0000402958
       -0.0001992406  -0.0001502406   0.0000212299   0.0027243402  -0.0015887406
       -0.0005520559  -0.0065136537   0.0015556104  -0.0457501649   0.0003153920
        0.0002203692   0.0007018453  -0.0039434112  -0.0030885453   0.0002548436
        0.0015410176   0.0001426299  -0.0005475990   0.1182177558  -0.0344301417
       -0.0715752020   0.0008332491  -0.0007858152  -0.0008126948   0.0017527907
        0.0007279417  -0.0015022336  -0.0000242879  -0.0000190918  -0.0000045931
       -0.0001273687  -0.0000339106  -0.0001117808
        0.0009125205  -0.0001660126  -0.0003371080   0.0000463078   0.0006109651
       -0.0008675768  -0.0014632255  -0.0260198843   0.0095677570  -0.0553803729
        0.0098645387  -0.0157490331  -0.0044083575   0.0265072452  -0.0113752405
       -0.0003390290   0.0002432019  -0.0001745987  -0.0003209157   0.0015036184
        0.0001236999   0.0022404781   0.0004508193  -0.0005918879   0.1526053839
        0.0329571439   0.1781072978  -0.0001795428  -0.0061929924   0.0007527633
        0.0004534019  -0.0007972383   0.0013217331  -0.0005270162   0.0000384423
        0.0002918073   0.0000997570   0.0000189313   0.0001385321  -0.0001020847
       -0.0000861661   0.0000045285   0.0007943158  -0.0010932816   0.0000207986
       -0.0042780052  -0.0042925839  -0.0007120727   0.0004260154   0.0061748981
       -0.0058497839  -0.0045527988   0.0040133725   0.0011060869  -0.0001053823
        0.0013375854  -0.0003648368   0.0001364076   0.0003862865  -0.0002941655
        0.0005361366  -0.0003881697  -0.0000908056   0.0001223781  -0.0009632652
       -0.0006703558  -0.0853651455  -0.0442936812  -0.1542083913  -0.0017518502
        0.0000445081   0.0003543970   0.0000319469   0.0001069843  -0.0004029230
        0.0003686766   0.0000347341  -0.0001006217
        0.0006220581   0.0002192228  -0.0000820372   0.0019365667  -0.0024809864
       -0.0002805123  -0.0082949595  -0.0420985892   0.0160860741  -0.0065569106
       -0.2063290630   0.0449119236   0.0153282769  -0.0384641567   0.0142069394
       -0.0020024597  -0.0021014924   0.0002658902  -0.0001351898   0.0011029937
       -0.0001729445  -0.0011894034   0.0024714741  -0.0015657236   0.0329571439
        0.3533542080  -0.0259428504   0.0019313338   0.0025804852   0.0017820461
       -0.0002639522   0.0012364700  -0.0001685831  -0.0006961396   0.0003620382
        0.0002685543   0.0000478155  -0.0000481068   0.0000243281   0.0003296082
        0.0003777764  -0.0000822492  -0.0004767638   0.0011513329  -0.0001674643
       -0.0063829685  -0.0046645985  -0.0008645295   0.0010541093  -0.0020047866
        0.0082388084   0.0060536523  -0.0040299784  -0.0013213418   0.0002388098
        0.0007296432  -0.0005687236   0.0000024251  -0.0001285820   0.0002252032
        0.0001476314  -0.0000577605   0.0001797754  -0.0006317190  -0.0003625605
        0.0007255380  -0.0341270967  -0.0598420370  -0.0560218684   0.0001673151
       -0.0005258832   0.0004325597  -0.0000218844  -0.0003789255  -0.0001307085
       -0.0000372987  -0.0000681378   0.0000218960
       -0.0003210442  -0.0000353419  -0.0001615859  -0.0002937323   0.0008641255
       -0.0003270264   0.0020734976   0.0081815606  -0.0028810124  -0.0084418796
        0.0704581709  -0.1022268331  -0.0038715819   0.0027225163   0.0031136708
        0.0004155283   0.0017766981  -0.0000766127   0.0003090659  -0.0010743583
        0.0003716449  -0.0000977643  -0.0013715115   0.0039699083   0.1781072978
       -0.0259428504   0.4280044146  -0.0048298638  -0.0092532792   0.0024331222
        0.0004691413   0.0002003303   0.0001096186   0.0003650559   0.0000154602
        0.0001602435   0.0001327853  -0.0000235531   0.0000585903  -0.0000041649
       -0.0000421662  -0.0000576259  -0.0002013983  -0.0002088968   0.0002187750
        0.0007170794   0.0000435415   0.0007530201  -0.0042985803   0.0325688323
       -0.0209211627   0.0001326237  -0.0006762552   0.0007438562  -0.0005630488
       -0.0010483673   0.0004068539   0.0001827507  -0.0001740524   0.0000925734
       -0.0001222318   0.0001711926  -0.0001731548   0.0000150858   0.0009148079
        0.0001223107  -0.1596411870  -0.0790509391  -0.3135622053  -0.0001194127
        0.0010196971  -0.0001241271   0.0000212535  -0.0000391829   0.0000526271
       -0.0001352751   0.0000038210  -0.0000998831
       -0.0007261871   0.0000853065  -0.0000498785   0.0055106894  -0.0019409660
        0.0218357302  -0.0853110229   0.0137578078  -0.0316647373  -0.0133048497
       -0.0066594388  -0.0348582841   0.0010126794  -0.0000400201   0.0015579481
        0.0004865294  -0.0001303236  -0.0000253268  -0.0004173798   0.0002097745
       -0.0000625681  -0.0113555968   0.0023102859   0.0001500566  -0.0001795428
        0.0019313338  -0.0048298638   0.3993740945  -0.1273244020  -0.0728017594
       -0.0036623291   0.0020131936   0.0058567462   0.0005057696   0.0003228034
        0.0008015636  -0.0006532350  -0.0001265570   0.0013146340   0.0003168304
        0.0000439480  -0.0001999648   0.0001478339  -0.0003293943  -0.0002985443
       -0.0000848314   0.0028215834  -0.0108619029  -0.0054998912  -0.0035252061
       -0.0013109823   0.0000785802   0.0000052216  -0.0002616155   0.0000794921
        0.0001707449  -0.0000514559   0.0000587918   0.0000371082   0.0000062192
        0.0000723681  -0.0001727939  -0.0000658062  -0.0010904002  -0.0004555926
       -0.0009521214   0.0008880138   0.0030417303   0.0015983681  -0.2864203867
        0.1139240961   0.1245672790   0.0000830109   0.0001928680   0.0008795552
        0.0000909690  -0.0001631116  -0.0002732887
       -0.0004242466  -0.0001273921  -0.0003191452  -0.0025865198   0.0014091287
       -0.0119456239   0.0154990195  -0.0559935037   0.0097505979  -0.0084922868
       -0.0057105175  -0.0144351943   0.0003983249  -0.0009689477  -0.0001496878
        0.0004476663  -0.0001527234   0.0001183199  -0.0004976507   0.0004965114
        0.0001693644   0.0025800335   0.0030804868  -0.0004053179  -0.0061929924
        0.0025804852  -0.0092532792  -0.1273244020   0.1061155477   0.0473024309
        0.0024351707   0.0009175740  -0.0025888371  -0.0001942173   0.0004913929
        0.0005016366   0.0003714845  -0.0005583003   0.0002425020   0.0003576946
        0.0006146792  -0.0004320837  -0.0010586899   0.0014791337   0.0007590503
        0.0079953379  -0.0006596617   0.0322166948  -0.0025780856  -0.0012064652
       -0.0010740727  -0.0003357254   0.0004398132  -0.0001793406   0.0003114588
        0.0002662622  -0.0001075072   0.0000548589   0.0000427689   0.0000441362
        0.0000764274  -0.0000742897   0.0000301524   0.0000430851  -0.0005577501
        0.0002734045   0.0048070903   0.0036680151   0.0019615529   0.1146909105
       -0.0551069911  -0.0518616755  -0.0001448703  -0.0004688071  -0.0006838015
       -0.0002388760  -0.0000164494   0.0000657240
       -0.0013141168  -0.0004082827  -0.0013484933  -0.0002337042  -0.0006760962
       -0.0310043977  -0.0577007185   0.0149519879  -0.2146349442  -0.0173591766
       -0.0054027064  -0.0311767804   0.0015379697  -0.0014370490  -0.0032407609
        0.0005391343   0.0002972342  -0.0002159917  -0.0006032053   0.0002161896
        0.0008483905   0.0043636143  -0.0001883180   0.0042006843   0.0007527633
        0.0017820461   0.0024331222  -0.0728017594   0.0473024309   0.4238143668
        0.0054219653  -0.0023932116  -0.0035347454   0.0003742816   0.0002675451
        0.0009726317   0.0011200999  -0.0001464107   0.0005310041  -0.0003848352
        0.0001185261  -0.0001746517  -0.0002317282  -0.0001391336   0.0010866962
       -0.0092818385   0.0127627156  -0.0309022707  -0.0045269332  -0.0023830180
       -0.0003035456   0.0004133424  -0.0004531521   0.0002961880  -0.0000334223
       -0.0000164557  -0.0000383567   0.0003238587   0.0000606155   0.0003369876
        0.0000456229   0.0000445588  -0.0001739444  -0.0001181055   0.0002993467
       -0.0002821389   0.0009353298  -0.0007613759  -0.0002603279   0.1496450110
       -0.0631954051  -0.1157852219  -0.0004520827  -0.0004318358  -0.0010999644
       -0.0004313666  -0.0000707459  -0.0003435354
       -0.0133006050   0.0017180266  -0.0340174588  -0.0862208712   0.0043757761
       -0.0234756487   0.0043499936  -0.0043073527   0.0222131475  -0.0001601487
        0.0000501845   0.0002163181   0.0005987329   0.0000706170  -0.0004670748
        0.0004076300  -0.0000393120  -0.0002141067  -0.0001340311   0.0000838306
        0.0001520888  -0.0000025186   0.0000771521   0.0004676214   0.0004534019
       -0.0002639522   0.0004691413  -0.0036623291   0.0024351707   0.0054219653
        0.4544512452   0.0131641397  -0.0876922652  -0.0009809001  -0.0001477654
       -0.0046003746  -0.0065242730  -0.0031061207  -0.0025617457   0.0015429369
        0.0014267848   0.0005361169   0.0016189379   0.0034407809  -0.0077675777
        0.0009661111  -0.0009739212  -0.0003580893  -0.0004998002   0.0000510030
        0.0006247400   0.0000318800  -0.0000875810   0.0000306193  -0.0000042965
       -0.0000037839   0.0000066731   0.0000606054   0.0000186701   0.0000469317
        0.0000484647  -0.0000121895  -0.0000621822  -0.0000279861  -0.0000093456
       -0.0001090164  -0.0003304047   0.0000840104   0.0000621813   0.0002245415
       -0.0000160923   0.0010568718  -0.3531038560  -0.0175435348   0.1302474989
        0.0001975391  -0.0004851953  -0.0002263754
       -0.0045341802   0.0035558962  -0.0136431474   0.0085835816  -0.0573984439
        0.0268391245  -0.0021323022   0.0034925253  -0.0079591048  -0.0001680455
       -0.0007962382   0.0002889915  -0.0000845208  -0.0003912680   0.0002134082
        0.0001446396  -0.0000844466  -0.0000674751  -0.0001582112   0.0002093580
        0.0000352189  -0.0000302565   0.0003735056  -0.0000192675  -0.0007972383
        0.0012364700   0.0002003303   0.0020131936   0.0009175740  -0.0023932116
        0.0131641397   0.0512078436  -0.0479057893  -0.0002415955   0.0019096523
       -0.0000150346  -0.0030338103  -0.0001993392  -0.0016212935   0.0012119216
        0.0019075395  -0.0001979940   0.0063657571  -0.0028913964   0.0339791358
       -0.0015193647   0.0021385202   0.0003911996   0.0002836890  -0.0004816594
       -0.0000598398  -0.0002145371   0.0002719676  -0.0000074363   0.0001056780
        0.0000890271  -0.0000774022   0.0000341977  -0.0000249289   0.0000224436
        0.0000395442  -0.0000461175   0.0000140491   0.0000018445  -0.0001255965
        0.0000518623   0.0002480412  -0.0002974667  -0.0004093386  -0.0002444258
       -0.0003041099  -0.0002839512  -0.0184051296  -0.0040278504   0.0129737897
       -0.0006326104  -0.0002410178  -0.0003492678
       -0.0132457138  -0.0019578685  -0.0344243099  -0.0540693376   0.0214528688
       -0.2148418027  -0.0001337937   0.0008308246  -0.0327242756  -0.0017590803
        0.0000458036  -0.0015200164  -0.0002985422   0.0001032235  -0.0005652218
       -0.0002491376  -0.0000615679  -0.0002430452   0.0001656723  -0.0000433651
        0.0002596506   0.0005817462   0.0001127540   0.0006900835   0.0013217331
       -0.0001685831   0.0001096186   0.0058567462  -0.0025888371  -0.0035347454
       -0.0876922652  -0.0479057893   0.4172638950   0.0057912041   0.0011508931
        0.0059368685  -0.0055653382  -0.0026959624  -0.0011933947   0.0016337346
        0.0008923902   0.0009338427  -0.0090108128   0.0169396480  -0.0286423656
       -0.0009914328   0.0002271203   0.0015623538   0.0008295141   0.0001438958
        0.0005060529   0.0000592298  -0.0002165632   0.0000928149  -0.0000776779
       -0.0000522983   0.0000239862   0.0001440704   0.0000378581   0.0001551072
       -0.0000042690   0.0000580023  -0.0000888301  -0.0000050459  -0.0000027953
       -0.0000082392  -0.0006620057  -0.0002184694   0.0004281595  -0.0008457760
        0.0000678161  -0.0013098365   0.1578109404   0.0138808702  -0.1077225048
        0.0004156374  -0.0000318691  -0.0011438455
       -0.1443029655   0.0285053452   0.0889119847  -0.0474344048   0.0120731281
        0.0221462190  -0.0068432204  -0.0049439053  -0.0034649533  -0.0013498730
        0.0017825723   0.0011067761  -0.0003848960  -0.0007466342  -0.0002289598
        0.0002476318   0.0001713474   0.0000697456  -0.0005777269   0.0000951125
        0.0001204502  -0.0004048438   0.0000255428   0.0002873640  -0.0005270162
       -0.0006961396   0.0003650559   0.0005057696  -0.0001942173   0.0003742816
       -0.0009809001  -0.0002415955   0.0057912041   0.2371753192  -0.1174993135
       -0.1285209423  -0.0022822588   0.0025087759   0.0110923611  -0.0076370692
        0.0090746820   0.0045882208   0.0024648491   0.0012318609   0.0000228184
        0.0002283865  -0.0003400611   0.0000059618   0.0002162153   0.0001568999
        0.0002288507   0.0000517694  -0.0000670477   0.0000281631   0.0000052180
        0.0000310699   0.0000031868   0.0000015352   0.0000156427   0.0000242481
       -0.0000176805  -0.0000506621  -0.0000104113   0.0000320958   0.0000444420
       -0.0000903966   0.0002915879   0.0004054923  -0.0003393340   0.0001421393
        0.0000473307  -0.0005220723   0.0040967523   0.0001239390   0.0008415683
       -0.0327164142   0.0684863927  -0.0028313909
        0.0481906942  -0.0866686200  -0.0302926746  -0.0048563880   0.0051551758
        0.0034792899  -0.0020853765  -0.0001305031  -0.0006527801  -0.0001576598
       -0.0000162521   0.0000424766  -0.0001672699  -0.0000909362  -0.0000294293
       -0.0000109927  -0.0000343863  -0.0000222935  -0.0000073044   0.0000369132
        0.0000293086   0.0000892288   0.0001218711   0.0000607642   0.0000384423
        0.0003620382   0.0000154602   0.0003228034   0.0004913929   0.0002675451
       -0.0001477654   0.0019096523   0.0011508931  -0.1174993135   0.4942749679
       -0.0729076390   0.0010173015   0.0022453385  -0.0046158845   0.0276663011
       -0.0181496441  -0.0201070011  -0.0005449927   0.0017413348   0.0002982466
       -0.0003470774   0.0002112092   0.0000587927   0.0000887149   0.0000347117
        0.0000388871  -0.0000179023   0.0000164963   0.0000051340   0.0000155189
        0.0000104858  -0.0000155692   0.0000228518   0.0000066694   0.0000168318
       -0.0000002597  -0.0000195494  -0.0000048291  -0.0000312606  -0.0000526676
        0.0000124928  -0.0000095233  -0.0001623441  -0.0000701927  -0.0000972773
       -0.0002050337   0.0001060498  -0.0000830485  -0.0019001709   0.0012166545
        0.0486115549  -0.3991881497   0.1219194659
        0.0828126934  -0.0099333951  -0.1236746339   0.0081051961  -0.0017442800
       -0.0058402864   0.0002308934   0.0012369284  -0.0000957398   0.0001839884
       -0.0004028439  -0.0004125605  -0.0000011266   0.0001571283  -0.0001781395
       -0.0000536512  -0.0000702220  -0.0000911256   0.0001381332   0.0000000945
        0.0000711218   0.0002650861   0.0001010472   0.0002353745   0.0002918073
        0.0002685543   0.0001602435   0.0008015636   0.0005016366   0.0009726317
       -0.0046003746  -0.0000150346   0.0059368685  -0.1285209423  -0.0729076390
        0.2033407367   0.0313261875  -0.0148648708  -0.0300009129  -0.0012789815
       -0.0018118985   0.0031942500  -0.0007536863   0.0000868992  -0.0000801946
       -0.0001450183   0.0000273537   0.0000552065   0.0001608875   0.0000256864
        0.0000622358   0.0000016100  -0.0000196805   0.0000234191  -0.0000117908
       -0.0000170242  -0.0000002470   0.0000491928   0.0000070199   0.0000399245
        0.0000147113   0.0000286687  -0.0000279749  -0.0000237180  -0.0000282665
        0.0000000937  -0.0002989593  -0.0002784276   0.0000270086  -0.0000435767
       -0.0002200662   0.0001761233   0.0038642056  -0.0005601967   0.0009412722
        0.0074856692   0.1004328285  -0.0548346952
       -0.0518078930   0.0071485233  -0.0522685627  -0.0064249354   0.0036947632
       -0.0225658055   0.0000871438  -0.0001416672  -0.0014432466  -0.0000028049
        0.0000314780   0.0000139392   0.0000070771  -0.0000038311  -0.0001383099
        0.0000381266  -0.0000018626  -0.0000211348   0.0000129803   0.0000055832
        0.0000487648   0.0001351649   0.0000128619   0.0001716172   0.0000997570
        0.0000478155   0.0001327853  -0.0006532350   0.0003714845   0.0011200999
       -0.0065242730  -0.0030338103  -0.0055653382  -0.0022822588   0.0010173015
        0.0313261875   0.0649927799  -0.0096765774   0.0509535659   0.0008351302
        0.0006305717  -0.0028079695   0.0006670672   0.0003313614  -0.0000377849
        0.0000347668  -0.0001310098   0.0000750652   0.0002238757   0.0001139540
        0.0000844088   0.0000434554  -0.0000386166   0.0000113843  -0.0000147681
       -0.0000122165   0.0000014806   0.0000366269   0.0000090801   0.0000212056
        0.0000000100  -0.0000002100  -0.0000199031   0.0000179612   0.0000016172
       -0.0000125814  -0.0001937898  -0.0001428091  -0.0000435894   0.0000302564
       -0.0002317694   0.0000252087  -0.0002670815   0.0000275746   0.0004684005
        0.0009088602  -0.0000295899   0.0004701126
        0.0071492184  -0.0515609881   0.0352214376  -0.0047989015   0.0016778820
       -0.0117650804   0.0004611661   0.0002358781   0.0001726931  -0.0000759166
       -0.0000312439  -0.0000182539   0.0000143728   0.0000305890   0.0000424978
       -0.0000028917   0.0000033859  -0.0000066998   0.0000127480  -0.0000069243
       -0.0000034632  -0.0000245257  -0.0000457952  -0.0000275427   0.0000189313
       -0.0000481068  -0.0000235531  -0.0001265570  -0.0005583003  -0.0001464107
       -0.0031061207  -0.0001993392  -0.0026959624   0.0025087759   0.0022453385
       -0.0148648708  -0.0096765774   0.0549819835  -0.0326658889   0.0080736628
       -0.0076168772   0.0297772497  -0.0001499193   0.0001325659  -0.0005635586
        0.0000001712  -0.0000668864   0.0000677135   0.0000072964  -0.0000328023
       -0.0000101823   0.0000001390  -0.0000119885  -0.0000007710  -0.0000020766
        0.0000005327  -0.0000012783   0.0000007849  -0.0000057097   0.0000000659
       -0.0000006723  -0.0000002936  -0.0000000787   0.0000071604   0.0000135120
        0.0000009168  -0.0000649257   0.0000618519   0.0000131477   0.0001272909
        0.0001726433  -0.0000375607   0.0002113530  -0.0001512622  -0.0001648846
       -0.0005639864   0.0007803548  -0.0022996820
       -0.0528726497   0.0321604933  -0.2463300741  -0.0058563782   0.0015940992
       -0.0108764151  -0.0005342717   0.0000319990  -0.0006680037  -0.0000582877
        0.0000463750  -0.0001383793   0.0000408255   0.0000065424  -0.0000928077
        0.0000419560  -0.0000039431  -0.0000310216   0.0000137299   0.0000016555
        0.0000247069   0.0000591971   0.0000366519   0.0001107536   0.0001385321
        0.0000243281   0.0000585903   0.0013146340   0.0002425020   0.0005310041
       -0.0025617457  -0.0016212935  -0.0011933947   0.0110923611  -0.0046158845
       -0.0300009129   0.0509535659  -0.0326658889   0.2961387324  -0.0031569869
        0.0046734521  -0.0090689846   0.0005309625   0.0001036502   0.0002807584
       -0.0000475644  -0.0000227297  -0.0001656789   0.0000982104   0.0000447759
       -0.0000001834   0.0000113035  -0.0000153869  -0.0000036936  -0.0000092527
       -0.0000056453   0.0000034612   0.0000149057   0.0000061047   0.0000079767
        0.0000039291   0.0000039196  -0.0000118660   0.0000101603  -0.0000064616
       -0.0000121009  -0.0001188274  -0.0000641381   0.0000452403   0.0003460563
       -0.0001924301  -0.0001063858   0.0002769930  -0.0000556363   0.0002319007
        0.0002686421   0.0002928890   0.0012667775
       -0.0409406184   0.0098724293  -0.0049695761  -0.0022909389  -0.0262503540
        0.0048488143   0.0009500935  -0.0014022080   0.0000070855   0.0001483315
       -0.0000231072  -0.0000468122   0.0000066956  -0.0000270544   0.0000628781
        0.0000176776  -0.0000128570  -0.0000181619  -0.0000044227   0.0000404448
        0.0000036999   0.0000442330   0.0000906403  -0.0000031822  -0.0001020847
        0.0003296082  -0.0000041649   0.0003168304   0.0003576946  -0.0003848352
        0.0015429369   0.0012119216   0.0016337346  -0.0076370692   0.0276663011
       -0.0012789815   0.0008351302   0.0080736628  -0.0031569869   0.0547097451
       -0.0202909095   0.0011101543  -0.0044061568  -0.0030684451  -0.0013161330
       -0.0005874837   0.0002995780  -0.0000143642   0.0000889598  -0.0000061131
        0.0000604712  -0.0000387890   0.0000273030  -0.0000038139   0.0000304733
        0.0000221084  -0.0000162193   0.0000069850   0.0000006194   0.0000058934
        0.0000069047  -0.0000081848   0.0000021161  -0.0000110456  -0.0000335445
        0.0000106724   0.0000115855  -0.0000608542  -0.0001082603  -0.0001538346
       -0.0001203538   0.0000511503   0.0002008826   0.0000662365  -0.0000990000
       -0.0027450211   0.0032454372   0.0036238214
        0.0136035421  -0.2614526618   0.0488829032  -0.0045444468  -0.0201787745
        0.0037057466   0.0006717529   0.0002422751  -0.0000444936   0.0001816041
       -0.0001916407  -0.0000695844   0.0000403892  -0.0000042023   0.0000192847
        0.0000502491  -0.0000247611  -0.0000186514   0.0000016644   0.0000419470
        0.0000016645   0.0000358755   0.0000917865   0.0000052440  -0.0000861661
        0.0003777764  -0.0000421662   0.0000439480   0.0006146792   0.0001185261
        0.0014267848   0.0019075395   0.0008923902   0.0090746820  -0.0181496441
       -0.0018118985   0.0006305717  -0.0076168772   0.0046734521  -0.0202909095
        0.3073588507  -0.0522142545  -0.0027470187  -0.0013617781  -0.0010574228
       -0.0003628648   0.0004306452  -0.0000053094   0.0000589374  -0.0000138197
        0.0000228748  -0.0000299837   0.0000476245  -0.0000033884   0.0000228754
        0.0000103285  -0.0000124796   0.0000038887   0.0000010917   0.0000015164
        0.0000059999  -0.0000145445   0.0000003412  -0.0000017943  -0.0000323266
        0.0000089639   0.0000598999  -0.0001108959  -0.0000949011   0.0000383129
       -0.0002409327   0.0000128464   0.0000733571  -0.0008061475  -0.0005999398
        0.0020388488  -0.0009255376  -0.0023712644
       -0.0060184235   0.0535327341  -0.0571817547  -0.0001643666  -0.0063330812
        0.0018603615   0.0004296986   0.0005157727   0.0002870087  -0.0000218135
       -0.0000163575  -0.0000195160   0.0000148187   0.0000293348   0.0000474275
       -0.0000064563  -0.0000001094   0.0000073824   0.0000007202  -0.0000135026
       -0.0000141016  -0.0000397468  -0.0000674366  -0.0000413093   0.0000045285
       -0.0000822492  -0.0000576259  -0.0001999648  -0.0004320837  -0.0001746517
        0.0005361169  -0.0001979940   0.0009338427   0.0045882208  -0.0201070011
        0.0031942500  -0.0028079695   0.0297772497  -0.0090689846   0.0011101543
       -0.0522142545   0.0613602038  -0.0008106207  -0.0009461554   0.0002694993
        0.0002111501  -0.0000968116   0.0001561085  -0.0000280857  -0.0000454845
       -0.0000011339   0.0000104305  -0.0000082309   0.0000062135  -0.0000089365
       -0.0000030574  -0.0000032451  -0.0000065428  -0.0000068908  -0.0000034635
        0.0000036153   0.0000066486   0.0000059823   0.0000139661   0.0000184271
       -0.0000035314  -0.0000194280   0.0000598432   0.0000532366   0.0002069971
        0.0001280156  -0.0000736586  -0.0000907873  -0.0005419451  -0.0004275749
        0.0030927247  -0.0029553802  -0.0011109655
       -0.0026336984  -0.0268384439   0.0030916523  -0.0437560511   0.0097691946
        0.0017353610  -0.0051029629   0.0253060110  -0.0017202318   0.0002400040
        0.0015937761  -0.0001821544   0.0002784599  -0.0000010503  -0.0000167903
        0.0000102868  -0.0000079702   0.0000170190   0.0000839216  -0.0000722217
       -0.0000120950   0.0000153261  -0.0002174772  -0.0000903926   0.0007943158
       -0.0004767638  -0.0002013983   0.0001478339  -0.0010586899  -0.0002317282
        0.0016189379   0.0063657571  -0.0090108128   0.0024648491  -0.0005449927
       -0.0007536863   0.0006670672  -0.0001499193   0.0005309625  -0.0044061568
       -0.0027470187  -0.0008106207   0.0543056512  -0.0147961099   0.0040798946
       -0.0037776103   0.0026694153   0.0024712236  -0.0001794416   0.0001338260
       -0.0001746892   0.0001555719  -0.0001501602   0.0000094898  -0.0000731082
       -0.0000285798   0.0000380613   0.0000043723   0.0000050964  -0.0000100130
       -0.0000079161  -0.0000008740  -0.0000188984   0.0000152156   0.0000448316
       -0.0000695693  -0.0005014314   0.0002675509   0.0007953140   0.0001842105
        0.0000087208  -0.0001086347  -0.0001915614   0.0001923052   0.0005871429
       -0.0003560857   0.0007337867   0.0000555939
       -0.0030401908  -0.0207300682   0.0010672443   0.0104199849  -0.2347940817
        0.0309496329   0.0060781944  -0.0183622574   0.0007030965  -0.0007535515
       -0.0007829571   0.0006743903  -0.0001060987  -0.0002403721   0.0001591056
       -0.0000461861  -0.0000015283   0.0000113288  -0.0000844941   0.0000705782
       -0.0000047130  -0.0000964390   0.0002357929  -0.0000194536  -0.0010932816
        0.0011513329  -0.0002088968  -0.0003293943   0.0014791337  -0.0001391336
        0.0034407809  -0.0028913964   0.0169396480   0.0012318609   0.0017413348
        0.0000868992   0.0003313614   0.0001325659   0.0001036502  -0.0030684451
       -0.0013617781  -0.0009461554  -0.0147961099   0.2764745100  -0.0483596311
        0.0022058147  -0.0011054138  -0.0014048607   0.0001388447  -0.0000961217
        0.0001488404  -0.0001166311   0.0001175496  -0.0000357120   0.0000494509
        0.0000475094  -0.0000295711   0.0000001122  -0.0000081623   0.0000054683
        0.0000049927  -0.0000112338   0.0000222322  -0.0000427968  -0.0000582145
        0.0000707051   0.0004941641  -0.0000377533  -0.0004290668  -0.0004434129
       -0.0000946446   0.0002115433   0.0004752015  -0.0008455233   0.0001756434
       -0.0008537313  -0.0000288008   0.0002477656
       -0.0001579777  -0.0055093715   0.0023527854   0.0009082695   0.0341957136
       -0.0432554046   0.0027134972  -0.0141268738   0.0027518056  -0.0005690615
        0.0001318771   0.0004312445  -0.0001499548  -0.0000036128  -0.0001419167
        0.0000152950   0.0000240543  -0.0000358800  -0.0000109975   0.0000074778
        0.0000110429   0.0000082246   0.0000864471   0.0000402958   0.0000207986
       -0.0001674643   0.0002187750  -0.0002985443   0.0007590503   0.0010866962
       -0.0077675777   0.0339791358  -0.0286423656   0.0000228184   0.0002982466
       -0.0000801946  -0.0000377849  -0.0005635586   0.0002807584  -0.0013161330
       -0.0010574228   0.0002694993   0.0040798946  -0.0483596311   0.0676621471
        0.0024099413  -0.0014559266  -0.0015511282  -0.0001247614   0.0002079182
       -0.0002041149  -0.0000685318   0.0000355093  -0.0000362576   0.0000279777
        0.0000071352   0.0000036003  -0.0000016865   0.0000135287  -0.0000027519
        0.0000081262   0.0000051366  -0.0000007151   0.0000066850  -0.0000357356
        0.0000065207   0.0003010184  -0.0002288629  -0.0004466258  -0.0000025607
       -0.0000657369   0.0001220856  -0.0003862171   0.0017072307  -0.0009975554
        0.0003692424   0.0001157359   0.0001576536
        0.0008018992   0.0014488665   0.0000077971  -0.0064554571   0.0249320868
       -0.0033589715  -0.0462066783   0.0274481573  -0.0052392317   0.0008576229
       -0.0203893946   0.0050585852   0.0001608230  -0.0017023118   0.0005765507
        0.0001427271   0.0001238963  -0.0000829236   0.0000205420   0.0001271819
        0.0000169904   0.0002042840   0.0003208658  -0.0001992406  -0.0042780052
       -0.0063829685   0.0007170794  -0.0000848314   0.0079953379  -0.0092818385
        0.0009661111  -0.0015193647  -0.0009914328   0.0002283865  -0.0003470774
       -0.0001450183   0.0000347668   0.0000001712  -0.0000475644  -0.0005874837
       -0.0003628648   0.0002111501  -0.0037776103   0.0022058147   0.0024099413
        0.0581836200  -0.0333042149   0.0103964715  -0.0000827575  -0.0000191399
        0.0000016076  -0.0009721994   0.0000655456  -0.0002327879   0.0001714657
        0.0000965810  -0.0000609626   0.0000547565   0.0000144087   0.0000359994
        0.0000506007  -0.0000152001   0.0000018979  -0.0000376892  -0.0001473049
        0.0000292552   0.0000454129   0.0001085306  -0.0002139612   0.0003801606
       -0.0007824910   0.0006351557   0.0000371714   0.0002878741  -0.0002291307
        0.0001423616  -0.0002029856  -0.0000154178
       -0.0005503258   0.0002964145   0.0004181961   0.0065002584  -0.0179743307
        0.0019111606   0.0256690565  -0.2327478946   0.0494233520   0.0001591786
       -0.0196007444   0.0043415957   0.0010279435  -0.0000718523   0.0002984830
        0.0001702683  -0.0000291709  -0.0001292612  -0.0000040206   0.0002134755
       -0.0000555761  -0.0002047404   0.0007382469  -0.0001502406  -0.0042925839
       -0.0046645985   0.0000435415   0.0028215834  -0.0006596617   0.0127627156
       -0.0009739212   0.0021385202   0.0002271203  -0.0003400611   0.0002112092
        0.0000273537  -0.0001310098  -0.0000668864  -0.0000227297   0.0002995780
        0.0004306452  -0.0000968116   0.0026694153  -0.0011054138  -0.0014559266
       -0.0333042149   0.2716051705  -0.0672974346  -0.0002106342  -0.0003050715
       -0.0002456495  -0.0004229168   0.0006702189  -0.0002213692   0.0002183006
        0.0001312957  -0.0000898169   0.0000209996  -0.0000112601  -0.0000226400
        0.0000969783  -0.0000372595   0.0000214485   0.0001434244  -0.0002332889
        0.0000860035   0.0005395234   0.0004814908  -0.0001344805   0.0005908245
        0.0009854446   0.0000771779  -0.0003265502  -0.0004603541   0.0002442639
       -0.0001663539   0.0000656554   0.0000395239
       -0.0006169854  -0.0002592313   0.0000040670   0.0036318299  -0.0133799567
        0.0031337030  -0.0048620871   0.0512452556  -0.0514682578   0.0012012641
       -0.0012331410   0.0022774530   0.0003721126   0.0003398913   0.0002281770
       -0.0000281369  -0.0000069147  -0.0000020056  -0.0000352432  -0.0000148366
        0.0000242628   0.0000715374  -0.0004349038   0.0000212299  -0.0007120727
       -0.0008645295   0.0007530201  -0.0108619029   0.0322166948  -0.0309022707
       -0.0003580893   0.0003911996   0.0015623538   0.0000059618   0.0000587927
        0.0000552065   0.0000750652   0.0000677135  -0.0001656789  -0.0000143642
       -0.0000053094   0.0001561085   0.0024712236  -0.0014048607  -0.0015511282
        0.0103964715  -0.0672974346   0.0763499161   0.0001191920  -0.0000033988
        0.0000910125   0.0000304264  -0.0000387319   0.0002495917  -0.0000189106
       -0.0000274949  -0.0000209561  -0.0000239076  -0.0000392635   0.0000116681
       -0.0000144492  -0.0000033363  -0.0000089953  -0.0000189880   0.0001200041
       -0.0000811501  -0.0003831215  -0.0002749400  -0.0004400434  -0.0004481499
        0.0010183775  -0.0003152953   0.0000752744  -0.0001865132   0.0000908086
       -0.0000539503   0.0000168679  -0.0000527969
        0.0001907735   0.0000811356  -0.0000166688  -0.0000763936  -0.0004201842
       -0.0020429429  -0.0033276947  -0.0049932640  -0.0210249732  -0.0423972583
       -0.0038966613  -0.0178016595   0.0003559057   0.0057618854   0.0211056473
       -0.0000612262   0.0005995068   0.0009100265   0.0006084182  -0.0002845371
       -0.0004754045  -0.0041440280   0.0023628954   0.0027243402   0.0004260154
        0.0010541093  -0.0042985803  -0.0054998912  -0.0025780856  -0.0045269332
       -0.0004998002   0.0002836890   0.0008295141   0.0002162153   0.0000887149
        0.0001608875   0.0002238757   0.0000072964   0.0000982104   0.0000889598
        0.0000589374  -0.0000280857  -0.0001794416   0.0001388447  -0.0001247614
       -0.0000827575  -0.0002106342   0.0001191920   0.0536724113   0.0010406763
        0.0245070777   0.0004467625  -0.0001589337   0.0001814069   0.0000009866
       -0.0000974081  -0.0000254663  -0.0008072335   0.0000136597  -0.0001102052
       -0.0000058570  -0.0000570952   0.0000291336  -0.0000232357   0.0006507297
        0.0011649840   0.0008759912   0.0006132915  -0.0015238137  -0.0002331690
        0.0001437795   0.0002430774   0.0003075614  -0.0001842087  -0.0000030194
       -0.0000758902  -0.0000181394  -0.0000709835
        0.0000293706  -0.0000799322  -0.0000359792   0.0005995988   0.0008661824
       -0.0003027276  -0.0023157207  -0.0020583505  -0.0138697757  -0.0042654946
       -0.0483521721  -0.0473494568   0.0003450432  -0.0026614998  -0.0135729077
       -0.0003017995   0.0001027844   0.0000876664  -0.0001005268  -0.0000995007
        0.0001034802   0.0031038295  -0.0012065730  -0.0015887406   0.0061748981
       -0.0020047866   0.0325688323  -0.0035252061  -0.0012064652  -0.0023830180
        0.0000510030  -0.0004816594   0.0001438958   0.0001568999   0.0000347117
        0.0000256864   0.0001139540  -0.0000328023   0.0000447759  -0.0000061131
       -0.0000138197  -0.0000454845   0.0001338260  -0.0000961217   0.0002079182
       -0.0000191399  -0.0003050715  -0.0000033988   0.0010406763   0.0619487042
        0.0430353804   0.0000124762  -0.0002734840  -0.0005336430  -0.0000395755
       -0.0001292081   0.0001737858   0.0000082932   0.0002076586   0.0000454773
       -0.0000171226   0.0000671681   0.0000118048  -0.0000304417  -0.0003260682
       -0.0007866926  -0.0011457449  -0.0039748852   0.0039339335  -0.0001588464
       -0.0000379809   0.0000951488   0.0001698456   0.0001293544  -0.0000032585
       -0.0000139826  -0.0000161828  -0.0000027029
       -0.0000738726   0.0000829449  -0.0002379463   0.0002470118   0.0002995053
       -0.0002148631  -0.0032193355  -0.0030471007  -0.0083184677  -0.0199120908
       -0.0440558474  -0.2597167481   0.0010603578  -0.0049668132  -0.0145135447
       -0.0001363689   0.0001315521  -0.0001380873  -0.0003685486   0.0001320329
        0.0004517740   0.0027263293  -0.0016804291  -0.0005520559  -0.0058497839
        0.0082388084  -0.0209211627  -0.0013109823  -0.0010740727  -0.0003035456
        0.0006247400  -0.0000598398   0.0005060529   0.0002288507   0.0000388871
        0.0000622358   0.0000844088  -0.0000101823  -0.0000001834   0.0000604712
        0.0000228748  -0.0000011339  -0.0001746892   0.0001488404  -0.0002041149
        0.0000016076  -0.0002456495   0.0000910125   0.0245070777   0.0430353804
        0.3067602042  -0.0003064108   0.0000952710   0.0004752078  -0.0000778832
        0.0000711345  -0.0001976325   0.0003279570   0.0000327785   0.0004856348
       -0.0000659462   0.0000361764  -0.0000428445  -0.0002154471  -0.0002917156
       -0.0005982171   0.0016127393   0.0028728834  -0.0026867054  -0.0001000634
        0.0001588330  -0.0000377613   0.0003657000   0.0000453864  -0.0001086841
       -0.0000358285  -0.0000116392  -0.0000384233
        0.0000290567  -0.0000024582  -0.0000127184   0.0000384779  -0.0000240825
        0.0000147159   0.0002699507   0.0014426087  -0.0005561121  -0.0032857759
        0.0186141094  -0.0098244844  -0.0444481838   0.0175172581  -0.0087216210
       -0.0014205377  -0.0248793896   0.0113238916   0.0017277935   0.0007977022
       -0.0007741783   0.0024188984   0.0020133090  -0.0065136537  -0.0045527988
        0.0060536523   0.0001326237   0.0000785802  -0.0003357254   0.0004133424
        0.0000318800  -0.0002145371   0.0000592298   0.0000517694  -0.0000179023
        0.0000016100   0.0000434554   0.0000001390   0.0000113035  -0.0000387890
       -0.0000299837   0.0000104305   0.0001555719  -0.0001166311  -0.0000685318
       -0.0009721994  -0.0004229168   0.0000304264   0.0004467625   0.0000124762
       -0.0003064108   0.0526641037  -0.0174517757   0.0138671912  -0.0045880364
       -0.0030604764  -0.0001871322   0.0007603355   0.0000599675   0.0005433364
        0.0003817950  -0.0000218528   0.0000305704   0.0001997664  -0.0003044225
        0.0006590625  -0.0000131666   0.0001690539   0.0001978996  -0.0000161792
        0.0001449226  -0.0003020718   0.0000190344   0.0000664594  -0.0000175565
        0.0000184353  -0.0000095044  -0.0000111628
       -0.0000453907  -0.0000094780   0.0000329416   0.0000246007  -0.0001560993
        0.0000584172  -0.0007210319  -0.0000903659   0.0004815847   0.0031674307
       -0.0150343393   0.0079967361   0.0166104353  -0.1927205304   0.0894296562
       -0.0029021404  -0.0217659551   0.0096361738   0.0006049717   0.0015303080
       -0.0007855933  -0.0000617554   0.0102730970   0.0015556104   0.0040133725
       -0.0040299784  -0.0006762552   0.0000052216   0.0004398132  -0.0004531521
       -0.0000875810   0.0002719676  -0.0002165632  -0.0000670477   0.0000164963
       -0.0000196805  -0.0000386166  -0.0000119885  -0.0000153869   0.0000273030
        0.0000476245  -0.0000082309  -0.0001501602   0.0001175496   0.0000355093
        0.0000655456   0.0006702189  -0.0000387319  -0.0001589337  -0.0002734840
        0.0000952710  -0.0174517757   0.2229538354  -0.1069390818  -0.0037154927
       -0.0022406150  -0.0003793372   0.0004268320   0.0000746415   0.0000835284
        0.0006201479   0.0000440204   0.0001923696   0.0002482988   0.0003906219
       -0.0001088516  -0.0002602033  -0.0000849735  -0.0002167670  -0.0001166987
       -0.0003305826   0.0002091828  -0.0000264669  -0.0000828182   0.0000342581
       -0.0000108649   0.0000010138   0.0000163922
        0.0000276130   0.0000252324  -0.0000451308   0.0000021557  -0.0000715669
        0.0000000781  -0.0002119220   0.0001429872  -0.0002945702   0.0005843481
       -0.0033493891   0.0028906256  -0.0074441420   0.0926634423  -0.0890742675
        0.0002292052   0.0014928021   0.0013991272   0.0001276575  -0.0003813874
        0.0003332611  -0.0078328360   0.0191865418  -0.0457501649   0.0011060869
       -0.0013213418   0.0007438562  -0.0002616155  -0.0001793406   0.0002961880
        0.0000306193  -0.0000074363   0.0000928149   0.0000281631   0.0000051340
        0.0000234191   0.0000113843  -0.0000007710  -0.0000036936  -0.0000038139
       -0.0000033884   0.0000062135   0.0000094898  -0.0000357120  -0.0000362576
       -0.0002327879  -0.0002213692   0.0002495917   0.0001814069  -0.0005336430
        0.0004752078   0.0138671912  -0.1069390818   0.1290311048  -0.0003619006
       -0.0005442053   0.0007653684  -0.0002255965  -0.0007404820   0.0005298683
       -0.0002687180  -0.0001182216  -0.0001945197  -0.0003072731   0.0009010215
       -0.0009210723   0.0003013232  -0.0002292203  -0.0000434642   0.0006333649
        0.0002711552  -0.0004431942   0.0000188670  -0.0000008961  -0.0000205792
       -0.0000082705  -0.0000108635  -0.0000098104
        0.0000068341  -0.0000053849  -0.0000063796   0.0000399388  -0.0000479180
        0.0000698697   0.0000886545   0.0000446599  -0.0000240893   0.0007007643
       -0.0012053066   0.0004746513  -0.0000021815  -0.0225943713   0.0126481291
       -0.0428164655   0.0184595140  -0.0150585396  -0.0136908064   0.0310198329
       -0.0033866471   0.0011590126   0.0016556937   0.0003153920  -0.0001053823
        0.0002388098  -0.0005630488   0.0000794921   0.0003114588  -0.0000334223
       -0.0000042965   0.0001056780  -0.0000776779   0.0000052180   0.0000155189
       -0.0000117908  -0.0000147681  -0.0000020766  -0.0000092527   0.0000304733
        0.0000228754  -0.0000089365  -0.0000731082   0.0000494509   0.0000279777
        0.0001714657   0.0002183006  -0.0000189106   0.0000009866  -0.0000395755
       -0.0000778832  -0.0045880364  -0.0037154927  -0.0003619006   0.0590237297
       -0.0310267820   0.0123548458   0.0011073509   0.0055935762  -0.0057503667
       -0.0002617046   0.0012726518  -0.0005587888  -0.0002257387   0.0000016345
        0.0000671432  -0.0006710686  -0.0001434232  -0.0001038576   0.0000563157
       -0.0001999668   0.0000878110  -0.0000043039  -0.0000318813  -0.0000031969
       -0.0000123758   0.0000025235   0.0000088692
        0.0000387391  -0.0000153513  -0.0000137216   0.0001089198   0.0000014750
        0.0000463060   0.0000436022  -0.0002955490   0.0000966338   0.0008455469
       -0.0007670671   0.0004038187  -0.0041589386  -0.0204975568   0.0107281393
        0.0183615042  -0.2041059805   0.0916070585   0.0169754813  -0.0236449095
        0.0002520005   0.0013462064   0.0023283255   0.0002203692   0.0013375854
        0.0007296432  -0.0010483673   0.0001707449   0.0002662622  -0.0000164557
       -0.0000037839   0.0000890271  -0.0000522983   0.0000310699   0.0000104858
       -0.0000170242  -0.0000122165   0.0000005327  -0.0000056453   0.0000221084
        0.0000103285  -0.0000030574  -0.0000285798   0.0000475094   0.0000071352
        0.0000965810   0.0001312957  -0.0000274949  -0.0000974081  -0.0001292081
        0.0000711345  -0.0030604764  -0.0022406150  -0.0005442053  -0.0310267820
        0.2465047509  -0.1031659833  -0.0003834585   0.0016425161   0.0016765618
       -0.0001991029   0.0010130387  -0.0004673411   0.0001571917  -0.0009337333
        0.0000195530  -0.0004916834   0.0000891832   0.0001695278  -0.0000741642
       -0.0002093075   0.0000612245   0.0000118055  -0.0000320350  -0.0000023570
       -0.0000104921   0.0000069392   0.0000044888
       -0.0000114765   0.0000031073   0.0000119500  -0.0000427975   0.0000516911
       -0.0000241121  -0.0000233718   0.0000491875  -0.0000723286   0.0003087888
        0.0010021754  -0.0000728077   0.0013171781  -0.0007054476   0.0014915967
       -0.0147308549   0.0922389472  -0.0971145747   0.0052926694  -0.0147122352
        0.0075542028   0.0002510081  -0.0003019212   0.0007018453  -0.0003648368
       -0.0005687236   0.0004068539  -0.0000514559  -0.0001075072  -0.0000383567
        0.0000066731  -0.0000774022   0.0000239862   0.0000031868  -0.0000155692
       -0.0000002470   0.0000014806  -0.0000012783   0.0000034612  -0.0000162193
       -0.0000124796  -0.0000032451   0.0000380613  -0.0000295711   0.0000036003
       -0.0000609626  -0.0000898169  -0.0000209561  -0.0000254663   0.0001737858
       -0.0001976325  -0.0001871322  -0.0003793372   0.0007653684   0.0123548458
       -0.1031659833   0.1068717049  -0.0038024196   0.0269250184  -0.0206833774
       -0.0000541780  -0.0000133697   0.0006967497  -0.0000434476  -0.0001626996
       -0.0001722110  -0.0001314599  -0.0001585007  -0.0001415418  -0.0000385447
        0.0000280708   0.0000172450   0.0000036280   0.0000251339  -0.0000047243
        0.0000071036   0.0000047252  -0.0000024496
        0.0000318014  -0.0000058259  -0.0000231251  -0.0000356962   0.0000073924
       -0.0000809827   0.0000331472   0.0000137245  -0.0000812437   0.0001274381
       -0.0005069750  -0.0009408672  -0.0049813351  -0.0030930897  -0.0218087824
       -0.0484914635  -0.0082907684  -0.0436776093  -0.0046722577   0.0119696696
        0.0303781098  -0.0055371180  -0.0048002683  -0.0039434112   0.0001364076
        0.0000024251   0.0001827507   0.0000587918   0.0000548589   0.0003238587
        0.0000606054   0.0000341977   0.0001440704   0.0000015352   0.0000228518
        0.0000491928   0.0000366269   0.0000007849   0.0000149057   0.0000069850
        0.0000038887  -0.0000065428   0.0000043723   0.0000001122  -0.0000016865
        0.0000547565   0.0000209996  -0.0000239076  -0.0008072335   0.0000082932
        0.0003279570   0.0007603355   0.0004268320  -0.0002255965   0.0011073509
       -0.0003834585  -0.0038024196   0.0615146517   0.0041735085   0.0412755412
        0.0005480115   0.0001208671   0.0015489057  -0.0002776788   0.0002695700
        0.0002775879   0.0001039200  -0.0000427124   0.0001349129   0.0002322345
        0.0000108700  -0.0000130103  -0.0000087524  -0.0000159324  -0.0000124586
       -0.0000074363  -0.0000018155  -0.0000161494
        0.0000194825  -0.0000031290  -0.0000088314  -0.0000061942   0.0000256306
       -0.0000199750   0.0000187128  -0.0000477070   0.0000191519   0.0001438615
        0.0000065006   0.0000099608  -0.0051778729  -0.0026658240  -0.0159007674
       -0.0062114737  -0.0479806806  -0.0241021159   0.0047427196  -0.0059264145
       -0.0229116621  -0.0040195215  -0.0022577356  -0.0030885453   0.0003862865
       -0.0001285820  -0.0001740524   0.0000371082   0.0000427689   0.0000606155
        0.0000186701  -0.0000249289   0.0000378581   0.0000156427   0.0000066694
        0.0000070199   0.0000090801  -0.0000057097   0.0000061047   0.0000006194
        0.0000010917  -0.0000068908   0.0000050964  -0.0000081623   0.0000135287
        0.0000144087  -0.0000112601  -0.0000392635   0.0000136597   0.0002076586
        0.0000327785   0.0000599675   0.0000746415  -0.0007404820   0.0055935762
        0.0016425161   0.0269250184   0.0041735085   0.0566028216   0.0390270166
       -0.0000867463   0.0006300054   0.0007531013   0.0003126349  -0.0000809971
        0.0001196172  -0.0001187093  -0.0000519047   0.0000083256   0.0000542102
       -0.0000538826  -0.0000170174   0.0000048190   0.0000095422  -0.0000094359
       -0.0000035469  -0.0000029284  -0.0000010581
        0.0000391267   0.0000025928  -0.0000396441   0.0000021322  -0.0000109422
       -0.0000814388  -0.0000167415  -0.0000471034  -0.0001708179   0.0002319170
        0.0000475290  -0.0001359639  -0.0029622412  -0.0014241748  -0.0072845261
       -0.0443727623  -0.0251432129  -0.2478889917   0.0121312374  -0.0129219677
       -0.0201151331  -0.0016686028  -0.0018287532   0.0002548436  -0.0002941655
        0.0002252032   0.0000925734   0.0000062192   0.0000441362   0.0003369876
        0.0000469317   0.0000224436   0.0001551072   0.0000242481   0.0000168318
        0.0000399245   0.0000212056   0.0000000659   0.0000079767   0.0000058934
        0.0000015164  -0.0000034635  -0.0000100130   0.0000054683  -0.0000027519
        0.0000359994  -0.0000226400   0.0000116681  -0.0001102052   0.0000454773
        0.0004856348   0.0005433364   0.0000835284   0.0005298683  -0.0057503667
        0.0016765618  -0.0206833774   0.0412755412   0.0390270166   0.2934422751
        0.0000771638  -0.0002593014   0.0008061367   0.0003091827   0.0004170443
        0.0002349927   0.0002154525   0.0000301438   0.0001122488   0.0002337238
        0.0000284545  -0.0000649475  -0.0000016885  -0.0000144078  -0.0000205869
       -0.0000125245  -0.0000015106  -0.0000185950
       -0.0000377915  -0.0000014874   0.0000189014  -0.0001220247  -0.0000622659
       -0.0000284704  -0.0004034195   0.0001692279   0.0001330213  -0.0011696273
       -0.0010420645  -0.0001448126  -0.0059036548   0.0026186226   0.0019556186
       -0.0262602642  -0.0107264134  -0.0007356881  -0.3116691328  -0.1783326325
       -0.0314544740   0.0007517135   0.0010403425   0.0015410176   0.0005361366
        0.0001476314  -0.0001222318   0.0000723681   0.0000764274   0.0000456229
        0.0000484647   0.0000395442  -0.0000042690  -0.0000176805  -0.0000002597
        0.0000147113   0.0000000100  -0.0000006723   0.0000039291   0.0000069047
        0.0000059999   0.0000036153  -0.0000079161   0.0000049927   0.0000081262
        0.0000506007   0.0000969783  -0.0000144492  -0.0000058570  -0.0000171226
       -0.0000659462   0.0003817950   0.0006201479  -0.0002687180  -0.0002617046
       -0.0001991029  -0.0000541780   0.0005480115  -0.0000867463   0.0000771638
        0.3433813472   0.1860989813   0.0286186854   0.0002712463  -0.0003208246
        0.0003746588  -0.0001510812  -0.0000786610   0.0000336205  -0.0000036640
       -0.0000404468   0.0000605758  -0.0000256327  -0.0000124654   0.0000015483
       -0.0000091474   0.0000022692   0.0000024210
        0.0000156862   0.0000096801  -0.0000008077   0.0000094061   0.0000491384
       -0.0000344827   0.0000711634  -0.0000295494  -0.0001088464   0.0005735984
        0.0005829920  -0.0000726545   0.0016427995  -0.0005944348  -0.0013458097
        0.0172256900   0.0102361536   0.0032050423  -0.2062176664  -0.1627506276
       -0.0424715047  -0.0002079609  -0.0003636126   0.0001426299  -0.0003881697
       -0.0000577605   0.0001711926  -0.0001727939  -0.0000742897   0.0000445588
       -0.0000121895  -0.0000461175   0.0000580023  -0.0000506621  -0.0000195494
        0.0000286687  -0.0000002100  -0.0000002936   0.0000039196  -0.0000081848
       -0.0000145445   0.0000066486  -0.0000008740  -0.0000112338   0.0000051366
       -0.0000152001  -0.0000372595  -0.0000033363  -0.0000570952   0.0000671681
        0.0000361764  -0.0000218528   0.0000440204  -0.0001182216   0.0012726518
        0.0010130387  -0.0000133697   0.0001208671   0.0006300054  -0.0002593014
        0.1860989813   0.1507284294   0.0399652588  -0.0002281453   0.0005248331
        0.0007542574   0.0001677577   0.0000070058  -0.0000119005   0.0001749848
        0.0000661457   0.0000218351  -0.0000064229   0.0000227068   0.0000022745
        0.0000138412   0.0000179553  -0.0000053664
        0.0000026993  -0.0000056988   0.0000147706   0.0000630216   0.0000114252
        0.0000726958   0.0001768658  -0.0000961464   0.0000642931   0.0006563010
        0.0002885604   0.0002309616   0.0021187697  -0.0016966170  -0.0002188001
        0.0141217344   0.0086322778  -0.0009126260  -0.0460413203  -0.0477473046
       -0.0185149841  -0.0011517513   0.0002428536  -0.0005475990  -0.0000908056
        0.0001797754  -0.0001731548  -0.0000658062   0.0000301524  -0.0001739444
       -0.0000621822   0.0000140491  -0.0000888301  -0.0000104113  -0.0000048291
       -0.0000279749  -0.0000199031  -0.0000000787  -0.0000118660   0.0000021161
        0.0000003412   0.0000059823  -0.0000188984   0.0000222322  -0.0000007151
        0.0000018979   0.0000214485  -0.0000089953   0.0000291336   0.0000118048
       -0.0000428445   0.0000305704   0.0001923696  -0.0001945197  -0.0005587888
       -0.0004673411   0.0006967497   0.0015489057   0.0007531013   0.0008061367
        0.0286186854   0.0399652588   0.0182677184   0.0006887851  -0.0002817373
        0.0006398284  -0.0000829001  -0.0000258630   0.0000073782   0.0000044624
       -0.0000460559   0.0000774497   0.0000340937   0.0000002631   0.0000166296
        0.0000047251   0.0000057585   0.0000162598
       -0.0001461826  -0.0000186047   0.0000253829  -0.0000228903   0.0001135816
        0.0001772541   0.0002443794  -0.0002515461  -0.0006146848   0.0000249777
        0.0003845286   0.0004622307   0.0068008275   0.0006492715   0.0068340711
        0.0019809904  -0.0014102904  -0.0023303070   0.0011074398   0.0013956665
        0.0015200425  -0.3760562560   0.0854241036   0.1182177558   0.0001223781
       -0.0006317190   0.0000150858  -0.0010904002   0.0000430851  -0.0001181055
       -0.0000279861   0.0000018445  -0.0000050459   0.0000320958  -0.0000312606
       -0.0000237180   0.0000179612   0.0000071604   0.0000101603  -0.0000110456
       -0.0000017943   0.0000139661   0.0000152156  -0.0000427968   0.0000066850
       -0.0000376892   0.0001434244  -0.0000189880  -0.0000232357  -0.0000304417
       -0.0002154471   0.0001997664   0.0002482988  -0.0003072731  -0.0002257387
        0.0001571917  -0.0000434476  -0.0002776788   0.0003126349   0.0003091827
        0.0002712463  -0.0002281453   0.0006887851   0.3677382101  -0.0864519046
       -0.1257538859  -0.0000053988  -0.0001656697   0.0002470661  -0.0006182347
        0.0003680571   0.0008541220  -0.0000078212   0.0000011919   0.0000379431
       -0.0000049304   0.0000141325   0.0000111697
       -0.0000357257   0.0000503458   0.0000241387   0.0000095552   0.0000728738
       -0.0000293478  -0.0000877260   0.0004102494  -0.0000087932   0.0004620693
        0.0002830113  -0.0040144632   0.0069702785  -0.0034653021  -0.0062285181
        0.0019402302   0.0008130742  -0.0018143278   0.0001665743  -0.0018520333
        0.0017412450   0.0768520775  -0.0261362096  -0.0344301417  -0.0009632652
       -0.0003625605   0.0009148079  -0.0004555926  -0.0005577501   0.0002993467
       -0.0000093456  -0.0001255965  -0.0000027953   0.0000444420  -0.0000526676
       -0.0000282665   0.0000016172   0.0000135120  -0.0000064616  -0.0000335445
       -0.0000323266   0.0000184271   0.0000448316  -0.0000582145  -0.0000357356
       -0.0001473049  -0.0002332889   0.0001200041   0.0006507297  -0.0003260682
       -0.0002917156  -0.0003044225   0.0003906219   0.0009010215   0.0000016345
       -0.0009337333  -0.0001626996   0.0002695700  -0.0000809971   0.0004170443
       -0.0003208246   0.0005248331  -0.0002817373  -0.0864519046   0.0309305708
        0.0432708968   0.0006272323   0.0001278836  -0.0000803782   0.0007513739
        0.0005430316  -0.0003018756   0.0000081961   0.0000470416   0.0000186205
        0.0000092439   0.0000096993  -0.0000082955
        0.0000447456   0.0000204831   0.0000446179  -0.0000364545  -0.0000642518
       -0.0000590044  -0.0000318505   0.0000571484   0.0005490330  -0.0004475239
       -0.0011402646  -0.0057494443   0.0310834037  -0.0115147331  -0.0194543307
        0.0012242338  -0.0017494644  -0.0004944372  -0.0006564623   0.0007451948
       -0.0004106582   0.0924285072  -0.0305818824  -0.0715752020  -0.0006703558
        0.0007255380   0.0001223107  -0.0009521214   0.0002734045  -0.0002821389
       -0.0001090164   0.0000518623  -0.0000082392  -0.0000903966   0.0000124928
        0.0000000937  -0.0000125814   0.0000009168  -0.0000121009   0.0000106724
        0.0000089639  -0.0000035314  -0.0000695693   0.0000707051   0.0000065207
        0.0000292552   0.0000860035  -0.0000811501   0.0011649840  -0.0007866926
       -0.0005982171   0.0006590625  -0.0001088516  -0.0009210723   0.0000671432
        0.0000195530  -0.0001722110   0.0002775879   0.0001196172   0.0002349927
        0.0003746588   0.0007542574   0.0006398284  -0.1257538859   0.0432708968
        0.0975345586   0.0000272860   0.0000211137   0.0002010673   0.0013667238
       -0.0002751238   0.0004524342   0.0000597689  -0.0000149819   0.0000195990
        0.0000121851  -0.0000019051   0.0000166814
       -0.0003428849   0.0000278307   0.0002863629   0.0001268508  -0.0007352122
        0.0006872840   0.0011575649  -0.0016762576   0.0021109648  -0.0012652721
        0.0054951959  -0.0046932125  -0.0000367490   0.0008880166  -0.0021047992
       -0.0004798160   0.0005923254  -0.0002998627   0.0003244607  -0.0005052680
        0.0002460213  -0.0005930745  -0.0017603323   0.0008332491  -0.0853651455
       -0.0341270967  -0.1596411870   0.0008880138   0.0048070903   0.0009353298
       -0.0003304047   0.0002480412  -0.0006620057   0.0002915879  -0.0000095233
       -0.0002989593  -0.0001937898  -0.0000649257  -0.0001188274   0.0000115855
        0.0000598999  -0.0000194280  -0.0005014314   0.0004941641   0.0003010184
        0.0000454129   0.0005395234  -0.0003831215   0.0008759912  -0.0011457449
        0.0016127393  -0.0000131666  -0.0002602033   0.0003013232  -0.0006710686
       -0.0004916834  -0.0001314599   0.0001039200  -0.0001187093   0.0002154525
       -0.0001510812   0.0001677577  -0.0000829001  -0.0000053988   0.0006272323
        0.0000272860   0.0845813415   0.0270910369   0.1608324350   0.0016784725
       -0.0001177816  -0.0002824499   0.0000510137  -0.0000286680   0.0002061850
       -0.0001869320   0.0000032920   0.0001225618
       -0.0003739029   0.0000144195   0.0001823928  -0.0003727387   0.0005470898
        0.0003080280  -0.0000614521  -0.0013812083   0.0034411495   0.0140485983
        0.0051816576   0.0328023509   0.0008356155  -0.0002973610   0.0017906239
        0.0000310077   0.0000727643   0.0000149700  -0.0002138726  -0.0000201155
       -0.0000545119  -0.0010109290   0.0003350943  -0.0007858152  -0.0442936812
       -0.0598420370  -0.0790509391   0.0030417303   0.0036680151  -0.0007613759
        0.0000840104  -0.0002974667  -0.0002184694   0.0004054923  -0.0001623441
       -0.0002784276  -0.0001428091   0.0000618519  -0.0000641381  -0.0000608542
       -0.0001108959   0.0000598432   0.0002675509  -0.0000377533  -0.0002288629
        0.0001085306   0.0004814908  -0.0002749400   0.0006132915  -0.0039748852
        0.0028728834   0.0001690539  -0.0000849735  -0.0002292203  -0.0001434232
        0.0000891832  -0.0001585007  -0.0000427124  -0.0000519047   0.0000301438
       -0.0000786610   0.0000070058  -0.0000258630  -0.0001656697   0.0001278836
        0.0000211137   0.0270910369   0.0585095094   0.0415676485   0.0002623898
       -0.0029513574  -0.0009914217   0.0000208668   0.0000734020   0.0000305625
       -0.0000184690   0.0000429356   0.0000007753
        0.0002784630  -0.0000763673   0.0001411502  -0.0000167679   0.0005562492
       -0.0005863242  -0.0016553602  -0.0004237370   0.0001670490  -0.0058699600
        0.0105162008  -0.0213685909  -0.0003087896   0.0001357061   0.0008185079
       -0.0002651907  -0.0004315558  -0.0000946122   0.0001605846   0.0001476167
       -0.0000531078  -0.0003630337   0.0001208574  -0.0008126948  -0.1542083913
       -0.0560218684  -0.3135622053   0.0015983681   0.0019615529  -0.0002603279
        0.0000621813  -0.0004093386   0.0004281595  -0.0003393340  -0.0000701927
        0.0000270086  -0.0000435894   0.0000131477   0.0000452403  -0.0001082603
       -0.0000949011   0.0000532366   0.0007953140  -0.0004290668  -0.0004466258
       -0.0002139612  -0.0001344805  -0.0004400434  -0.0015238137   0.0039339335
       -0.0026867054   0.0001978996  -0.0002167670  -0.0000434642  -0.0001038576
        0.0001695278  -0.0001415418   0.0001349129   0.0000083256   0.0001122488
        0.0000336205  -0.0000119005   0.0000073782   0.0002470661  -0.0000803782
        0.0002010673   0.1608324350   0.0415676485   0.3378892427   0.0005077590
       -0.0008378952   0.0006799635  -0.0000002339   0.0000907764  -0.0000663167
        0.0001719395   0.0000169065  -0.0000076921
       -0.0006029103  -0.0002841700   0.0000602335  -0.0000639763   0.0006384672
       -0.0001312183   0.0094078349  -0.0040662128   0.0017620008   0.0023801419
       -0.0005100779  -0.0009910227   0.0007806557  -0.0009022591  -0.0044115856
        0.0000994925   0.0000526317   0.0001583765   0.0001261223   0.0001341470
        0.0005364817  -0.0009239664   0.0001918626   0.0017527907  -0.0017518502
        0.0001673151  -0.0001194127  -0.2864203867   0.1146909105   0.1496450110
        0.0002245415  -0.0002444258  -0.0008457760   0.0001421393  -0.0000972773
       -0.0000435767   0.0000302564   0.0001272909   0.0003460563  -0.0001538346
        0.0000383129   0.0002069971   0.0001842105  -0.0004434129  -0.0000025607
        0.0003801606   0.0005908245  -0.0004481499  -0.0002331690  -0.0001588464
       -0.0001000634  -0.0000161792  -0.0001166987   0.0006333649   0.0000563157
       -0.0000741642  -0.0000385447   0.0002322345   0.0000542102   0.0002337238
       -0.0000036640   0.0001749848   0.0000044624  -0.0006182347   0.0007513739
        0.0013667238   0.0016784725   0.0002623898   0.0005077590   0.2750811354
       -0.1109698993  -0.1501282726  -0.0000445040  -0.0000192445   0.0000133053
        0.0000289614   0.0000119677   0.0000328967
       -0.0000164503   0.0002306699   0.0002744111   0.0003034548   0.0009329599
       -0.0007737492  -0.0028661205   0.0000020630  -0.0007881939   0.0010369532
        0.0017628084  -0.0010582862  -0.0003506341   0.0010236618  -0.0004305235
       -0.0003527205   0.0001391095  -0.0001284075   0.0003741642  -0.0003948747
       -0.0000411615  -0.0003973222  -0.0032662817   0.0007279417   0.0000445081
       -0.0005258832   0.0010196971   0.1139240961  -0.0551069911  -0.0631954051
       -0.0000160923  -0.0003041099   0.0000678161   0.0000473307  -0.0002050337
       -0.0002200662  -0.0002317694   0.0001726433  -0.0001924301  -0.0001203538
       -0.0002409327   0.0001280156   0.0000087208  -0.0000946446  -0.0000657369
       -0.0007824910   0.0009854446   0.0010183775   0.0001437795  -0.0000379809
        0.0001588330   0.0001449226  -0.0003305826   0.0002711552  -0.0001999668
       -0.0002093075   0.0000280708   0.0000108700  -0.0000538826   0.0000284545
       -0.0000404468   0.0000661457  -0.0000460559   0.0003680571   0.0005430316
       -0.0002751238  -0.0001177816  -0.0029513574  -0.0008378952  -0.1109698993
        0.0577106767   0.0643280495  -0.0000051972   0.0001482065   0.0000023625
        0.0000603886   0.0000044419  -0.0000001495
        0.0002447863   0.0000379590   0.0001234221  -0.0011582340   0.0003658553
       -0.0054388163   0.0260689337  -0.0119214543  -0.0270684716  -0.0000514331
       -0.0010499815  -0.0002114757  -0.0015470388  -0.0001309129  -0.0007201698
       -0.0003812123  -0.0000319521  -0.0001109584   0.0004057526  -0.0000523990
       -0.0002595436  -0.0001738417   0.0008564524  -0.0015022336   0.0003543970
        0.0004325597  -0.0001241271   0.1245672790  -0.0518616755  -0.1157852219
        0.0010568718  -0.0002839512  -0.0013098365  -0.0005220723   0.0001060498
        0.0001761233   0.0000252087  -0.0000375607  -0.0001063858   0.0000511503
        0.0000128464  -0.0000736586  -0.0001086347   0.0002115433   0.0001220856
        0.0006351557   0.0000771779  -0.0003152953   0.0002430774   0.0000951488
       -0.0000377613  -0.0003020718   0.0002091828  -0.0004431942   0.0000878110
        0.0000612245   0.0000172450  -0.0000130103  -0.0000170174  -0.0000649475
        0.0000605758   0.0000218351   0.0000774497   0.0008541220  -0.0003018756
        0.0004524342  -0.0002824499  -0.0009914217   0.0006799635  -0.1501282726
        0.0643280495   0.1522757064  -0.0000180668  -0.0001465128  -0.0003939520
        0.0000312171   0.0000108302   0.0000416194
        0.0006769052  -0.0009811656  -0.0039088220   0.0105889525  -0.0006542254
        0.0037186776  -0.0005672502   0.0000519102   0.0005478552  -0.0002815633
       -0.0001760588  -0.0001952793   0.0000513995   0.0000606802   0.0002259268
       -0.0000874742  -0.0000310596   0.0000708704  -0.0000269273   0.0000049297
       -0.0000370801  -0.0000957511   0.0000555410  -0.0000242879   0.0000319469
       -0.0000218844   0.0000212535   0.0000830109  -0.0001448703  -0.0004520827
       -0.3531038560  -0.0184051296   0.1578109404   0.0040967523  -0.0000830485
        0.0038642056  -0.0002670815   0.0002113530   0.0002769930   0.0002008826
        0.0000733571  -0.0000907873  -0.0001915614   0.0004752015  -0.0003862171
        0.0000371714  -0.0003265502   0.0000752744   0.0003075614   0.0001698456
        0.0003657000   0.0000190344  -0.0000264669   0.0000188670  -0.0000043039
        0.0000118055   0.0000036280  -0.0000087524   0.0000048190  -0.0000016885
       -0.0000256327  -0.0000064229   0.0000340937  -0.0000078212   0.0000081961
        0.0000597689   0.0000510137   0.0000208668  -0.0000002339  -0.0000445040
       -0.0000051972  -0.0000180668   0.3386811578   0.0191828805  -0.1616911314
       -0.0001133093   0.0005306931  -0.0002883775
        0.0006702474   0.0023204060  -0.0002938114  -0.0043277069  -0.0004491993
        0.0027011879   0.0006642460   0.0002631378  -0.0019342372  -0.0001522272
        0.0001287651   0.0000448274   0.0000635564   0.0001440130  -0.0000265025
       -0.0000593237   0.0000243845   0.0000337857   0.0000714004  -0.0000848795
       -0.0000254512   0.0000319378  -0.0001395171  -0.0000190918   0.0001069843
       -0.0003789255  -0.0000391829   0.0001928680  -0.0004688071  -0.0004318358
       -0.0175435348  -0.0040278504   0.0138808702   0.0001239390  -0.0019001709
       -0.0005601967   0.0000275746  -0.0001512622  -0.0000556363   0.0000662365
       -0.0008061475  -0.0005419451   0.0001923052  -0.0008455233   0.0017072307
        0.0002878741  -0.0004603541  -0.0001865132  -0.0001842087   0.0001293544
        0.0000453864   0.0000664594  -0.0000828182  -0.0000008961  -0.0000318813
       -0.0000320350   0.0000251339  -0.0000159324   0.0000095422  -0.0000144078
       -0.0000124654   0.0000227068   0.0000002631   0.0000011919   0.0000470416
       -0.0000149819  -0.0000286680   0.0000734020   0.0000907764  -0.0000192445
        0.0001482065  -0.0001465128   0.0191828805   0.0068756393  -0.0152466104
        0.0006254913  -0.0003591092   0.0010083514
        0.0016056770  -0.0004884156  -0.0017976064   0.0290667601   0.0012356904
       -0.0256978134  -0.0002966925   0.0014330517  -0.0053841673   0.0000470461
       -0.0000533229   0.0001638975  -0.0000439996  -0.0000866551   0.0000566179
        0.0000335815   0.0000435853   0.0000618226  -0.0000701789  -0.0000110558
       -0.0000309677  -0.0001376427  -0.0000135998  -0.0000045931  -0.0004029230
       -0.0001307085   0.0000526271   0.0008795552  -0.0006838015  -0.0010999644
        0.1302474989   0.0129737897  -0.1077225048   0.0008415683   0.0012166545
        0.0009412722   0.0004684005  -0.0001648846   0.0002319007  -0.0000990000
       -0.0005999398  -0.0004275749   0.0005871429   0.0001756434  -0.0009975554
       -0.0002291307   0.0002442639   0.0000908086  -0.0000030194  -0.0000032585
       -0.0001086841  -0.0000175565   0.0000342581  -0.0000205792  -0.0000031969
       -0.0000023570  -0.0000047243  -0.0000124586  -0.0000094359  -0.0000205869
        0.0000015483   0.0000022745   0.0000166296   0.0000379431   0.0000186205
        0.0000195990   0.0002061850   0.0000305625  -0.0000663167   0.0000133053
        0.0000023625  -0.0003939520  -0.1616911314  -0.0152466104   0.1423205528
       -0.0010292821   0.0000832886  -0.0001781375
       -0.0078839179   0.0280409315  -0.0058798570   0.0006644012   0.0024111541
       -0.0004617186  -0.0002441910   0.0001437639   0.0003965712  -0.0002468825
       -0.0000333861   0.0000216624   0.0000071614   0.0001241052   0.0000570546
       -0.0000970022  -0.0000049574   0.0000114226   0.0001696466  -0.0000539099
       -0.0000526086   0.0001408518  -0.0000794909  -0.0001273687   0.0003686766
       -0.0000372987  -0.0001352751   0.0000909690  -0.0002388760  -0.0004313666
        0.0001975391  -0.0006326104   0.0004156374  -0.0327164142   0.0486115549
        0.0074856692   0.0009088602  -0.0005639864   0.0002686421  -0.0027450211
        0.0020388488   0.0030927247  -0.0003560857  -0.0008537313   0.0003692424
        0.0001423616  -0.0001663539  -0.0000539503  -0.0000758902  -0.0000139826
       -0.0000358285   0.0000184353  -0.0000108649  -0.0000082705  -0.0000123758
       -0.0000104921   0.0000071036  -0.0000074363  -0.0000035469  -0.0000125245
       -0.0000091474   0.0000138412   0.0000047251  -0.0000049304   0.0000092439
        0.0000121851  -0.0001869320  -0.0000184690   0.0001719395   0.0000289614
        0.0000603886   0.0000312171  -0.0001133093   0.0006254913  -0.0010292821
        0.0419616717  -0.0793573669  -0.0041177466
        0.0071381224  -0.0151724407  -0.0029731700   0.0003832009   0.0021389110
        0.0000862070  -0.0002332950  -0.0000671483   0.0000459827  -0.0000486712
        0.0001436446   0.0000126155  -0.0000157315  -0.0000247926   0.0000230241
       -0.0000093982   0.0000319869   0.0000078304   0.0000092580  -0.0000001888
       -0.0000098882  -0.0000210056  -0.0000022742  -0.0000339106   0.0000347341
       -0.0000681378   0.0000038210  -0.0001631116  -0.0000164494  -0.0000707459
       -0.0004851953  -0.0002410178  -0.0000318691   0.0684863927  -0.3991881497
        0.1004328285  -0.0000295899   0.0007803548   0.0002928890   0.0032454372
       -0.0009255376  -0.0029553802   0.0007337867  -0.0000288008   0.0001157359
       -0.0002029856   0.0000656554   0.0000168679  -0.0000181394  -0.0000161828
       -0.0000116392  -0.0000095044   0.0000010138  -0.0000108635   0.0000025235
        0.0000069392   0.0000047252  -0.0000018155  -0.0000029284  -0.0000015106
        0.0000022692   0.0000179553   0.0000057585   0.0000141325   0.0000096993
       -0.0000019051   0.0000032920   0.0000429356   0.0000169065   0.0000119677
        0.0000044419   0.0000108302   0.0005306931  -0.0003591092   0.0000832886
       -0.0793573669   0.4128696202  -0.0950584285
        0.0031314424  -0.0234669932   0.0037862469   0.0004125704   0.0003883152
        0.0012944828   0.0001165313  -0.0000882825   0.0003004560   0.0000410668
       -0.0000451415   0.0001039378  -0.0000039477   0.0000039067   0.0000860858
        0.0000034602   0.0000025017   0.0000275187  -0.0000152723  -0.0000082425
       -0.0000363102  -0.0000617832  -0.0000142322  -0.0001117808  -0.0001006217
        0.0000218960  -0.0000998831  -0.0002732887   0.0000657240  -0.0003435354
       -0.0002263754  -0.0003492678  -0.0011438455  -0.0028313909   0.1219194659
       -0.0548346952   0.0004701126  -0.0022996820   0.0012667775   0.0036238214
       -0.0023712644  -0.0011109655   0.0000555939   0.0002477656   0.0001576536
       -0.0000154178   0.0000395239  -0.0000527969  -0.0000709835  -0.0000027029
       -0.0000384233  -0.0000111628   0.0000163922  -0.0000098104   0.0000088692
        0.0000044888  -0.0000024496  -0.0000161494  -0.0000010581  -0.0000185950
        0.0000024210  -0.0000053664   0.0000162598   0.0000111697  -0.0000082955
        0.0000166814   0.0001225618   0.0000007753  -0.0000076921   0.0000328967
       -0.0000001495   0.0000416194  -0.0002883775   0.0010083514  -0.0001781375
       -0.0041177466  -0.0950584285   0.0508912007
