molecule_id,preferred_name,descriptor_name,descriptor_value,unit,software,software_version,calculation_date,config_hash,notes
1,D-glucose,MaxAbsEStateIndex,9.119537037037038,,RDKit,2026.03.6,2026-09-17,e99d97a3665c237f,RDKit Descriptors.descList; 2D
1,D-glucose,MaxEStateIndex,9.119537037037038,,RDKit,2026.03.6,2026-09-17,e99d97a3665c237f,RDKit Descriptors.descList; 2D
1,D-glucose,MinAbsEStateIndex,0.5257870370370368,,RDKit,2026.03.6,2026-09-17,e99d97a3665c237f,RDKit Descriptors.descList; 2D
1,D-glucose,MinEStateIndex,-1.568935185185185,,RDKit,2026.03.6,2026-09-17,e99d97a3665c237f,RDKit Descriptors.descList; 2D
1,D-glucose,qed,0.29015285452995804,,RDKit,2026.03.6,2026-09-17,e99d97a3665c237f,RDKit Descriptors.descList; 2D
1,D-glucose,SPS,49.25,,RDKit,2026.03.6,2026-09-17,e99d97a3665c237f,RDKit Descriptors.descList; 2D
1,D-glucose,MolWt,180.156,,RDKit,2026.03.6,2026-09-17,e99d97a3665c237f,RDKit Descriptors.descList; 2D
1,D-glucose,HeavyAtomMolWt,168.05999999999997,,RDKit,2026.03.6,2026-09-17,e99d97a3665c237f,RDKit Descriptors.descList; 2D
1,D-glucose,ExactMolWt,180.063388104,,RDKit,2026.03.6,2026-09-17,e99d97a3665c237f,RDKit Descriptors.descList; 2D
1,D-glucose,NumValenceElectrons,72.0,,RDKit,2026.03.6,2026-09-17,e99d97a3665c237f,RDKit Descriptors.descList; 2D
1,D-glucose,NumRadicalElectrons,0.0,,RDKit,2026.03.6,2026-09-17,e99d97a3665c237f,RDKit Descriptors.descList; 2D
1,D-glucose,MaxPartialCharge,0.183570328512782,,RDKit,2026.03.6,2026-09-17,e99d97a3665c237f,RDKit Descriptors.descList; 2D
1,D-glucose,MinPartialCharge,-0.3935665160029449,,RDKit,2026.03.6,2026-09-17,e99d97a3665c237f,RDKit Descriptors.descList; 2D
1,D-glucose,MaxAbsPartialCharge,0.3935665160029449,,RDKit,2026.03.6,2026-09-17,e99d97a3665c237f,RDKit Descriptors.descList; 2D
1,D-glucose,MinAbsPartialCharge,0.183570328512782,,RDKit,2026.03.6,2026-09-17,e99d97a3665c237f,RDKit Descriptors.descList; 2D
1,D-glucose,FpDensityMorgan1,0.9166666666666666,,RDKit,2026.03.6,2026-09-17,e99d97a3665c237f,RDKit Descriptors.descList; 2D
1,D-glucose,FpDensityMorgan2,1.5,,RDKit,2026.03.6,2026-09-17,e99d97a3665c237f,RDKit Descriptors.descList; 2D
1,D-glucose,FpDensityMorgan3,2.0,,RDKit,2026.03.6,2026-09-17,e99d97a3665c237f,RDKit Descriptors.descList; 2D
1,D-glucose,BCUT2D_MWHI,16.639742085644862,,RDKit,2026.03.6,2026-09-17,e99d97a3665c237f,RDKit Descriptors.descList; 2D
1,D-glucose,BCUT2D_MWLOW,9.995184470406,,RDKit,2026.03.6,2026-09-17,e99d97a3665c237f,RDKit Descriptors.descList; 2D
1,D-glucose,BCUT2D_CHGHI,2.4192139786332842,,RDKit,2026.03.6,2026-09-17,e99d97a3665c237f,RDKit Descriptors.descList; 2D
1,D-glucose,BCUT2D_CHGLO,-2.368817634024752,,RDKit,2026.03.6,2026-09-17,e99d97a3665c237f,RDKit Descriptors.descList; 2D
1,D-glucose,BCUT2D_LOGPHI,2.184436367464322,,RDKit,2026.03.6,2026-09-17,e99d97a3665c237f,RDKit Descriptors.descList; 2D
1,D-glucose,BCUT2D_LOGPLOW,-2.5790512396044134,,RDKit,2026.03.6,2026-09-17,e99d97a3665c237f,RDKit Descriptors.descList; 2D
1,D-glucose,BCUT2D_MRHI,4.8741638480852565,,RDKit,2026.03.6,2026-09-17,e99d97a3665c237f,RDKit Descriptors.descList; 2D
1,D-glucose,BCUT2D_MRLOW,-0.2861114418889694,,RDKit,2026.03.6,2026-09-17,e99d97a3665c237f,RDKit Descriptors.descList; 2D
1,D-glucose,AvgIpc,2.0754223906061027,,RDKit,2026.03.6,2026-09-17,e99d97a3665c237f,RDKit Descriptors.descList; 2D
1,D-glucose,BalabanJ,2.6344089870615974,,RDKit,2026.03.6,2026-09-17,e99d97a3665c237f,RDKit Descriptors.descList; 2D
1,D-glucose,BertzCT,146.2188491003481,,RDKit,2026.03.6,2026-09-17,e99d97a3665c237f,RDKit Descriptors.descList; 2D
1,D-glucose,Chi0,9.300964908321223,,RDKit,2026.03.6,2026-09-17,e99d97a3665c237f,RDKit Descriptors.descList; 2D
1,D-glucose,Chi0n,6.238174395098331,,RDKit,2026.03.6,2026-09-17,e99d97a3665c237f,RDKit Descriptors.descList; 2D
1,D-glucose,Chi0v,6.238174395098331,,RDKit,2026.03.6,2026-09-17,e99d97a3665c237f,RDKit Descriptors.descList; 2D
1,D-glucose,Chi1,5.574586062669973,,RDKit,2026.03.6,2026-09-17,e99d97a3665c237f,RDKit Descriptors.descList; 2D
1,D-glucose,Chi1n,3.5620094695937103,,RDKit,2026.03.6,2026-09-17,e99d97a3665c237f,RDKit Descriptors.descList; 2D
1,D-glucose,Chi1v,3.5620094695937103,,RDKit,2026.03.6,2026-09-17,e99d97a3665c237f,RDKit Descriptors.descList; 2D
1,D-glucose,Chi2n,2.7194493173895746,,RDKit,2026.03.6,2026-09-17,e99d97a3665c237f,RDKit Descriptors.descList; 2D
1,D-glucose,Chi2v,2.7194493173895746,,RDKit,2026.03.6,2026-09-17,e99d97a3665c237f,RDKit Descriptors.descList; 2D
1,D-glucose,Chi3n,1.867059489777345,,RDKit,2026.03.6,2026-09-17,e99d97a3665c237f,RDKit Descriptors.descList; 2D
1,D-glucose,Chi3v,1.867059489777345,,RDKit,2026.03.6,2026-09-17,e99d97a3665c237f,RDKit Descriptors.descList; 2D
1,D-glucose,Chi4n,1.08173381058565,,RDKit,2026.03.6,2026-09-17,e99d97a3665c237f,RDKit Descriptors.descList; 2D
1,D-glucose,Chi4v,1.08173381058565,,RDKit,2026.03.6,2026-09-17,e99d97a3665c237f,RDKit Descriptors.descList; 2D
1,D-glucose,HallKierAlpha,-0.24000000000000002,,RDKit,2026.03.6,2026-09-17,e99d97a3665c237f,RDKit Descriptors.descList; 2D
1,D-glucose,Ipc,454.5175035427365,,RDKit,2026.03.6,2026-09-17,e99d97a3665c237f,RDKit Descriptors.descList; 2D
1,D-glucose,Kappa1,9.845034013605442,,RDKit,2026.03.6,2026-09-17,e99d97a3665c237f,RDKit Descriptors.descList; 2D
1,D-glucose,Kappa2,3.6489161032347726,,RDKit,2026.03.6,2026-09-17,e99d97a3665c237f,RDKit Descriptors.descList; 2D
1,D-glucose,Kappa3,1.5817587586505184,,RDKit,2026.03.6,2026-09-17,e99d97a3665c237f,RDKit Descriptors.descList; 2D
1,D-glucose,LabuteASA,68.64284443677028,,RDKit,2026.03.6,2026-09-17,e99d97a3665c237f,RDKit Descriptors.descList; 2D
1,D-glucose,PEOE_VSA1,30.269499928003576,,RDKit,2026.03.6,2026-09-17,e99d97a3665c237f,RDKit Descriptors.descList; 2D
1,D-glucose,PEOE_VSA10,24.41586555099321,,RDKit,2026.03.6,2026-09-17,e99d97a3665c237f,RDKit Descriptors.descList; 2D
1,D-glucose,PEOE_VSA11,6.290026729335213,,RDKit,2026.03.6,2026-09-17,e99d97a3665c237f,RDKit Descriptors.descList; 2D
1,D-glucose,PEOE_VSA12,0.0,,RDKit,2026.03.6,2026-09-17,e99d97a3665c237f,RDKit Descriptors.descList; 2D
1,D-glucose,PEOE_VSA13,0.0,,RDKit,2026.03.6,2026-09-17,e99d97a3665c237f,RDKit Descriptors.descList; 2D
1,D-glucose,PEOE_VSA14,0.0,,RDKit,2026.03.6,2026-09-17,e99d97a3665c237f,RDKit Descriptors.descList; 2D
1,D-glucose,PEOE_VSA2,0.0,,RDKit,2026.03.6,2026-09-17,e99d97a3665c237f,RDKit Descriptors.descList; 2D
1,D-glucose,PEOE_VSA3,0.0,,RDKit,2026.03.6,2026-09-17,e99d97a3665c237f,RDKit Descriptors.descList; 2D
1,D-glucose,PEOE_VSA4,0.0,,RDKit,2026.03.6,2026-09-17,e99d97a3665c237f,RDKit Descriptors.descList; 2D
1,D-glucose,PEOE_VSA5,0.0,,RDKit,2026.03.6,2026-09-17,e99d97a3665c237f,RDKit Descriptors.descList; 2D
1,D-glucose,PEOE_VSA6,0.0,,RDKit,2026.03.6,2026-09-17,e99d97a3665c237f,RDKit Descriptors.descList; 2D
1,D-glucose,PEOE_VSA7,0.0,,RDKit,2026.03.6,2026-09-17,e99d97a3665c237f,RDKit Descriptors.descList; 2D
1,D-glucose,PEOE_VSA8,0.0,,RDKit,2026.03.6,2026-09-17,e99d97a3665c237f,RDKit Descriptors.descList; 2D
1,D-glucose,PEOE_VSA9,6.606881964512918,,RDKit,2026.03.6,2026-09-17,e99d97a3665c237f,RDKit Descriptors.descList; 2D
1,D-glucose,SMR_VSA1,30.269499928003576,,RDKit,2026.03.6,2026-09-17,e99d97a3665c237f,RDKit Descriptors.descList; 2D
1,D-glucose,SMR_VSA10,0.0,,RDKit,2026.03.6,2026-09-17,e99d97a3665c237f,RDKit Descriptors.descList; 2D
1,D-glucose,SMR_VSA2,0.0,,RDKit,2026.03.6,2026-09-17,e99d97a3665c237f,RDKit Descriptors.descList; 2D
1,D-glucose,SMR_VSA3,0.0,,RDKit,2026.03.6,2026-09-17,e99d97a3665c237f,RDKit Descriptors.descList; 2D
1,D-glucose,SMR_VSA4,0.0,,RDKit,2026.03.6,2026-09-17,e99d97a3665c237f,RDKit Descriptors.descList; 2D
1,D-glucose,SMR_VSA5,30.705892280328424,,RDKit,2026.03.6,2026-09-17,e99d97a3665c237f,RDKit Descriptors.descList; 2D
1,D-glucose,SMR_VSA6,6.606881964512918,,RDKit,2026.03.6,2026-09-17,e99d97a3665c237f,RDKit Descriptors.descList; 2D
1,D-glucose,SMR_VSA7,0.0,,RDKit,2026.03.6,2026-09-17,e99d97a3665c237f,RDKit Descriptors.descList; 2D
1,D-glucose,SMR_VSA8,0.0,,RDKit,2026.03.6,2026-09-17,e99d97a3665c237f,RDKit Descriptors.descList; 2D
1,D-glucose,SMR_VSA9,0.0,,RDKit,2026.03.6,2026-09-17,e99d97a3665c237f,RDKit Descriptors.descList; 2D
1,D-glucose,SlogP_VSA1,0.0,,RDKit,2026.03.6,2026-09-17,e99d97a3665c237f,RDKit Descriptors.descList; 2D
1,D-glucose,SlogP_VSA10,0.0,,RDKit,2026.03.6,2026-09-17,e99d97a3665c237f,RDKit Descriptors.descList; 2D
1,D-glucose,SlogP_VSA11,0.0,,RDKit,2026.03.6,2026-09-17,e99d97a3665c237f,RDKit Descriptors.descList; 2D
1,D-glucose,SlogP_VSA12,0.0,,RDKit,2026.03.6,2026-09-17,e99d97a3665c237f,RDKit Descriptors.descList; 2D
1,D-glucose,SlogP_VSA2,62.845411219044855,,RDKit,2026.03.6,2026-09-17,e99d97a3665c237f,RDKit Descriptors.descList; 2D
1,D-glucose,SlogP_VSA3,4.736862953800049,,RDKit,2026.03.6,2026-09-17,e99d97a3665c237f,RDKit Descriptors.descList; 2D
1,D-glucose,SlogP_VSA4,0.0,,RDKit,2026.03.6,2026-09-17,e99d97a3665c237f,RDKit Descriptors.descList; 2D
1,D-glucose,SlogP_VSA5,0.0,,RDKit,2026.03.6,2026-09-17,e99d97a3665c237f,RDKit Descriptors.descList; 2D
1,D-glucose,SlogP_VSA6,0.0,,RDKit,2026.03.6,2026-09-17,e99d97a3665c237f,RDKit Descriptors.descList; 2D
1,D-glucose,SlogP_VSA7,0.0,,RDKit,2026.03.6,2026-09-17,e99d97a3665c237f,RDKit Descriptors.descList; 2D
1,D-glucose,SlogP_VSA8,0.0,,RDKit,2026.03.6,2026-09-17,e99d97a3665c237f,RDKit Descriptors.descList; 2D
1,D-glucose,SlogP_VSA9,0.0,,RDKit,2026.03.6,2026-09-17,e99d97a3665c237f,RDKit Descriptors.descList; 2D
1,D-glucose,TPSA,110.38000000000001,,RDKit,2026.03.6,2026-09-17,e99d97a3665c237f,RDKit Descriptors.descList; 2D
1,D-glucose,EState_VSA1,37.312774244841336,,RDKit,2026.03.6,2026-09-17,e99d97a3665c237f,RDKit Descriptors.descList; 2D
1,D-glucose,EState_VSA10,0.0,,RDKit,2026.03.6,2026-09-17,e99d97a3665c237f,RDKit Descriptors.descList; 2D
1,D-glucose,EState_VSA11,0.0,,RDKit,2026.03.6,2026-09-17,e99d97a3665c237f,RDKit Descriptors.descList; 2D
1,D-glucose,EState_VSA2,0.0,,RDKit,2026.03.6,2026-09-17,e99d97a3665c237f,RDKit Descriptors.descList; 2D
1,D-glucose,EState_VSA3,0.0,,RDKit,2026.03.6,2026-09-17,e99d97a3665c237f,RDKit Descriptors.descList; 2D
1,D-glucose,EState_VSA4,0.0,,RDKit,2026.03.6,2026-09-17,e99d97a3665c237f,RDKit Descriptors.descList; 2D
1,D-glucose,EState_VSA5,0.0,,RDKit,2026.03.6,2026-09-17,e99d97a3665c237f,RDKit Descriptors.descList; 2D
1,D-glucose,EState_VSA6,0.0,,RDKit,2026.03.6,2026-09-17,e99d97a3665c237f,RDKit Descriptors.descList; 2D
1,D-glucose,EState_VSA7,0.0,,RDKit,2026.03.6,2026-09-17,e99d97a3665c237f,RDKit Descriptors.descList; 2D
1,D-glucose,EState_VSA8,4.736862953800049,,RDKit,2026.03.6,2026-09-17,e99d97a3665c237f,RDKit Descriptors.descList; 2D
1,D-glucose,EState_VSA9,25.532636974203527,,RDKit,2026.03.6,2026-09-17,e99d97a3665c237f,RDKit Descriptors.descList; 2D
1,D-glucose,VSA_EState1,4.575925925925926,,RDKit,2026.03.6,2026-09-17,e99d97a3665c237f,RDKit Descriptors.descList; 2D
1,D-glucose,VSA_EState10,0.0,,RDKit,2026.03.6,2026-09-17,e99d97a3665c237f,RDKit Descriptors.descList; 2D
1,D-glucose,VSA_EState2,0.0,,RDKit,2026.03.6,2026-09-17,e99d97a3665c237f,RDKit Descriptors.descList; 2D
1,D-glucose,VSA_EState3,44.65722222222222,,RDKit,2026.03.6,2026-09-17,e99d97a3665c237f,RDKit Descriptors.descList; 2D
1,D-glucose,VSA_EState4,0.0,,RDKit,2026.03.6,2026-09-17,e99d97a3665c237f,RDKit Descriptors.descList; 2D
1,D-glucose,VSA_EState5,0.0,,RDKit,2026.03.6,2026-09-17,e99d97a3665c237f,RDKit Descriptors.descList; 2D
1,D-glucose,VSA_EState6,0.0,,RDKit,2026.03.6,2026-09-17,e99d97a3665c237f,RDKit Descriptors.descList; 2D
1,D-glucose,VSA_EState7,-7.040694444444445,,RDKit,2026.03.6,2026-09-17,e99d97a3665c237f,RDKit Descriptors.descList; 2D
1,D-glucose,VSA_EState8,-0.5257870370370368,,RDKit,2026.03.6,2026-09-17,e99d97a3665c237f,RDKit Descriptors.descList; 2D
1,D-glucose,VSA_EState9,0.0,,RDKit,2026.03.6,2026-09-17,e99d97a3665c237f,RDKit Descriptors.descList; 2D
1,D-glucose,FractionCSP3,1.0,,RDKit,2026.03.6,2026-09-17,e99d97a3665c237f,RDKit Descriptors.descList; 2D
1,D-glucose,HeavyAtomCount,12.0,,RDKit,2026.03.6,2026-09-17,e99d97a3665c237f,RDKit Descriptors.descList; 2D
1,D-glucose,NHOHCount,5.0,,RDKit,2026.03.6,2026-09-17,e99d97a3665c237f,RDKit Descriptors.descList; 2D
1,D-glucose,NOCount,6.0,,RDKit,2026.03.6,2026-09-17,e99d97a3665c237f,RDKit Descriptors.descList; 2D
1,D-glucose,NumAliphaticCarbocycles,0.0,,RDKit,2026.03.6,2026-09-17,e99d97a3665c237f,RDKit Descriptors.descList; 2D
1,D-glucose,NumAliphaticHeterocycles,1.0,,RDKit,2026.03.6,2026-09-17,e99d97a3665c237f,RDKit Descriptors.descList; 2D
1,D-glucose,NumAliphaticRings,1.0,,RDKit,2026.03.6,2026-09-17,e99d97a3665c237f,RDKit Descriptors.descList; 2D
1,D-glucose,NumAmideBonds,0.0,,RDKit,2026.03.6,2026-09-17,e99d97a3665c237f,RDKit Descriptors.descList; 2D
1,D-glucose,NumAromaticCarbocycles,0.0,,RDKit,2026.03.6,2026-09-17,e99d97a3665c237f,RDKit Descriptors.descList; 2D
1,D-glucose,NumAromaticHeterocycles,0.0,,RDKit,2026.03.6,2026-09-17,e99d97a3665c237f,RDKit Descriptors.descList; 2D
1,D-glucose,NumAromaticRings,0.0,,RDKit,2026.03.6,2026-09-17,e99d97a3665c237f,RDKit Descriptors.descList; 2D
1,D-glucose,NumAtomStereoCenters,5.0,,RDKit,2026.03.6,2026-09-17,e99d97a3665c237f,RDKit Descriptors.descList; 2D
1,D-glucose,NumBridgeheadAtoms,0.0,,RDKit,2026.03.6,2026-09-17,e99d97a3665c237f,RDKit Descriptors.descList; 2D
1,D-glucose,NumHAcceptors,6.0,,RDKit,2026.03.6,2026-09-17,e99d97a3665c237f,RDKit Descriptors.descList; 2D
1,D-glucose,NumHDonors,5.0,,RDKit,2026.03.6,2026-09-17,e99d97a3665c237f,RDKit Descriptors.descList; 2D
1,D-glucose,NumHeteroatoms,6.0,,RDKit,2026.03.6,2026-09-17,e99d97a3665c237f,RDKit Descriptors.descList; 2D
1,D-glucose,NumHeterocycles,1.0,,RDKit,2026.03.6,2026-09-17,e99d97a3665c237f,RDKit Descriptors.descList; 2D
1,D-glucose,NumRotatableBonds,1.0,,RDKit,2026.03.6,2026-09-17,e99d97a3665c237f,RDKit Descriptors.descList; 2D
1,D-glucose,NumSaturatedCarbocycles,0.0,,RDKit,2026.03.6,2026-09-17,e99d97a3665c237f,RDKit Descriptors.descList; 2D
1,D-glucose,NumSaturatedHeterocycles,1.0,,RDKit,2026.03.6,2026-09-17,e99d97a3665c237f,RDKit Descriptors.descList; 2D
1,D-glucose,NumSaturatedRings,1.0,,RDKit,2026.03.6,2026-09-17,e99d97a3665c237f,RDKit Descriptors.descList; 2D
1,D-glucose,NumSpiroAtoms,0.0,,RDKit,2026.03.6,2026-09-17,e99d97a3665c237f,RDKit Descriptors.descList; 2D
1,D-glucose,NumUnspecifiedAtomStereoCenters,1.0,,RDKit,2026.03.6,2026-09-17,e99d97a3665c237f,RDKit Descriptors.descList; 2D
1,D-glucose,Phi,2.9936419290949137,,RDKit,2026.03.6,2026-09-17,e99d97a3665c237f,RDKit Descriptors.descList; 2D
1,D-glucose,RingCount,1.0,,RDKit,2026.03.6,2026-09-17,e99d97a3665c237f,RDKit Descriptors.descList; 2D
1,D-glucose,MolLogP,-3.2213999999999987,,RDKit,2026.03.6,2026-09-17,e99d97a3665c237f,RDKit Descriptors.descList; 2D
1,D-glucose,MolMR,35.98599999999999,,RDKit,2026.03.6,2026-09-17,e99d97a3665c237f,RDKit Descriptors.descList; 2D
1,D-glucose,fr_Al_COO,0.0,,RDKit,2026.03.6,2026-09-17,e99d97a3665c237f,RDKit Descriptors.descList; 2D
1,D-glucose,fr_Al_OH,5.0,,RDKit,2026.03.6,2026-09-17,e99d97a3665c237f,RDKit Descriptors.descList; 2D
1,D-glucose,fr_Al_OH_noTert,5.0,,RDKit,2026.03.6,2026-09-17,e99d97a3665c237f,RDKit Descriptors.descList; 2D
1,D-glucose,fr_ArN,0.0,,RDKit,2026.03.6,2026-09-17,e99d97a3665c237f,RDKit Descriptors.descList; 2D
1,D-glucose,fr_Ar_COO,0.0,,RDKit,2026.03.6,2026-09-17,e99d97a3665c237f,RDKit Descriptors.descList; 2D
1,D-glucose,fr_Ar_N,0.0,,RDKit,2026.03.6,2026-09-17,e99d97a3665c237f,RDKit Descriptors.descList; 2D
1,D-glucose,fr_Ar_NH,0.0,,RDKit,2026.03.6,2026-09-17,e99d97a3665c237f,RDKit Descriptors.descList; 2D
1,D-glucose,fr_Ar_OH,0.0,,RDKit,2026.03.6,2026-09-17,e99d97a3665c237f,RDKit Descriptors.descList; 2D
1,D-glucose,fr_COO,0.0,,RDKit,2026.03.6,2026-09-17,e99d97a3665c237f,RDKit Descriptors.descList; 2D
1,D-glucose,fr_COO2,0.0,,RDKit,2026.03.6,2026-09-17,e99d97a3665c237f,RDKit Descriptors.descList; 2D
1,D-glucose,fr_C_O,0.0,,RDKit,2026.03.6,2026-09-17,e99d97a3665c237f,RDKit Descriptors.descList; 2D
1,D-glucose,fr_C_O_noCOO,0.0,,RDKit,2026.03.6,2026-09-17,e99d97a3665c237f,RDKit Descriptors.descList; 2D
1,D-glucose,fr_C_S,0.0,,RDKit,2026.03.6,2026-09-17,e99d97a3665c237f,RDKit Descriptors.descList; 2D
1,D-glucose,fr_HOCCN,0.0,,RDKit,2026.03.6,2026-09-17,e99d97a3665c237f,RDKit Descriptors.descList; 2D
1,D-glucose,fr_Imine,0.0,,RDKit,2026.03.6,2026-09-17,e99d97a3665c237f,RDKit Descriptors.descList; 2D
1,D-glucose,fr_NH0,0.0,,RDKit,2026.03.6,2026-09-17,e99d97a3665c237f,RDKit Descriptors.descList; 2D
1,D-glucose,fr_NH1,0.0,,RDKit,2026.03.6,2026-09-17,e99d97a3665c237f,RDKit Descriptors.descList; 2D
1,D-glucose,fr_NH2,0.0,,RDKit,2026.03.6,2026-09-17,e99d97a3665c237f,RDKit Descriptors.descList; 2D
1,D-glucose,fr_N_O,0.0,,RDKit,2026.03.6,2026-09-17,e99d97a3665c237f,RDKit Descriptors.descList; 2D
1,D-glucose,fr_Ndealkylation1,0.0,,RDKit,2026.03.6,2026-09-17,e99d97a3665c237f,RDKit Descriptors.descList; 2D
1,D-glucose,fr_Ndealkylation2,0.0,,RDKit,2026.03.6,2026-09-17,e99d97a3665c237f,RDKit Descriptors.descList; 2D
1,D-glucose,fr_Nhpyrrole,0.0,,RDKit,2026.03.6,2026-09-17,e99d97a3665c237f,RDKit Descriptors.descList; 2D
1,D-glucose,fr_SH,0.0,,RDKit,2026.03.6,2026-09-17,e99d97a3665c237f,RDKit Descriptors.descList; 2D
1,D-glucose,fr_aldehyde,0.0,,RDKit,2026.03.6,2026-09-17,e99d97a3665c237f,RDKit Descriptors.descList; 2D
1,D-glucose,fr_alkyl_carbamate,0.0,,RDKit,2026.03.6,2026-09-17,e99d97a3665c237f,RDKit Descriptors.descList; 2D
1,D-glucose,fr_alkyl_halide,0.0,,RDKit,2026.03.6,2026-09-17,e99d97a3665c237f,RDKit Descriptors.descList; 2D
1,D-glucose,fr_allylic_oxid,0.0,,RDKit,2026.03.6,2026-09-17,e99d97a3665c237f,RDKit Descriptors.descList; 2D
1,D-glucose,fr_amide,0.0,,RDKit,2026.03.6,2026-09-17,e99d97a3665c237f,RDKit Descriptors.descList; 2D
1,D-glucose,fr_amidine,0.0,,RDKit,2026.03.6,2026-09-17,e99d97a3665c237f,RDKit Descriptors.descList; 2D
1,D-glucose,fr_aniline,0.0,,RDKit,2026.03.6,2026-09-17,e99d97a3665c237f,RDKit Descriptors.descList; 2D
1,D-glucose,fr_aryl_methyl,0.0,,RDKit,2026.03.6,2026-09-17,e99d97a3665c237f,RDKit Descriptors.descList; 2D
1,D-glucose,fr_azide,0.0,,RDKit,2026.03.6,2026-09-17,e99d97a3665c237f,RDKit Descriptors.descList; 2D
1,D-glucose,fr_azo,0.0,,RDKit,2026.03.6,2026-09-17,e99d97a3665c237f,RDKit Descriptors.descList; 2D
1,D-glucose,fr_barbitur,0.0,,RDKit,2026.03.6,2026-09-17,e99d97a3665c237f,RDKit Descriptors.descList; 2D
1,D-glucose,fr_benzene,0.0,,RDKit,2026.03.6,2026-09-17,e99d97a3665c237f,RDKit Descriptors.descList; 2D
1,D-glucose,fr_benzodiazepine,0.0,,RDKit,2026.03.6,2026-09-17,e99d97a3665c237f,RDKit Descriptors.descList; 2D
1,D-glucose,fr_bicyclic,0.0,,RDKit,2026.03.6,2026-09-17,e99d97a3665c237f,RDKit Descriptors.descList; 2D
1,D-glucose,fr_diazo,0.0,,RDKit,2026.03.6,2026-09-17,e99d97a3665c237f,RDKit Descriptors.descList; 2D
1,D-glucose,fr_dihydropyridine,0.0,,RDKit,2026.03.6,2026-09-17,e99d97a3665c237f,RDKit Descriptors.descList; 2D
1,D-glucose,fr_epoxide,0.0,,RDKit,2026.03.6,2026-09-17,e99d97a3665c237f,RDKit Descriptors.descList; 2D
1,D-glucose,fr_ester,0.0,,RDKit,2026.03.6,2026-09-17,e99d97a3665c237f,RDKit Descriptors.descList; 2D
1,D-glucose,fr_ether,1.0,,RDKit,2026.03.6,2026-09-17,e99d97a3665c237f,RDKit Descriptors.descList; 2D
1,D-glucose,fr_furan,0.0,,RDKit,2026.03.6,2026-09-17,e99d97a3665c237f,RDKit Descriptors.descList; 2D
1,D-glucose,fr_guanido,0.0,,RDKit,2026.03.6,2026-09-17,e99d97a3665c237f,RDKit Descriptors.descList; 2D
1,D-glucose,fr_halogen,0.0,,RDKit,2026.03.6,2026-09-17,e99d97a3665c237f,RDKit Descriptors.descList; 2D
1,D-glucose,fr_hdrzine,0.0,,RDKit,2026.03.6,2026-09-17,e99d97a3665c237f,RDKit Descriptors.descList; 2D
1,D-glucose,fr_hdrzone,0.0,,RDKit,2026.03.6,2026-09-17,e99d97a3665c237f,RDKit Descriptors.descList; 2D
1,D-glucose,fr_imidazole,0.0,,RDKit,2026.03.6,2026-09-17,e99d97a3665c237f,RDKit Descriptors.descList; 2D
1,D-glucose,fr_imide,0.0,,RDKit,2026.03.6,2026-09-17,e99d97a3665c237f,RDKit Descriptors.descList; 2D
1,D-glucose,fr_isocyan,0.0,,RDKit,2026.03.6,2026-09-17,e99d97a3665c237f,RDKit Descriptors.descList; 2D
1,D-glucose,fr_isothiocyan,0.0,,RDKit,2026.03.6,2026-09-17,e99d97a3665c237f,RDKit Descriptors.descList; 2D
1,D-glucose,fr_ketone,0.0,,RDKit,2026.03.6,2026-09-17,e99d97a3665c237f,RDKit Descriptors.descList; 2D
1,D-glucose,fr_ketone_Topliss,0.0,,RDKit,2026.03.6,2026-09-17,e99d97a3665c237f,RDKit Descriptors.descList; 2D
1,D-glucose,fr_lactam,0.0,,RDKit,2026.03.6,2026-09-17,e99d97a3665c237f,RDKit Descriptors.descList; 2D
1,D-glucose,fr_lactone,0.0,,RDKit,2026.03.6,2026-09-17,e99d97a3665c237f,RDKit Descriptors.descList; 2D
1,D-glucose,fr_methoxy,0.0,,RDKit,2026.03.6,2026-09-17,e99d97a3665c237f,RDKit Descriptors.descList; 2D
1,D-glucose,fr_morpholine,0.0,,RDKit,2026.03.6,2026-09-17,e99d97a3665c237f,RDKit Descriptors.descList; 2D
1,D-glucose,fr_nitrile,0.0,,RDKit,2026.03.6,2026-09-17,e99d97a3665c237f,RDKit Descriptors.descList; 2D
1,D-glucose,fr_nitro,0.0,,RDKit,2026.03.6,2026-09-17,e99d97a3665c237f,RDKit Descriptors.descList; 2D
1,D-glucose,fr_nitro_arom,0.0,,RDKit,2026.03.6,2026-09-17,e99d97a3665c237f,RDKit Descriptors.descList; 2D
1,D-glucose,fr_nitro_arom_nonortho,0.0,,RDKit,2026.03.6,2026-09-17,e99d97a3665c237f,RDKit Descriptors.descList; 2D
1,D-glucose,fr_nitroso,0.0,,RDKit,2026.03.6,2026-09-17,e99d97a3665c237f,RDKit Descriptors.descList; 2D
1,D-glucose,fr_oxazole,0.0,,RDKit,2026.03.6,2026-09-17,e99d97a3665c237f,RDKit Descriptors.descList; 2D
1,D-glucose,fr_oxime,0.0,,RDKit,2026.03.6,2026-09-17,e99d97a3665c237f,RDKit Descriptors.descList; 2D
1,D-glucose,fr_para_hydroxylation,0.0,,RDKit,2026.03.6,2026-09-17,e99d97a3665c237f,RDKit Descriptors.descList; 2D
1,D-glucose,fr_phenol,0.0,,RDKit,2026.03.6,2026-09-17,e99d97a3665c237f,RDKit Descriptors.descList; 2D
1,D-glucose,fr_phenol_noOrthoHbond,0.0,,RDKit,2026.03.6,2026-09-17,e99d97a3665c237f,RDKit Descriptors.descList; 2D
1,D-glucose,fr_phos_acid,0.0,,RDKit,2026.03.6,2026-09-17,e99d97a3665c237f,RDKit Descriptors.descList; 2D
1,D-glucose,fr_phos_ester,0.0,,RDKit,2026.03.6,2026-09-17,e99d97a3665c237f,RDKit Descriptors.descList; 2D
1,D-glucose,fr_piperdine,0.0,,RDKit,2026.03.6,2026-09-17,e99d97a3665c237f,RDKit Descriptors.descList; 2D
1,D-glucose,fr_piperzine,0.0,,RDKit,2026.03.6,2026-09-17,e99d97a3665c237f,RDKit Descriptors.descList; 2D
1,D-glucose,fr_priamide,0.0,,RDKit,2026.03.6,2026-09-17,e99d97a3665c237f,RDKit Descriptors.descList; 2D
1,D-glucose,fr_prisulfonamd,0.0,,RDKit,2026.03.6,2026-09-17,e99d97a3665c237f,RDKit Descriptors.descList; 2D
1,D-glucose,fr_pyridine,0.0,,RDKit,2026.03.6,2026-09-17,e99d97a3665c237f,RDKit Descriptors.descList; 2D
1,D-glucose,fr_quatN,0.0,,RDKit,2026.03.6,2026-09-17,e99d97a3665c237f,RDKit Descriptors.descList; 2D
1,D-glucose,fr_sulfide,0.0,,RDKit,2026.03.6,2026-09-17,e99d97a3665c237f,RDKit Descriptors.descList; 2D
1,D-glucose,fr_sulfonamd,0.0,,RDKit,2026.03.6,2026-09-17,e99d97a3665c237f,RDKit Descriptors.descList; 2D
1,D-glucose,fr_sulfone,0.0,,RDKit,2026.03.6,2026-09-17,e99d97a3665c237f,RDKit Descriptors.descList; 2D
1,D-glucose,fr_term_acetylene,0.0,,RDKit,2026.03.6,2026-09-17,e99d97a3665c237f,RDKit Descriptors.descList; 2D
1,D-glucose,fr_tetrazole,0.0,,RDKit,2026.03.6,2026-09-17,e99d97a3665c237f,RDKit Descriptors.descList; 2D
1,D-glucose,fr_thiazole,0.0,,RDKit,2026.03.6,2026-09-17,e99d97a3665c237f,RDKit Descriptors.descList; 2D
1,D-glucose,fr_thiocyan,0.0,,RDKit,2026.03.6,2026-09-17,e99d97a3665c237f,RDKit Descriptors.descList; 2D
1,D-glucose,fr_thiophene,0.0,,RDKit,2026.03.6,2026-09-17,e99d97a3665c237f,RDKit Descriptors.descList; 2D
1,D-glucose,fr_unbrch_alkane,0.0,,RDKit,2026.03.6,2026-09-17,e99d97a3665c237f,RDKit Descriptors.descList; 2D
1,D-glucose,fr_urea,0.0,,RDKit,2026.03.6,2026-09-17,e99d97a3665c237f,RDKit Descriptors.descList; 2D
2,D-xylose,MaxAbsEStateIndex,8.876620370370372,,RDKit,2026.03.6,2026-09-17,e99d97a3665c237f,RDKit Descriptors.descList; 2D
2,D-xylose,MaxEStateIndex,8.876620370370372,,RDKit,2026.03.6,2026-09-17,e99d97a3665c237f,RDKit Descriptors.descList; 2D
2,D-xylose,MinAbsEStateIndex,0.15337962962962948,,RDKit,2026.03.6,2026-09-17,e99d97a3665c237f,RDKit Descriptors.descList; 2D
2,D-xylose,MinEStateIndex,-1.4131944444444449,,RDKit,2026.03.6,2026-09-17,e99d97a3665c237f,RDKit Descriptors.descList; 2D
2,D-xylose,qed,0.30425032049783735,,RDKit,2026.03.6,2026-09-17,e99d97a3665c237f,RDKit Descriptors.descList; 2D
2,D-xylose,SPS,49.2,,RDKit,2026.03.6,2026-09-17,e99d97a3665c237f,RDKit Descriptors.descList; 2D
2,D-xylose,MolWt,150.13,,RDKit,2026.03.6,2026-09-17,e99d97a3665c237f,RDKit Descriptors.descList; 2D
2,D-xylose,HeavyAtomMolWt,140.04999999999998,,RDKit,2026.03.6,2026-09-17,e99d97a3665c237f,RDKit Descriptors.descList; 2D
2,D-xylose,ExactMolWt,150.05282342,,RDKit,2026.03.6,2026-09-17,e99d97a3665c237f,RDKit Descriptors.descList; 2D
2,D-xylose,NumValenceElectrons,60.0,,RDKit,2026.03.6,2026-09-17,e99d97a3665c237f,RDKit Descriptors.descList; 2D
2,D-xylose,NumRadicalElectrons,0.0,,RDKit,2026.03.6,2026-09-17,e99d97a3665c237f,RDKit Descriptors.descList; 2D
2,D-xylose,MaxPartialCharge,0.18311500623380847,,RDKit,2026.03.6,2026-09-17,e99d97a3665c237f,RDKit Descriptors.descList; 2D
2,D-xylose,MinPartialCharge,-0.3878997004049285,,RDKit,2026.03.6,2026-09-17,e99d97a3665c237f,RDKit Descriptors.descList; 2D
2,D-xylose,MaxAbsPartialCharge,0.3878997004049285,,RDKit,2026.03.6,2026-09-17,e99d97a3665c237f,RDKit Descriptors.descList; 2D
2,D-xylose,MinAbsPartialCharge,0.18311500623380847,,RDKit,2026.03.6,2026-09-17,e99d97a3665c237f,RDKit Descriptors.descList; 2D
2,D-xylose,FpDensityMorgan1,1.0,,RDKit,2026.03.6,2026-09-17,e99d97a3665c237f,RDKit Descriptors.descList; 2D
2,D-xylose,FpDensityMorgan2,1.6,,RDKit,2026.03.6,2026-09-17,e99d97a3665c237f,RDKit Descriptors.descList; 2D
2,D-xylose,FpDensityMorgan3,2.1,,RDKit,2026.03.6,2026-09-17,e99d97a3665c237f,RDKit Descriptors.descList; 2D
2,D-xylose,BCUT2D_MWHI,16.62720345316681,,RDKit,2026.03.6,2026-09-17,e99d97a3665c237f,RDKit Descriptors.descList; 2D
2,D-xylose,BCUT2D_MWLOW,10.063339826770592,,RDKit,2026.03.6,2026-09-17,e99d97a3665c237f,RDKit Descriptors.descList; 2D
2,D-xylose,BCUT2D_CHGHI,2.355681915963513,,RDKit,2026.03.6,2026-09-17,e99d97a3665c237f,RDKit Descriptors.descList; 2D
2,D-xylose,BCUT2D_CHGLO,-2.314105610949074,,RDKit,2026.03.6,2026-09-17,e99d97a3665c237f,RDKit Descriptors.descList; 2D
2,D-xylose,BCUT2D_LOGPHI,2.12120412350192,,RDKit,2026.03.6,2026-09-17,e99d97a3665c237f,RDKit Descriptors.descList; 2D
2,D-xylose,BCUT2D_LOGPLOW,-2.5219121461336242,,RDKit,2026.03.6,2026-09-17,e99d97a3665c237f,RDKit Descriptors.descList; 2D
2,D-xylose,BCUT2D_MRHI,4.806542271025373,,RDKit,2026.03.6,2026-09-17,e99d97a3665c237f,RDKit Descriptors.descList; 2D
2,D-xylose,BCUT2D_MRLOW,-0.25170526129389387,,RDKit,2026.03.6,2026-09-17,e99d97a3665c237f,RDKit Descriptors.descList; 2D
2,D-xylose,AvgIpc,1.9321601728882982,,RDKit,2026.03.6,2026-09-17,e99d97a3665c237f,RDKit Descriptors.descList; 2D
2,D-xylose,BalabanJ,2.515835979311492,,RDKit,2026.03.6,2026-09-17,e99d97a3665c237f,RDKit Descriptors.descList; 2D
2,D-xylose,BertzCT,102.6059378176129,,RDKit,2026.03.6,2026-09-17,e99d97a3665c237f,RDKit Descriptors.descList; 2D
2,D-xylose,Chi0,7.723614639131598,,RDKit,2026.03.6,2026-09-17,e99d97a3665c237f,RDKit Descriptors.descList; 2D
2,D-xylose,Chi0n,5.213610530408746,,RDKit,2026.03.6,2026-09-17,e99d97a3665c237f,RDKit Descriptors.descList; 2D
2,D-xylose,Chi0v,5.213610530408746,,RDKit,2026.03.6,2026-09-17,e99d97a3665c237f,RDKit Descriptors.descList; 2D
2,D-xylose,Chi1,4.625897657686229,,RDKit,2026.03.6,2026-09-17,e99d97a3665c237f,RDKit Descriptors.descList; 2D
2,D-xylose,Chi1n,2.9654212444428367,,RDKit,2026.03.6,2026-09-17,e99d97a3665c237f,RDKit Descriptors.descList; 2D
2,D-xylose,Chi1v,2.9654212444428367,,RDKit,2026.03.6,2026-09-17,e99d97a3665c237f,RDKit Descriptors.descList; 2D
2,D-xylose,Chi2n,2.2724291688504716,,RDKit,2026.03.6,2026-09-17,e99d97a3665c237f,RDKit Descriptors.descList; 2D
2,D-xylose,Chi2v,2.2724291688504716,,RDKit,2026.03.6,2026-09-17,e99d97a3665c237f,RDKit Descriptors.descList; 2D
2,D-xylose,Chi3n,1.474040131439216,,RDKit,2026.03.6,2026-09-17,e99d97a3665c237f,RDKit Descriptors.descList; 2D
2,D-xylose,Chi3v,1.474040131439216,,RDKit,2026.03.6,2026-09-17,e99d97a3665c237f,RDKit Descriptors.descList; 2D
2,D-xylose,Chi4n,0.7906384719647612,,RDKit,2026.03.6,2026-09-17,e99d97a3665c237f,RDKit Descriptors.descList; 2D
2,D-xylose,Chi4v,0.7906384719647612,,RDKit,2026.03.6,2026-09-17,e99d97a3665c237f,RDKit Descriptors.descList; 2D
2,D-xylose,HallKierAlpha,-0.2,,RDKit,2026.03.6,2026-09-17,e99d97a3665c237f,RDKit Descriptors.descList; 2D
2,D-xylose,Ipc,171.96225538705855,,RDKit,2026.03.6,2026-09-17,e99d97a3665c237f,RDKit Descriptors.descList; 2D
2,D-xylose,Kappa1,7.90204081632653,,RDKit,2026.03.6,2026-09-17,e99d97a3665c237f,RDKit Descriptors.descList; 2D
2,D-xylose,Kappa2,2.811342155009452,,RDKit,2026.03.6,2026-09-17,e99d97a3665c237f,RDKit Descriptors.descList; 2D
2,D-xylose,Kappa3,1.2778911564625854,,RDKit,2026.03.6,2026-09-17,e99d97a3665c237f,RDKit Descriptors.descList; 2D
2,D-xylose,LabuteASA,57.48366857017767,,RDKit,2026.03.6,2026-09-17,e99d97a3665c237f,RDKit Descriptors.descList; 2D
2,D-xylose,PEOE_VSA1,25.162972533162872,,RDKit,2026.03.6,2026-09-17,e99d97a3665c237f,RDKit Descriptors.descList; 2D
2,D-xylose,PEOE_VSA10,18.31189916324491,,RDKit,2026.03.6,2026-09-17,e99d97a3665c237f,RDKit Descriptors.descList; 2D
2,D-xylose,PEOE_VSA11,6.290026729335213,,RDKit,2026.03.6,2026-09-17,e99d97a3665c237f,RDKit Descriptors.descList; 2D
2,D-xylose,PEOE_VSA12,0.0,,RDKit,2026.03.6,2026-09-17,e99d97a3665c237f,RDKit Descriptors.descList; 2D
2,D-xylose,PEOE_VSA13,0.0,,RDKit,2026.03.6,2026-09-17,e99d97a3665c237f,RDKit Descriptors.descList; 2D
2,D-xylose,PEOE_VSA14,0.0,,RDKit,2026.03.6,2026-09-17,e99d97a3665c237f,RDKit Descriptors.descList; 2D
2,D-xylose,PEOE_VSA2,0.0,,RDKit,2026.03.6,2026-09-17,e99d97a3665c237f,RDKit Descriptors.descList; 2D
2,D-xylose,PEOE_VSA3,0.0,,RDKit,2026.03.6,2026-09-17,e99d97a3665c237f,RDKit Descriptors.descList; 2D
2,D-xylose,PEOE_VSA4,0.0,,RDKit,2026.03.6,2026-09-17,e99d97a3665c237f,RDKit Descriptors.descList; 2D
2,D-xylose,PEOE_VSA5,0.0,,RDKit,2026.03.6,2026-09-17,e99d97a3665c237f,RDKit Descriptors.descList; 2D
2,D-xylose,PEOE_VSA6,0.0,,RDKit,2026.03.6,2026-09-17,e99d97a3665c237f,RDKit Descriptors.descList; 2D
2,D-xylose,PEOE_VSA7,0.0,,RDKit,2026.03.6,2026-09-17,e99d97a3665c237f,RDKit Descriptors.descList; 2D
2,D-xylose,PEOE_VSA8,0.0,,RDKit,2026.03.6,2026-09-17,e99d97a3665c237f,RDKit Descriptors.descList; 2D
2,D-xylose,PEOE_VSA9,6.606881964512918,,RDKit,2026.03.6,2026-09-17,e99d97a3665c237f,RDKit Descriptors.descList; 2D
2,D-xylose,SMR_VSA1,25.162972533162872,,RDKit,2026.03.6,2026-09-17,e99d97a3665c237f,RDKit Descriptors.descList; 2D
2,D-xylose,SMR_VSA10,0.0,,RDKit,2026.03.6,2026-09-17,e99d97a3665c237f,RDKit Descriptors.descList; 2D
2,D-xylose,SMR_VSA2,0.0,,RDKit,2026.03.6,2026-09-17,e99d97a3665c237f,RDKit Descriptors.descList; 2D
2,D-xylose,SMR_VSA3,0.0,,RDKit,2026.03.6,2026-09-17,e99d97a3665c237f,RDKit Descriptors.descList; 2D
2,D-xylose,SMR_VSA4,0.0,,RDKit,2026.03.6,2026-09-17,e99d97a3665c237f,RDKit Descriptors.descList; 2D
2,D-xylose,SMR_VSA5,24.601925892580123,,RDKit,2026.03.6,2026-09-17,e99d97a3665c237f,RDKit Descriptors.descList; 2D
2,D-xylose,SMR_VSA6,6.606881964512918,,RDKit,2026.03.6,2026-09-17,e99d97a3665c237f,RDKit Descriptors.descList; 2D
2,D-xylose,SMR_VSA7,0.0,,RDKit,2026.03.6,2026-09-17,e99d97a3665c237f,RDKit Descriptors.descList; 2D
2,D-xylose,SMR_VSA8,0.0,,RDKit,2026.03.6,2026-09-17,e99d97a3665c237f,RDKit Descriptors.descList; 2D
2,D-xylose,SMR_VSA9,0.0,,RDKit,2026.03.6,2026-09-17,e99d97a3665c237f,RDKit Descriptors.descList; 2D
2,D-xylose,SlogP_VSA1,0.0,,RDKit,2026.03.6,2026-09-17,e99d97a3665c237f,RDKit Descriptors.descList; 2D
2,D-xylose,SlogP_VSA10,0.0,,RDKit,2026.03.6,2026-09-17,e99d97a3665c237f,RDKit Descriptors.descList; 2D
2,D-xylose,SlogP_VSA11,0.0,,RDKit,2026.03.6,2026-09-17,e99d97a3665c237f,RDKit Descriptors.descList; 2D
2,D-xylose,SlogP_VSA12,0.0,,RDKit,2026.03.6,2026-09-17,e99d97a3665c237f,RDKit Descriptors.descList; 2D
2,D-xylose,SlogP_VSA2,51.63491743645586,,RDKit,2026.03.6,2026-09-17,e99d97a3665c237f,RDKit Descriptors.descList; 2D
2,D-xylose,SlogP_VSA3,4.736862953800049,,RDKit,2026.03.6,2026-09-17,e99d97a3665c237f,RDKit Descriptors.descList; 2D
2,D-xylose,SlogP_VSA4,0.0,,RDKit,2026.03.6,2026-09-17,e99d97a3665c237f,RDKit Descriptors.descList; 2D
2,D-xylose,SlogP_VSA5,0.0,,RDKit,2026.03.6,2026-09-17,e99d97a3665c237f,RDKit Descriptors.descList; 2D
2,D-xylose,SlogP_VSA6,0.0,,RDKit,2026.03.6,2026-09-17,e99d97a3665c237f,RDKit Descriptors.descList; 2D
2,D-xylose,SlogP_VSA7,0.0,,RDKit,2026.03.6,2026-09-17,e99d97a3665c237f,RDKit Descriptors.descList; 2D
2,D-xylose,SlogP_VSA8,0.0,,RDKit,2026.03.6,2026-09-17,e99d97a3665c237f,RDKit Descriptors.descList; 2D
2,D-xylose,SlogP_VSA9,0.0,,RDKit,2026.03.6,2026-09-17,e99d97a3665c237f,RDKit Descriptors.descList; 2D
2,D-xylose,TPSA,90.15,,RDKit,2026.03.6,2026-09-17,e99d97a3665c237f,RDKit Descriptors.descList; 2D
2,D-xylose,EState_VSA1,24.601925892580123,,RDKit,2026.03.6,2026-09-17,e99d97a3665c237f,RDKit Descriptors.descList; 2D
2,D-xylose,EState_VSA10,0.0,,RDKit,2026.03.6,2026-09-17,e99d97a3665c237f,RDKit Descriptors.descList; 2D
2,D-xylose,EState_VSA11,0.0,,RDKit,2026.03.6,2026-09-17,e99d97a3665c237f,RDKit Descriptors.descList; 2D
2,D-xylose,EState_VSA2,6.606881964512918,,RDKit,2026.03.6,2026-09-17,e99d97a3665c237f,RDKit Descriptors.descList; 2D
2,D-xylose,EState_VSA3,0.0,,RDKit,2026.03.6,2026-09-17,e99d97a3665c237f,RDKit Descriptors.descList; 2D
2,D-xylose,EState_VSA4,0.0,,RDKit,2026.03.6,2026-09-17,e99d97a3665c237f,RDKit Descriptors.descList; 2D
2,D-xylose,EState_VSA5,0.0,,RDKit,2026.03.6,2026-09-17,e99d97a3665c237f,RDKit Descriptors.descList; 2D
2,D-xylose,EState_VSA6,0.0,,RDKit,2026.03.6,2026-09-17,e99d97a3665c237f,RDKit Descriptors.descList; 2D
2,D-xylose,EState_VSA7,0.0,,RDKit,2026.03.6,2026-09-17,e99d97a3665c237f,RDKit Descriptors.descList; 2D
2,D-xylose,EState_VSA8,4.736862953800049,,RDKit,2026.03.6,2026-09-17,e99d97a3665c237f,RDKit Descriptors.descList; 2D
2,D-xylose,EState_VSA9,20.426109579362823,,RDKit,2026.03.6,2026-09-17,e99d97a3665c237f,RDKit Descriptors.descList; 2D
2,D-xylose,VSA_EState1,4.468287037037037,,RDKit,2026.03.6,2026-09-17,e99d97a3665c237f,RDKit Descriptors.descList; 2D
2,D-xylose,VSA_EState10,0.0,,RDKit,2026.03.6,2026-09-17,e99d97a3665c237f,RDKit Descriptors.descList; 2D
2,D-xylose,VSA_EState2,0.0,,RDKit,2026.03.6,2026-09-17,e99d97a3665c237f,RDKit Descriptors.descList; 2D
2,D-xylose,VSA_EState3,35.25055555555556,,RDKit,2026.03.6,2026-09-17,e99d97a3665c237f,RDKit Descriptors.descList; 2D
2,D-xylose,VSA_EState4,0.0,,RDKit,2026.03.6,2026-09-17,e99d97a3665c237f,RDKit Descriptors.descList; 2D
2,D-xylose,VSA_EState5,0.0,,RDKit,2026.03.6,2026-09-17,e99d97a3665c237f,RDKit Descriptors.descList; 2D
2,D-xylose,VSA_EState6,0.0,,RDKit,2026.03.6,2026-09-17,e99d97a3665c237f,RDKit Descriptors.descList; 2D
2,D-xylose,VSA_EState7,-5.232129629629631,,RDKit,2026.03.6,2026-09-17,e99d97a3665c237f,RDKit Descriptors.descList; 2D
2,D-xylose,VSA_EState8,-0.15337962962962948,,RDKit,2026.03.6,2026-09-17,e99d97a3665c237f,RDKit Descriptors.descList; 2D
2,D-xylose,VSA_EState9,0.0,,RDKit,2026.03.6,2026-09-17,e99d97a3665c237f,RDKit Descriptors.descList; 2D
2,D-xylose,FractionCSP3,1.0,,RDKit,2026.03.6,2026-09-17,e99d97a3665c237f,RDKit Descriptors.descList; 2D
2,D-xylose,HeavyAtomCount,10.0,,RDKit,2026.03.6,2026-09-17,e99d97a3665c237f,RDKit Descriptors.descList; 2D
2,D-xylose,NHOHCount,4.0,,RDKit,2026.03.6,2026-09-17,e99d97a3665c237f,RDKit Descriptors.descList; 2D
2,D-xylose,NOCount,5.0,,RDKit,2026.03.6,2026-09-17,e99d97a3665c237f,RDKit Descriptors.descList; 2D
2,D-xylose,NumAliphaticCarbocycles,0.0,,RDKit,2026.03.6,2026-09-17,e99d97a3665c237f,RDKit Descriptors.descList; 2D
2,D-xylose,NumAliphaticHeterocycles,1.0,,RDKit,2026.03.6,2026-09-17,e99d97a3665c237f,RDKit Descriptors.descList; 2D
2,D-xylose,NumAliphaticRings,1.0,,RDKit,2026.03.6,2026-09-17,e99d97a3665c237f,RDKit Descriptors.descList; 2D
2,D-xylose,NumAmideBonds,0.0,,RDKit,2026.03.6,2026-09-17,e99d97a3665c237f,RDKit Descriptors.descList; 2D
2,D-xylose,NumAromaticCarbocycles,0.0,,RDKit,2026.03.6,2026-09-17,e99d97a3665c237f,RDKit Descriptors.descList; 2D
2,D-xylose,NumAromaticHeterocycles,0.0,,RDKit,2026.03.6,2026-09-17,e99d97a3665c237f,RDKit Descriptors.descList; 2D
2,D-xylose,NumAromaticRings,0.0,,RDKit,2026.03.6,2026-09-17,e99d97a3665c237f,RDKit Descriptors.descList; 2D
2,D-xylose,NumAtomStereoCenters,4.0,,RDKit,2026.03.6,2026-09-17,e99d97a3665c237f,RDKit Descriptors.descList; 2D
2,D-xylose,NumBridgeheadAtoms,0.0,,RDKit,2026.03.6,2026-09-17,e99d97a3665c237f,RDKit Descriptors.descList; 2D
2,D-xylose,NumHAcceptors,5.0,,RDKit,2026.03.6,2026-09-17,e99d97a3665c237f,RDKit Descriptors.descList; 2D
2,D-xylose,NumHDonors,4.0,,RDKit,2026.03.6,2026-09-17,e99d97a3665c237f,RDKit Descriptors.descList; 2D
2,D-xylose,NumHeteroatoms,5.0,,RDKit,2026.03.6,2026-09-17,e99d97a3665c237f,RDKit Descriptors.descList; 2D
2,D-xylose,NumHeterocycles,1.0,,RDKit,2026.03.6,2026-09-17,e99d97a3665c237f,RDKit Descriptors.descList; 2D
2,D-xylose,NumRotatableBonds,0.0,,RDKit,2026.03.6,2026-09-17,e99d97a3665c237f,RDKit Descriptors.descList; 2D
2,D-xylose,NumSaturatedCarbocycles,0.0,,RDKit,2026.03.6,2026-09-17,e99d97a3665c237f,RDKit Descriptors.descList; 2D
2,D-xylose,NumSaturatedHeterocycles,1.0,,RDKit,2026.03.6,2026-09-17,e99d97a3665c237f,RDKit Descriptors.descList; 2D
2,D-xylose,NumSaturatedRings,1.0,,RDKit,2026.03.6,2026-09-17,e99d97a3665c237f,RDKit Descriptors.descList; 2D
2,D-xylose,NumSpiroAtoms,0.0,,RDKit,2026.03.6,2026-09-17,e99d97a3665c237f,RDKit Descriptors.descList; 2D
2,D-xylose,NumUnspecifiedAtomStereoCenters,1.0,,RDKit,2026.03.6,2026-09-17,e99d97a3665c237f,RDKit Descriptors.descList; 2D
2,D-xylose,Phi,2.2215340457544075,,RDKit,2026.03.6,2026-09-17,e99d97a3665c237f,RDKit Descriptors.descList; 2D
2,D-xylose,RingCount,1.0,,RDKit,2026.03.6,2026-09-17,e99d97a3665c237f,RDKit Descriptors.descList; 2D
2,D-xylose,MolLogP,-2.5823,,RDKit,2026.03.6,2026-09-17,e99d97a3665c237f,RDKit Descriptors.descList; 2D
2,D-xylose,MolMR,29.979199999999988,,RDKit,2026.03.6,2026-09-17,e99d97a3665c237f,RDKit Descriptors.descList; 2D
2,D-xylose,fr_Al_COO,0.0,,RDKit,2026.03.6,2026-09-17,e99d97a3665c237f,RDKit Descriptors.descList; 2D
2,D-xylose,fr_Al_OH,4.0,,RDKit,2026.03.6,2026-09-17,e99d97a3665c237f,RDKit Descriptors.descList; 2D
2,D-xylose,fr_Al_OH_noTert,4.0,,RDKit,2026.03.6,2026-09-17,e99d97a3665c237f,RDKit Descriptors.descList; 2D
2,D-xylose,fr_ArN,0.0,,RDKit,2026.03.6,2026-09-17,e99d97a3665c237f,RDKit Descriptors.descList; 2D
2,D-xylose,fr_Ar_COO,0.0,,RDKit,2026.03.6,2026-09-17,e99d97a3665c237f,RDKit Descriptors.descList; 2D
2,D-xylose,fr_Ar_N,0.0,,RDKit,2026.03.6,2026-09-17,e99d97a3665c237f,RDKit Descriptors.descList; 2D
2,D-xylose,fr_Ar_NH,0.0,,RDKit,2026.03.6,2026-09-17,e99d97a3665c237f,RDKit Descriptors.descList; 2D
2,D-xylose,fr_Ar_OH,0.0,,RDKit,2026.03.6,2026-09-17,e99d97a3665c237f,RDKit Descriptors.descList; 2D
2,D-xylose,fr_COO,0.0,,RDKit,2026.03.6,2026-09-17,e99d97a3665c237f,RDKit Descriptors.descList; 2D
2,D-xylose,fr_COO2,0.0,,RDKit,2026.03.6,2026-09-17,e99d97a3665c237f,RDKit Descriptors.descList; 2D
2,D-xylose,fr_C_O,0.0,,RDKit,2026.03.6,2026-09-17,e99d97a3665c237f,RDKit Descriptors.descList; 2D
2,D-xylose,fr_C_O_noCOO,0.0,,RDKit,2026.03.6,2026-09-17,e99d97a3665c237f,RDKit Descriptors.descList; 2D
2,D-xylose,fr_C_S,0.0,,RDKit,2026.03.6,2026-09-17,e99d97a3665c237f,RDKit Descriptors.descList; 2D
2,D-xylose,fr_HOCCN,0.0,,RDKit,2026.03.6,2026-09-17,e99d97a3665c237f,RDKit Descriptors.descList; 2D
2,D-xylose,fr_Imine,0.0,,RDKit,2026.03.6,2026-09-17,e99d97a3665c237f,RDKit Descriptors.descList; 2D
2,D-xylose,fr_NH0,0.0,,RDKit,2026.03.6,2026-09-17,e99d97a3665c237f,RDKit Descriptors.descList; 2D
2,D-xylose,fr_NH1,0.0,,RDKit,2026.03.6,2026-09-17,e99d97a3665c237f,RDKit Descriptors.descList; 2D
2,D-xylose,fr_NH2,0.0,,RDKit,2026.03.6,2026-09-17,e99d97a3665c237f,RDKit Descriptors.descList; 2D
2,D-xylose,fr_N_O,0.0,,RDKit,2026.03.6,2026-09-17,e99d97a3665c237f,RDKit Descriptors.descList; 2D
2,D-xylose,fr_Ndealkylation1,0.0,,RDKit,2026.03.6,2026-09-17,e99d97a3665c237f,RDKit Descriptors.descList; 2D
2,D-xylose,fr_Ndealkylation2,0.0,,RDKit,2026.03.6,2026-09-17,e99d97a3665c237f,RDKit Descriptors.descList; 2D
2,D-xylose,fr_Nhpyrrole,0.0,,RDKit,2026.03.6,2026-09-17,e99d97a3665c237f,RDKit Descriptors.descList; 2D
2,D-xylose,fr_SH,0.0,,RDKit,2026.03.6,2026-09-17,e99d97a3665c237f,RDKit Descriptors.descList; 2D
2,D-xylose,fr_aldehyde,0.0,,RDKit,2026.03.6,2026-09-17,e99d97a3665c237f,RDKit Descriptors.descList; 2D
2,D-xylose,fr_alkyl_carbamate,0.0,,RDKit,2026.03.6,2026-09-17,e99d97a3665c237f,RDKit Descriptors.descList; 2D
2,D-xylose,fr_alkyl_halide,0.0,,RDKit,2026.03.6,2026-09-17,e99d97a3665c237f,RDKit Descriptors.descList; 2D
2,D-xylose,fr_allylic_oxid,0.0,,RDKit,2026.03.6,2026-09-17,e99d97a3665c237f,RDKit Descriptors.descList; 2D
2,D-xylose,fr_amide,0.0,,RDKit,2026.03.6,2026-09-17,e99d97a3665c237f,RDKit Descriptors.descList; 2D
2,D-xylose,fr_amidine,0.0,,RDKit,2026.03.6,2026-09-17,e99d97a3665c237f,RDKit Descriptors.descList; 2D
2,D-xylose,fr_aniline,0.0,,RDKit,2026.03.6,2026-09-17,e99d97a3665c237f,RDKit Descriptors.descList; 2D
2,D-xylose,fr_aryl_methyl,0.0,,RDKit,2026.03.6,2026-09-17,e99d97a3665c237f,RDKit Descriptors.descList; 2D
2,D-xylose,fr_azide,0.0,,RDKit,2026.03.6,2026-09-17,e99d97a3665c237f,RDKit Descriptors.descList; 2D
2,D-xylose,fr_azo,0.0,,RDKit,2026.03.6,2026-09-17,e99d97a3665c237f,RDKit Descriptors.descList; 2D
2,D-xylose,fr_barbitur,0.0,,RDKit,2026.03.6,2026-09-17,e99d97a3665c237f,RDKit Descriptors.descList; 2D
2,D-xylose,fr_benzene,0.0,,RDKit,2026.03.6,2026-09-17,e99d97a3665c237f,RDKit Descriptors.descList; 2D
2,D-xylose,fr_benzodiazepine,0.0,,RDKit,2026.03.6,2026-09-17,e99d97a3665c237f,RDKit Descriptors.descList; 2D
2,D-xylose,fr_bicyclic,0.0,,RDKit,2026.03.6,2026-09-17,e99d97a3665c237f,RDKit Descriptors.descList; 2D
2,D-xylose,fr_diazo,0.0,,RDKit,2026.03.6,2026-09-17,e99d97a3665c237f,RDKit Descriptors.descList; 2D
2,D-xylose,fr_dihydropyridine,0.0,,RDKit,2026.03.6,2026-09-17,e99d97a3665c237f,RDKit Descriptors.descList; 2D
2,D-xylose,fr_epoxide,0.0,,RDKit,2026.03.6,2026-09-17,e99d97a3665c237f,RDKit Descriptors.descList; 2D
2,D-xylose,fr_ester,0.0,,RDKit,2026.03.6,2026-09-17,e99d97a3665c237f,RDKit Descriptors.descList; 2D
2,D-xylose,fr_ether,1.0,,RDKit,2026.03.6,2026-09-17,e99d97a3665c237f,RDKit Descriptors.descList; 2D
2,D-xylose,fr_furan,0.0,,RDKit,2026.03.6,2026-09-17,e99d97a3665c237f,RDKit Descriptors.descList; 2D
2,D-xylose,fr_guanido,0.0,,RDKit,2026.03.6,2026-09-17,e99d97a3665c237f,RDKit Descriptors.descList; 2D
2,D-xylose,fr_halogen,0.0,,RDKit,2026.03.6,2026-09-17,e99d97a3665c237f,RDKit Descriptors.descList; 2D
2,D-xylose,fr_hdrzine,0.0,,RDKit,2026.03.6,2026-09-17,e99d97a3665c237f,RDKit Descriptors.descList; 2D
2,D-xylose,fr_hdrzone,0.0,,RDKit,2026.03.6,2026-09-17,e99d97a3665c237f,RDKit Descriptors.descList; 2D
2,D-xylose,fr_imidazole,0.0,,RDKit,2026.03.6,2026-09-17,e99d97a3665c237f,RDKit Descriptors.descList; 2D
2,D-xylose,fr_imide,0.0,,RDKit,2026.03.6,2026-09-17,e99d97a3665c237f,RDKit Descriptors.descList; 2D
2,D-xylose,fr_isocyan,0.0,,RDKit,2026.03.6,2026-09-17,e99d97a3665c237f,RDKit Descriptors.descList; 2D
2,D-xylose,fr_isothiocyan,0.0,,RDKit,2026.03.6,2026-09-17,e99d97a3665c237f,RDKit Descriptors.descList; 2D
2,D-xylose,fr_ketone,0.0,,RDKit,2026.03.6,2026-09-17,e99d97a3665c237f,RDKit Descriptors.descList; 2D
2,D-xylose,fr_ketone_Topliss,0.0,,RDKit,2026.03.6,2026-09-17,e99d97a3665c237f,RDKit Descriptors.descList; 2D
2,D-xylose,fr_lactam,0.0,,RDKit,2026.03.6,2026-09-17,e99d97a3665c237f,RDKit Descriptors.descList; 2D
2,D-xylose,fr_lactone,0.0,,RDKit,2026.03.6,2026-09-17,e99d97a3665c237f,RDKit Descriptors.descList; 2D
2,D-xylose,fr_methoxy,0.0,,RDKit,2026.03.6,2026-09-17,e99d97a3665c237f,RDKit Descriptors.descList; 2D
2,D-xylose,fr_morpholine,0.0,,RDKit,2026.03.6,2026-09-17,e99d97a3665c237f,RDKit Descriptors.descList; 2D
2,D-xylose,fr_nitrile,0.0,,RDKit,2026.03.6,2026-09-17,e99d97a3665c237f,RDKit Descriptors.descList; 2D
2,D-xylose,fr_nitro,0.0,,RDKit,2026.03.6,2026-09-17,e99d97a3665c237f,RDKit Descriptors.descList; 2D
2,D-xylose,fr_nitro_arom,0.0,,RDKit,2026.03.6,2026-09-17,e99d97a3665c237f,RDKit Descriptors.descList; 2D
2,D-xylose,fr_nitro_arom_nonortho,0.0,,RDKit,2026.03.6,2026-09-17,e99d97a3665c237f,RDKit Descriptors.descList; 2D
2,D-xylose,fr_nitroso,0.0,,RDKit,2026.03.6,2026-09-17,e99d97a3665c237f,RDKit Descriptors.descList; 2D
2,D-xylose,fr_oxazole,0.0,,RDKit,2026.03.6,2026-09-17,e99d97a3665c237f,RDKit Descriptors.descList; 2D
2,D-xylose,fr_oxime,0.0,,RDKit,2026.03.6,2026-09-17,e99d97a3665c237f,RDKit Descriptors.descList; 2D
2,D-xylose,fr_para_hydroxylation,0.0,,RDKit,2026.03.6,2026-09-17,e99d97a3665c237f,RDKit Descriptors.descList; 2D
2,D-xylose,fr_phenol,0.0,,RDKit,2026.03.6,2026-09-17,e99d97a3665c237f,RDKit Descriptors.descList; 2D
2,D-xylose,fr_phenol_noOrthoHbond,0.0,,RDKit,2026.03.6,2026-09-17,e99d97a3665c237f,RDKit Descriptors.descList; 2D
2,D-xylose,fr_phos_acid,0.0,,RDKit,2026.03.6,2026-09-17,e99d97a3665c237f,RDKit Descriptors.descList; 2D
2,D-xylose,fr_phos_ester,0.0,,RDKit,2026.03.6,2026-09-17,e99d97a3665c237f,RDKit Descriptors.descList; 2D
2,D-xylose,fr_piperdine,0.0,,RDKit,2026.03.6,2026-09-17,e99d97a3665c237f,RDKit Descriptors.descList; 2D
2,D-xylose,fr_piperzine,0.0,,RDKit,2026.03.6,2026-09-17,e99d97a3665c237f,RDKit Descriptors.descList; 2D
2,D-xylose,fr_priamide,0.0,,RDKit,2026.03.6,2026-09-17,e99d97a3665c237f,RDKit Descriptors.descList; 2D
2,D-xylose,fr_prisulfonamd,0.0,,RDKit,2026.03.6,2026-09-17,e99d97a3665c237f,RDKit Descriptors.descList; 2D
2,D-xylose,fr_pyridine,0.0,,RDKit,2026.03.6,2026-09-17,e99d97a3665c237f,RDKit Descriptors.descList; 2D
2,D-xylose,fr_quatN,0.0,,RDKit,2026.03.6,2026-09-17,e99d97a3665c237f,RDKit Descriptors.descList; 2D
2,D-xylose,fr_sulfide,0.0,,RDKit,2026.03.6,2026-09-17,e99d97a3665c237f,RDKit Descriptors.descList; 2D
2,D-xylose,fr_sulfonamd,0.0,,RDKit,2026.03.6,2026-09-17,e99d97a3665c237f,RDKit Descriptors.descList; 2D
2,D-xylose,fr_sulfone,0.0,,RDKit,2026.03.6,2026-09-17,e99d97a3665c237f,RDKit Descriptors.descList; 2D
2,D-xylose,fr_term_acetylene,0.0,,RDKit,2026.03.6,2026-09-17,e99d97a3665c237f,RDKit Descriptors.descList; 2D
2,D-xylose,fr_tetrazole,0.0,,RDKit,2026.03.6,2026-09-17,e99d97a3665c237f,RDKit Descriptors.descList; 2D
2,D-xylose,fr_thiazole,0.0,,RDKit,2026.03.6,2026-09-17,e99d97a3665c237f,RDKit Descriptors.descList; 2D
2,D-xylose,fr_thiocyan,0.0,,RDKit,2026.03.6,2026-09-17,e99d97a3665c237f,RDKit Descriptors.descList; 2D
2,D-xylose,fr_thiophene,0.0,,RDKit,2026.03.6,2026-09-17,e99d97a3665c237f,RDKit Descriptors.descList; 2D
2,D-xylose,fr_unbrch_alkane,0.0,,RDKit,2026.03.6,2026-09-17,e99d97a3665c237f,RDKit Descriptors.descList; 2D
2,D-xylose,fr_urea,0.0,,RDKit,2026.03.6,2026-09-17,e99d97a3665c237f,RDKit Descriptors.descList; 2D
3,5-hydroxymethylfurfural,MaxAbsEStateIndex,9.96036186696901,,RDKit,2026.03.6,2026-09-17,e99d97a3665c237f,RDKit Descriptors.descList; 2D
3,5-hydroxymethylfurfural,MaxEStateIndex,9.96036186696901,,RDKit,2026.03.6,2026-09-17,e99d97a3665c237f,RDKit Descriptors.descList; 2D
3,5-hydroxymethylfurfural,MinAbsEStateIndex,0.15888888888888886,,RDKit,2026.03.6,2026-09-17,e99d97a3665c237f,RDKit Descriptors.descList; 2D
3,5-hydroxymethylfurfural,MinEStateIndex,-0.15888888888888886,,RDKit,2026.03.6,2026-09-17,e99d97a3665c237f,RDKit Descriptors.descList; 2D
3,5-hydroxymethylfurfural,qed,0.589595257065356,,RDKit,2026.03.6,2026-09-17,e99d97a3665c237f,RDKit Descriptors.descList; 2D
3,5-hydroxymethylfurfural,SPS,9.444444444444445,,RDKit,2026.03.6,2026-09-17,e99d97a3665c237f,RDKit Descriptors.descList; 2D
3,5-hydroxymethylfurfural,MolWt,126.11099999999996,,RDKit,2026.03.6,2026-09-17,e99d97a3665c237f,RDKit Descriptors.descList; 2D
3,5-hydroxymethylfurfural,HeavyAtomMolWt,120.06299999999997,,RDKit,2026.03.6,2026-09-17,e99d97a3665c237f,RDKit Descriptors.descList; 2D
3,5-hydroxymethylfurfural,ExactMolWt,126.031694052,,RDKit,2026.03.6,2026-09-17,e99d97a3665c237f,RDKit Descriptors.descList; 2D
3,5-hydroxymethylfurfural,NumValenceElectrons,48.0,,RDKit,2026.03.6,2026-09-17,e99d97a3665c237f,RDKit Descriptors.descList; 2D
3,5-hydroxymethylfurfural,NumRadicalElectrons,0.0,,RDKit,2026.03.6,2026-09-17,e99d97a3665c237f,RDKit Descriptors.descList; 2D
3,5-hydroxymethylfurfural,MaxPartialCharge,0.18481978253359987,,RDKit,2026.03.6,2026-09-17,e99d97a3665c237f,RDKit Descriptors.descList; 2D
3,5-hydroxymethylfurfural,MinPartialCharge,-0.4558356563162004,,RDKit,2026.03.6,2026-09-17,e99d97a3665c237f,RDKit Descriptors.descList; 2D
3,5-hydroxymethylfurfural,MaxAbsPartialCharge,0.4558356563162004,,RDKit,2026.03.6,2026-09-17,e99d97a3665c237f,RDKit Descriptors.descList; 2D
3,5-hydroxymethylfurfural,MinAbsPartialCharge,0.18481978253359987,,RDKit,2026.03.6,2026-09-17,e99d97a3665c237f,RDKit Descriptors.descList; 2D
3,5-hydroxymethylfurfural,FpDensityMorgan1,1.6666666666666667,,RDKit,2026.03.6,2026-09-17,e99d97a3665c237f,RDKit Descriptors.descList; 2D
3,5-hydroxymethylfurfural,FpDensityMorgan2,2.4444444444444446,,RDKit,2026.03.6,2026-09-17,e99d97a3665c237f,RDKit Descriptors.descList; 2D
3,5-hydroxymethylfurfural,FpDensityMorgan3,2.7777777777777777,,RDKit,2026.03.6,2026-09-17,e99d97a3665c237f,RDKit Descriptors.descList; 2D
3,5-hydroxymethylfurfural,BCUT2D_MWHI,16.364010028832272,,RDKit,2026.03.6,2026-09-17,e99d97a3665c237f,RDKit Descriptors.descList; 2D
3,5-hydroxymethylfurfural,BCUT2D_MWLOW,10.436730894542922,,RDKit,2026.03.6,2026-09-17,e99d97a3665c237f,RDKit Descriptors.descList; 2D
3,5-hydroxymethylfurfural,BCUT2D_CHGHI,1.958556938621485,,RDKit,2026.03.6,2026-09-17,e99d97a3665c237f,RDKit Descriptors.descList; 2D
3,5-hydroxymethylfurfural,BCUT2D_CHGLO,-1.8188319869913785,,RDKit,2026.03.6,2026-09-17,e99d97a3665c237f,RDKit Descriptors.descList; 2D
3,5-hydroxymethylfurfural,BCUT2D_LOGPHI,2.033991984048891,,RDKit,2026.03.6,2026-09-17,e99d97a3665c237f,RDKit Descriptors.descList; 2D
3,5-hydroxymethylfurfural,BCUT2D_LOGPLOW,-1.743348619159012,,RDKit,2026.03.6,2026-09-17,e99d97a3665c237f,RDKit Descriptors.descList; 2D
3,5-hydroxymethylfurfural,BCUT2D_MRHI,5.697856737988059,,RDKit,2026.03.6,2026-09-17,e99d97a3665c237f,RDKit Descriptors.descList; 2D
3,5-hydroxymethylfurfural,BCUT2D_MRLOW,0.10913242083452902,,RDKit,2026.03.6,2026-09-17,e99d97a3665c237f,RDKit Descriptors.descList; 2D
3,5-hydroxymethylfurfural,AvgIpc,2.3403139841551672,,RDKit,2026.03.6,2026-09-17,e99d97a3665c237f,RDKit Descriptors.descList; 2D
3,5-hydroxymethylfurfural,BalabanJ,2.857899491803967,,RDKit,2026.03.6,2026-09-17,e99d97a3665c237f,RDKit Descriptors.descList; 2D
3,5-hydroxymethylfurfural,BertzCT,201.82281909596475,,RDKit,2026.03.6,2026-09-17,e99d97a3665c237f,RDKit Descriptors.descList; 2D
3,5-hydroxymethylfurfural,Chi0,6.690234444311989,,RDKit,2026.03.6,2026-09-17,e99d97a3665c237f,RDKit Descriptors.descList; 2D
3,5-hydroxymethylfurfural,Chi0n,4.702867765183109,,RDKit,2026.03.6,2026-09-17,e99d97a3665c237f,RDKit Descriptors.descList; 2D
3,5-hydroxymethylfurfural,Chi0v,4.702867765183109,,RDKit,2026.03.6,2026-09-17,e99d97a3665c237f,RDKit Descriptors.descList; 2D
3,5-hydroxymethylfurfural,Chi1,4.363703305156273,,RDKit,2026.03.6,2026-09-17,e99d97a3665c237f,RDKit Descriptors.descList; 2D
3,5-hydroxymethylfurfural,Chi1n,2.5130904445872626,,RDKit,2026.03.6,2026-09-17,e99d97a3665c237f,RDKit Descriptors.descList; 2D
3,5-hydroxymethylfurfural,Chi1v,2.5130904445872626,,RDKit,2026.03.6,2026-09-17,e99d97a3665c237f,RDKit Descriptors.descList; 2D
3,5-hydroxymethylfurfural,Chi2n,1.5800421889447545,,RDKit,2026.03.6,2026-09-17,e99d97a3665c237f,RDKit Descriptors.descList; 2D
3,5-hydroxymethylfurfural,Chi2v,1.5800421889447545,,RDKit,2026.03.6,2026-09-17,e99d97a3665c237f,RDKit Descriptors.descList; 2D
3,5-hydroxymethylfurfural,Chi3n,0.9544284703600876,,RDKit,2026.03.6,2026-09-17,e99d97a3665c237f,RDKit Descriptors.descList; 2D
3,5-hydroxymethylfurfural,Chi3v,0.9544284703600876,,RDKit,2026.03.6,2026-09-17,e99d97a3665c237f,RDKit Descriptors.descList; 2D
3,5-hydroxymethylfurfural,Chi4n,0.5428150262666346,,RDKit,2026.03.6,2026-09-17,e99d97a3665c237f,RDKit Descriptors.descList; 2D
3,5-hydroxymethylfurfural,Chi4v,0.5428150262666346,,RDKit,2026.03.6,2026-09-17,e99d97a3665c237f,RDKit Descriptors.descList; 2D
3,5-hydroxymethylfurfural,HallKierAlpha,-1.09,,RDKit,2026.03.6,2026-09-17,e99d97a3665c237f,RDKit Descriptors.descList; 2D
3,5-hydroxymethylfurfural,Ipc,173.18323482748238,,RDKit,2026.03.6,2026-09-17,e99d97a3665c237f,RDKit Descriptors.descList; 2D
3,5-hydroxymethylfurfural,Kappa1,6.036422250316056,,RDKit,2026.03.6,2026-09-17,e99d97a3665c237f,RDKit Descriptors.descList; 2D
3,5-hydroxymethylfurfural,Kappa2,2.457568886884076,,RDKit,2026.03.6,2026-09-17,e99d97a3665c237f,RDKit Descriptors.descList; 2D
3,5-hydroxymethylfurfural,Kappa3,1.1744039645226125,,RDKit,2026.03.6,2026-09-17,e99d97a3665c237f,RDKit Descriptors.descList; 2D
3,5-hydroxymethylfurfural,LabuteASA,51.911372464606785,,RDKit,2026.03.6,2026-09-17,e99d97a3665c237f,RDKit Descriptors.descList; 2D
3,5-hydroxymethylfurfural,PEOE_VSA1,9.523678331894054,,RDKit,2026.03.6,2026-09-17,e99d97a3665c237f,RDKit Descriptors.descList; 2D
3,5-hydroxymethylfurfural,PEOE_VSA10,12.367129383387361,,RDKit,2026.03.6,2026-09-17,e99d97a3665c237f,RDKit Descriptors.descList; 2D
3,5-hydroxymethylfurfural,PEOE_VSA11,12.046407942003999,,RDKit,2026.03.6,2026-09-17,e99d97a3665c237f,RDKit Descriptors.descList; 2D
3,5-hydroxymethylfurfural,PEOE_VSA12,0.0,,RDKit,2026.03.6,2026-09-17,e99d97a3665c237f,RDKit Descriptors.descList; 2D
3,5-hydroxymethylfurfural,PEOE_VSA13,0.0,,RDKit,2026.03.6,2026-09-17,e99d97a3665c237f,RDKit Descriptors.descList; 2D
3,5-hydroxymethylfurfural,PEOE_VSA14,0.0,,RDKit,2026.03.6,2026-09-17,e99d97a3665c237f,RDKit Descriptors.descList; 2D
3,5-hydroxymethylfurfural,PEOE_VSA2,4.794537184071822,,RDKit,2026.03.6,2026-09-17,e99d97a3665c237f,RDKit Descriptors.descList; 2D
3,5-hydroxymethylfurfural,PEOE_VSA3,0.0,,RDKit,2026.03.6,2026-09-17,e99d97a3665c237f,RDKit Descriptors.descList; 2D
3,5-hydroxymethylfurfural,PEOE_VSA4,0.0,,RDKit,2026.03.6,2026-09-17,e99d97a3665c237f,RDKit Descriptors.descList; 2D
3,5-hydroxymethylfurfural,PEOE_VSA5,0.0,,RDKit,2026.03.6,2026-09-17,e99d97a3665c237f,RDKit Descriptors.descList; 2D
3,5-hydroxymethylfurfural,PEOE_VSA6,0.0,,RDKit,2026.03.6,2026-09-17,e99d97a3665c237f,RDKit Descriptors.descList; 2D
3,5-hydroxymethylfurfural,PEOE_VSA7,12.13273413692322,,RDKit,2026.03.6,2026-09-17,e99d97a3665c237f,RDKit Descriptors.descList; 2D
3,5-hydroxymethylfurfural,PEOE_VSA8,0.0,,RDKit,2026.03.6,2026-09-17,e99d97a3665c237f,RDKit Descriptors.descList; 2D
3,5-hydroxymethylfurfural,PEOE_VSA9,0.0,,RDKit,2026.03.6,2026-09-17,e99d97a3665c237f,RDKit Descriptors.descList; 2D
3,5-hydroxymethylfurfural,SMR_VSA1,14.318215515965875,,RDKit,2026.03.6,2026-09-17,e99d97a3665c237f,RDKit Descriptors.descList; 2D
3,5-hydroxymethylfurfural,SMR_VSA10,6.286160523129555,,RDKit,2026.03.6,2026-09-17,e99d97a3665c237f,RDKit Descriptors.descList; 2D
3,5-hydroxymethylfurfural,SMR_VSA2,0.0,,RDKit,2026.03.6,2026-09-17,e99d97a3665c237f,RDKit Descriptors.descList; 2D
3,5-hydroxymethylfurfural,SMR_VSA3,0.0,,RDKit,2026.03.6,2026-09-17,e99d97a3665c237f,RDKit Descriptors.descList; 2D
3,5-hydroxymethylfurfural,SMR_VSA4,0.0,,RDKit,2026.03.6,2026-09-17,e99d97a3665c237f,RDKit Descriptors.descList; 2D
3,5-hydroxymethylfurfural,SMR_VSA5,6.606881964512918,,RDKit,2026.03.6,2026-09-17,e99d97a3665c237f,RDKit Descriptors.descList; 2D
3,5-hydroxymethylfurfural,SMR_VSA6,0.0,,RDKit,2026.03.6,2026-09-17,e99d97a3665c237f,RDKit Descriptors.descList; 2D
3,5-hydroxymethylfurfural,SMR_VSA7,23.653228974672103,,RDKit,2026.03.6,2026-09-17,e99d97a3665c237f,RDKit Descriptors.descList; 2D
3,5-hydroxymethylfurfural,SMR_VSA8,0.0,,RDKit,2026.03.6,2026-09-17,e99d97a3665c237f,RDKit Descriptors.descList; 2D
3,5-hydroxymethylfurfural,SMR_VSA9,0.0,,RDKit,2026.03.6,2026-09-17,e99d97a3665c237f,RDKit Descriptors.descList; 2D
3,5-hydroxymethylfurfural,SlogP_VSA1,0.0,,RDKit,2026.03.6,2026-09-17,e99d97a3665c237f,RDKit Descriptors.descList; 2D
3,5-hydroxymethylfurfural,SlogP_VSA10,0.0,,RDKit,2026.03.6,2026-09-17,e99d97a3665c237f,RDKit Descriptors.descList; 2D
3,5-hydroxymethylfurfural,SlogP_VSA11,0.0,,RDKit,2026.03.6,2026-09-17,e99d97a3665c237f,RDKit Descriptors.descList; 2D
3,5-hydroxymethylfurfural,SlogP_VSA12,0.0,,RDKit,2026.03.6,2026-09-17,e99d97a3665c237f,RDKit Descriptors.descList; 2D
3,5-hydroxymethylfurfural,SlogP_VSA2,11.39268791797026,,RDKit,2026.03.6,2026-09-17,e99d97a3665c237f,RDKit Descriptors.descList; 2D
3,5-hydroxymethylfurfural,SlogP_VSA3,6.606881964512918,,RDKit,2026.03.6,2026-09-17,e99d97a3665c237f,RDKit Descriptors.descList; 2D
3,5-hydroxymethylfurfural,SlogP_VSA4,0.0,,RDKit,2026.03.6,2026-09-17,e99d97a3665c237f,RDKit Descriptors.descList; 2D
3,5-hydroxymethylfurfural,SlogP_VSA5,16.315032021820706,,RDKit,2026.03.6,2026-09-17,e99d97a3665c237f,RDKit Descriptors.descList; 2D
3,5-hydroxymethylfurfural,SlogP_VSA6,16.54988507397657,,RDKit,2026.03.6,2026-09-17,e99d97a3665c237f,RDKit Descriptors.descList; 2D
3,5-hydroxymethylfurfural,SlogP_VSA7,0.0,,RDKit,2026.03.6,2026-09-17,e99d97a3665c237f,RDKit Descriptors.descList; 2D
3,5-hydroxymethylfurfural,SlogP_VSA8,0.0,,RDKit,2026.03.6,2026-09-17,e99d97a3665c237f,RDKit Descriptors.descList; 2D
3,5-hydroxymethylfurfural,SlogP_VSA9,0.0,,RDKit,2026.03.6,2026-09-17,e99d97a3665c237f,RDKit Descriptors.descList; 2D
3,5-hydroxymethylfurfural,TPSA,50.44,,RDKit,2026.03.6,2026-09-17,e99d97a3665c237f,RDKit Descriptors.descList; 2D
3,5-hydroxymethylfurfural,EState_VSA1,0.0,,RDKit,2026.03.6,2026-09-17,e99d97a3665c237f,RDKit Descriptors.descList; 2D
3,5-hydroxymethylfurfural,EState_VSA10,4.794537184071822,,RDKit,2026.03.6,2026-09-17,e99d97a3665c237f,RDKit Descriptors.descList; 2D
3,5-hydroxymethylfurfural,EState_VSA11,0.0,,RDKit,2026.03.6,2026-09-17,e99d97a3665c237f,RDKit Descriptors.descList; 2D
3,5-hydroxymethylfurfural,EState_VSA2,12.367129383387361,,RDKit,2026.03.6,2026-09-17,e99d97a3665c237f,RDKit Descriptors.descList; 2D
3,5-hydroxymethylfurfural,EState_VSA3,12.046407942003999,,RDKit,2026.03.6,2026-09-17,e99d97a3665c237f,RDKit Descriptors.descList; 2D
3,5-hydroxymethylfurfural,EState_VSA4,0.0,,RDKit,2026.03.6,2026-09-17,e99d97a3665c237f,RDKit Descriptors.descList; 2D
3,5-hydroxymethylfurfural,EState_VSA5,6.06636706846161,,RDKit,2026.03.6,2026-09-17,e99d97a3665c237f,RDKit Descriptors.descList; 2D
3,5-hydroxymethylfurfural,EState_VSA6,6.06636706846161,,RDKit,2026.03.6,2026-09-17,e99d97a3665c237f,RDKit Descriptors.descList; 2D
3,5-hydroxymethylfurfural,EState_VSA7,0.0,,RDKit,2026.03.6,2026-09-17,e99d97a3665c237f,RDKit Descriptors.descList; 2D
3,5-hydroxymethylfurfural,EState_VSA8,0.0,,RDKit,2026.03.6,2026-09-17,e99d97a3665c237f,RDKit Descriptors.descList; 2D
3,5-hydroxymethylfurfural,EState_VSA9,9.523678331894054,,RDKit,2026.03.6,2026-09-17,e99d97a3665c237f,RDKit Descriptors.descList; 2D
3,5-hydroxymethylfurfural,VSA_EState1,4.763888888888889,,RDKit,2026.03.6,2026-09-17,e99d97a3665c237f,RDKit Descriptors.descList; 2D
3,5-hydroxymethylfurfural,VSA_EState10,0.0,,RDKit,2026.03.6,2026-09-17,e99d97a3665c237f,RDKit Descriptors.descList; 2D
3,5-hydroxymethylfurfural,VSA_EState2,9.96036186696901,,RDKit,2026.03.6,2026-09-17,e99d97a3665c237f,RDKit Descriptors.descList; 2D
3,5-hydroxymethylfurfural,VSA_EState3,8.436767762660619,,RDKit,2026.03.6,2026-09-17,e99d97a3665c237f,RDKit Descriptors.descList; 2D
3,5-hydroxymethylfurfural,VSA_EState4,0.0,,RDKit,2026.03.6,2026-09-17,e99d97a3665c237f,RDKit Descriptors.descList; 2D
3,5-hydroxymethylfurfural,VSA_EState5,0.6631018518518523,,RDKit,2026.03.6,2026-09-17,e99d97a3665c237f,RDKit Descriptors.descList; 2D
3,5-hydroxymethylfurfural,VSA_EState6,3.071712962962963,,RDKit,2026.03.6,2026-09-17,e99d97a3665c237f,RDKit Descriptors.descList; 2D
3,5-hydroxymethylfurfural,VSA_EState7,0.5963888888888889,,RDKit,2026.03.6,2026-09-17,e99d97a3665c237f,RDKit Descriptors.descList; 2D
3,5-hydroxymethylfurfural,VSA_EState8,-0.15888888888888886,,RDKit,2026.03.6,2026-09-17,e99d97a3665c237f,RDKit Descriptors.descList; 2D
3,5-hydroxymethylfurfural,VSA_EState9,0.0,,RDKit,2026.03.6,2026-09-17,e99d97a3665c237f,RDKit Descriptors.descList; 2D
3,5-hydroxymethylfurfural,FractionCSP3,0.16666666666666666,,RDKit,2026.03.6,2026-09-17,e99d97a3665c237f,RDKit Descriptors.descList; 2D
3,5-hydroxymethylfurfural,HeavyAtomCount,9.0,,RDKit,2026.03.6,2026-09-17,e99d97a3665c237f,RDKit Descriptors.descList; 2D
3,5-hydroxymethylfurfural,NHOHCount,1.0,,RDKit,2026.03.6,2026-09-17,e99d97a3665c237f,RDKit Descriptors.descList; 2D
3,5-hydroxymethylfurfural,NOCount,3.0,,RDKit,2026.03.6,2026-09-17,e99d97a3665c237f,RDKit Descriptors.descList; 2D
3,5-hydroxymethylfurfural,NumAliphaticCarbocycles,0.0,,RDKit,2026.03.6,2026-09-17,e99d97a3665c237f,RDKit Descriptors.descList; 2D
3,5-hydroxymethylfurfural,NumAliphaticHeterocycles,0.0,,RDKit,2026.03.6,2026-09-17,e99d97a3665c237f,RDKit Descriptors.descList; 2D
3,5-hydroxymethylfurfural,NumAliphaticRings,0.0,,RDKit,2026.03.6,2026-09-17,e99d97a3665c237f,RDKit Descriptors.descList; 2D
3,5-hydroxymethylfurfural,NumAmideBonds,0.0,,RDKit,2026.03.6,2026-09-17,e99d97a3665c237f,RDKit Descriptors.descList; 2D
3,5-hydroxymethylfurfural,NumAromaticCarbocycles,0.0,,RDKit,2026.03.6,2026-09-17,e99d97a3665c237f,RDKit Descriptors.descList; 2D
3,5-hydroxymethylfurfural,NumAromaticHeterocycles,1.0,,RDKit,2026.03.6,2026-09-17,e99d97a3665c237f,RDKit Descriptors.descList; 2D
3,5-hydroxymethylfurfural,NumAromaticRings,1.0,,RDKit,2026.03.6,2026-09-17,e99d97a3665c237f,RDKit Descriptors.descList; 2D
3,5-hydroxymethylfurfural,NumAtomStereoCenters,0.0,,RDKit,2026.03.6,2026-09-17,e99d97a3665c237f,RDKit Descriptors.descList; 2D
3,5-hydroxymethylfurfural,NumBridgeheadAtoms,0.0,,RDKit,2026.03.6,2026-09-17,e99d97a3665c237f,RDKit Descriptors.descList; 2D
3,5-hydroxymethylfurfural,NumHAcceptors,3.0,,RDKit,2026.03.6,2026-09-17,e99d97a3665c237f,RDKit Descriptors.descList; 2D
3,5-hydroxymethylfurfural,NumHDonors,1.0,,RDKit,2026.03.6,2026-09-17,e99d97a3665c237f,RDKit Descriptors.descList; 2D
3,5-hydroxymethylfurfural,NumHeteroatoms,3.0,,RDKit,2026.03.6,2026-09-17,e99d97a3665c237f,RDKit Descriptors.descList; 2D
3,5-hydroxymethylfurfural,NumHeterocycles,1.0,,RDKit,2026.03.6,2026-09-17,e99d97a3665c237f,RDKit Descriptors.descList; 2D
3,5-hydroxymethylfurfural,NumRotatableBonds,2.0,,RDKit,2026.03.6,2026-09-17,e99d97a3665c237f,RDKit Descriptors.descList; 2D
3,5-hydroxymethylfurfural,NumSaturatedCarbocycles,0.0,,RDKit,2026.03.6,2026-09-17,e99d97a3665c237f,RDKit Descriptors.descList; 2D
3,5-hydroxymethylfurfural,NumSaturatedHeterocycles,0.0,,RDKit,2026.03.6,2026-09-17,e99d97a3665c237f,RDKit Descriptors.descList; 2D
3,5-hydroxymethylfurfural,NumSaturatedRings,0.0,,RDKit,2026.03.6,2026-09-17,e99d97a3665c237f,RDKit Descriptors.descList; 2D
3,5-hydroxymethylfurfural,NumSpiroAtoms,0.0,,RDKit,2026.03.6,2026-09-17,e99d97a3665c237f,RDKit Descriptors.descList; 2D
3,5-hydroxymethylfurfural,NumUnspecifiedAtomStereoCenters,0.0,,RDKit,2026.03.6,2026-09-17,e99d97a3665c237f,RDKit Descriptors.descList; 2D
3,5-hydroxymethylfurfural,Phi,1.6483248344968333,,RDKit,2026.03.6,2026-09-17,e99d97a3665c237f,RDKit Descriptors.descList; 2D
3,5-hydroxymethylfurfural,RingCount,1.0,,RDKit,2026.03.6,2026-09-17,e99d97a3665c237f,RDKit Descriptors.descList; 2D
3,5-hydroxymethylfurfural,MolLogP,0.5844,,RDKit,2026.03.6,2026-09-17,e99d97a3665c237f,RDKit Descriptors.descList; 2D
3,5-hydroxymethylfurfural,MolMR,30.01829999999999,,RDKit,2026.03.6,2026-09-17,e99d97a3665c237f,RDKit Descriptors.descList; 2D
3,5-hydroxymethylfurfural,fr_Al_COO,0.0,,RDKit,2026.03.6,2026-09-17,e99d97a3665c237f,RDKit Descriptors.descList; 2D
3,5-hydroxymethylfurfural,fr_Al_OH,1.0,,RDKit,2026.03.6,2026-09-17,e99d97a3665c237f,RDKit Descriptors.descList; 2D
3,5-hydroxymethylfurfural,fr_Al_OH_noTert,1.0,,RDKit,2026.03.6,2026-09-17,e99d97a3665c237f,RDKit Descriptors.descList; 2D
3,5-hydroxymethylfurfural,fr_ArN,0.0,,RDKit,2026.03.6,2026-09-17,e99d97a3665c237f,RDKit Descriptors.descList; 2D
3,5-hydroxymethylfurfural,fr_Ar_COO,0.0,,RDKit,2026.03.6,2026-09-17,e99d97a3665c237f,RDKit Descriptors.descList; 2D
3,5-hydroxymethylfurfural,fr_Ar_N,0.0,,RDKit,2026.03.6,2026-09-17,e99d97a3665c237f,RDKit Descriptors.descList; 2D
3,5-hydroxymethylfurfural,fr_Ar_NH,0.0,,RDKit,2026.03.6,2026-09-17,e99d97a3665c237f,RDKit Descriptors.descList; 2D
3,5-hydroxymethylfurfural,fr_Ar_OH,0.0,,RDKit,2026.03.6,2026-09-17,e99d97a3665c237f,RDKit Descriptors.descList; 2D
3,5-hydroxymethylfurfural,fr_COO,0.0,,RDKit,2026.03.6,2026-09-17,e99d97a3665c237f,RDKit Descriptors.descList; 2D
3,5-hydroxymethylfurfural,fr_COO2,0.0,,RDKit,2026.03.6,2026-09-17,e99d97a3665c237f,RDKit Descriptors.descList; 2D
3,5-hydroxymethylfurfural,fr_C_O,1.0,,RDKit,2026.03.6,2026-09-17,e99d97a3665c237f,RDKit Descriptors.descList; 2D
3,5-hydroxymethylfurfural,fr_C_O_noCOO,1.0,,RDKit,2026.03.6,2026-09-17,e99d97a3665c237f,RDKit Descriptors.descList; 2D
3,5-hydroxymethylfurfural,fr_C_S,0.0,,RDKit,2026.03.6,2026-09-17,e99d97a3665c237f,RDKit Descriptors.descList; 2D
3,5-hydroxymethylfurfural,fr_HOCCN,0.0,,RDKit,2026.03.6,2026-09-17,e99d97a3665c237f,RDKit Descriptors.descList; 2D
3,5-hydroxymethylfurfural,fr_Imine,0.0,,RDKit,2026.03.6,2026-09-17,e99d97a3665c237f,RDKit Descriptors.descList; 2D
3,5-hydroxymethylfurfural,fr_NH0,0.0,,RDKit,2026.03.6,2026-09-17,e99d97a3665c237f,RDKit Descriptors.descList; 2D
3,5-hydroxymethylfurfural,fr_NH1,0.0,,RDKit,2026.03.6,2026-09-17,e99d97a3665c237f,RDKit Descriptors.descList; 2D
3,5-hydroxymethylfurfural,fr_NH2,0.0,,RDKit,2026.03.6,2026-09-17,e99d97a3665c237f,RDKit Descriptors.descList; 2D
3,5-hydroxymethylfurfural,fr_N_O,0.0,,RDKit,2026.03.6,2026-09-17,e99d97a3665c237f,RDKit Descriptors.descList; 2D
3,5-hydroxymethylfurfural,fr_Ndealkylation1,0.0,,RDKit,2026.03.6,2026-09-17,e99d97a3665c237f,RDKit Descriptors.descList; 2D
3,5-hydroxymethylfurfural,fr_Ndealkylation2,0.0,,RDKit,2026.03.6,2026-09-17,e99d97a3665c237f,RDKit Descriptors.descList; 2D
3,5-hydroxymethylfurfural,fr_Nhpyrrole,0.0,,RDKit,2026.03.6,2026-09-17,e99d97a3665c237f,RDKit Descriptors.descList; 2D
3,5-hydroxymethylfurfural,fr_SH,0.0,,RDKit,2026.03.6,2026-09-17,e99d97a3665c237f,RDKit Descriptors.descList; 2D
3,5-hydroxymethylfurfural,fr_aldehyde,1.0,,RDKit,2026.03.6,2026-09-17,e99d97a3665c237f,RDKit Descriptors.descList; 2D
3,5-hydroxymethylfurfural,fr_alkyl_carbamate,0.0,,RDKit,2026.03.6,2026-09-17,e99d97a3665c237f,RDKit Descriptors.descList; 2D
3,5-hydroxymethylfurfural,fr_alkyl_halide,0.0,,RDKit,2026.03.6,2026-09-17,e99d97a3665c237f,RDKit Descriptors.descList; 2D
3,5-hydroxymethylfurfural,fr_allylic_oxid,0.0,,RDKit,2026.03.6,2026-09-17,e99d97a3665c237f,RDKit Descriptors.descList; 2D
3,5-hydroxymethylfurfural,fr_amide,0.0,,RDKit,2026.03.6,2026-09-17,e99d97a3665c237f,RDKit Descriptors.descList; 2D
3,5-hydroxymethylfurfural,fr_amidine,0.0,,RDKit,2026.03.6,2026-09-17,e99d97a3665c237f,RDKit Descriptors.descList; 2D
3,5-hydroxymethylfurfural,fr_aniline,0.0,,RDKit,2026.03.6,2026-09-17,e99d97a3665c237f,RDKit Descriptors.descList; 2D
3,5-hydroxymethylfurfural,fr_aryl_methyl,0.0,,RDKit,2026.03.6,2026-09-17,e99d97a3665c237f,RDKit Descriptors.descList; 2D
3,5-hydroxymethylfurfural,fr_azide,0.0,,RDKit,2026.03.6,2026-09-17,e99d97a3665c237f,RDKit Descriptors.descList; 2D
3,5-hydroxymethylfurfural,fr_azo,0.0,,RDKit,2026.03.6,2026-09-17,e99d97a3665c237f,RDKit Descriptors.descList; 2D
3,5-hydroxymethylfurfural,fr_barbitur,0.0,,RDKit,2026.03.6,2026-09-17,e99d97a3665c237f,RDKit Descriptors.descList; 2D
3,5-hydroxymethylfurfural,fr_benzene,0.0,,RDKit,2026.03.6,2026-09-17,e99d97a3665c237f,RDKit Descriptors.descList; 2D
3,5-hydroxymethylfurfural,fr_benzodiazepine,0.0,,RDKit,2026.03.6,2026-09-17,e99d97a3665c237f,RDKit Descriptors.descList; 2D
3,5-hydroxymethylfurfural,fr_bicyclic,0.0,,RDKit,2026.03.6,2026-09-17,e99d97a3665c237f,RDKit Descriptors.descList; 2D
3,5-hydroxymethylfurfural,fr_diazo,0.0,,RDKit,2026.03.6,2026-09-17,e99d97a3665c237f,RDKit Descriptors.descList; 2D
3,5-hydroxymethylfurfural,fr_dihydropyridine,0.0,,RDKit,2026.03.6,2026-09-17,e99d97a3665c237f,RDKit Descriptors.descList; 2D
3,5-hydroxymethylfurfural,fr_epoxide,0.0,,RDKit,2026.03.6,2026-09-17,e99d97a3665c237f,RDKit Descriptors.descList; 2D
3,5-hydroxymethylfurfural,fr_ester,0.0,,RDKit,2026.03.6,2026-09-17,e99d97a3665c237f,RDKit Descriptors.descList; 2D
3,5-hydroxymethylfurfural,fr_ether,0.0,,RDKit,2026.03.6,2026-09-17,e99d97a3665c237f,RDKit Descriptors.descList; 2D
3,5-hydroxymethylfurfural,fr_furan,1.0,,RDKit,2026.03.6,2026-09-17,e99d97a3665c237f,RDKit Descriptors.descList; 2D
3,5-hydroxymethylfurfural,fr_guanido,0.0,,RDKit,2026.03.6,2026-09-17,e99d97a3665c237f,RDKit Descriptors.descList; 2D
3,5-hydroxymethylfurfural,fr_halogen,0.0,,RDKit,2026.03.6,2026-09-17,e99d97a3665c237f,RDKit Descriptors.descList; 2D
3,5-hydroxymethylfurfural,fr_hdrzine,0.0,,RDKit,2026.03.6,2026-09-17,e99d97a3665c237f,RDKit Descriptors.descList; 2D
3,5-hydroxymethylfurfural,fr_hdrzone,0.0,,RDKit,2026.03.6,2026-09-17,e99d97a3665c237f,RDKit Descriptors.descList; 2D
3,5-hydroxymethylfurfural,fr_imidazole,0.0,,RDKit,2026.03.6,2026-09-17,e99d97a3665c237f,RDKit Descriptors.descList; 2D
3,5-hydroxymethylfurfural,fr_imide,0.0,,RDKit,2026.03.6,2026-09-17,e99d97a3665c237f,RDKit Descriptors.descList; 2D
3,5-hydroxymethylfurfural,fr_isocyan,0.0,,RDKit,2026.03.6,2026-09-17,e99d97a3665c237f,RDKit Descriptors.descList; 2D
3,5-hydroxymethylfurfural,fr_isothiocyan,0.0,,RDKit,2026.03.6,2026-09-17,e99d97a3665c237f,RDKit Descriptors.descList; 2D
3,5-hydroxymethylfurfural,fr_ketone,0.0,,RDKit,2026.03.6,2026-09-17,e99d97a3665c237f,RDKit Descriptors.descList; 2D
3,5-hydroxymethylfurfural,fr_ketone_Topliss,0.0,,RDKit,2026.03.6,2026-09-17,e99d97a3665c237f,RDKit Descriptors.descList; 2D
3,5-hydroxymethylfurfural,fr_lactam,0.0,,RDKit,2026.03.6,2026-09-17,e99d97a3665c237f,RDKit Descriptors.descList; 2D
3,5-hydroxymethylfurfural,fr_lactone,0.0,,RDKit,2026.03.6,2026-09-17,e99d97a3665c237f,RDKit Descriptors.descList; 2D
3,5-hydroxymethylfurfural,fr_methoxy,0.0,,RDKit,2026.03.6,2026-09-17,e99d97a3665c237f,RDKit Descriptors.descList; 2D
3,5-hydroxymethylfurfural,fr_morpholine,0.0,,RDKit,2026.03.6,2026-09-17,e99d97a3665c237f,RDKit Descriptors.descList; 2D
3,5-hydroxymethylfurfural,fr_nitrile,0.0,,RDKit,2026.03.6,2026-09-17,e99d97a3665c237f,RDKit Descriptors.descList; 2D
3,5-hydroxymethylfurfural,fr_nitro,0.0,,RDKit,2026.03.6,2026-09-17,e99d97a3665c237f,RDKit Descriptors.descList; 2D
3,5-hydroxymethylfurfural,fr_nitro_arom,0.0,,RDKit,2026.03.6,2026-09-17,e99d97a3665c237f,RDKit Descriptors.descList; 2D
3,5-hydroxymethylfurfural,fr_nitro_arom_nonortho,0.0,,RDKit,2026.03.6,2026-09-17,e99d97a3665c237f,RDKit Descriptors.descList; 2D
3,5-hydroxymethylfurfural,fr_nitroso,0.0,,RDKit,2026.03.6,2026-09-17,e99d97a3665c237f,RDKit Descriptors.descList; 2D
3,5-hydroxymethylfurfural,fr_oxazole,0.0,,RDKit,2026.03.6,2026-09-17,e99d97a3665c237f,RDKit Descriptors.descList; 2D
3,5-hydroxymethylfurfural,fr_oxime,0.0,,RDKit,2026.03.6,2026-09-17,e99d97a3665c237f,RDKit Descriptors.descList; 2D
3,5-hydroxymethylfurfural,fr_para_hydroxylation,0.0,,RDKit,2026.03.6,2026-09-17,e99d97a3665c237f,RDKit Descriptors.descList; 2D
3,5-hydroxymethylfurfural,fr_phenol,0.0,,RDKit,2026.03.6,2026-09-17,e99d97a3665c237f,RDKit Descriptors.descList; 2D
3,5-hydroxymethylfurfural,fr_phenol_noOrthoHbond,0.0,,RDKit,2026.03.6,2026-09-17,e99d97a3665c237f,RDKit Descriptors.descList; 2D
3,5-hydroxymethylfurfural,fr_phos_acid,0.0,,RDKit,2026.03.6,2026-09-17,e99d97a3665c237f,RDKit Descriptors.descList; 2D
3,5-hydroxymethylfurfural,fr_phos_ester,0.0,,RDKit,2026.03.6,2026-09-17,e99d97a3665c237f,RDKit Descriptors.descList; 2D
3,5-hydroxymethylfurfural,fr_piperdine,0.0,,RDKit,2026.03.6,2026-09-17,e99d97a3665c237f,RDKit Descriptors.descList; 2D
3,5-hydroxymethylfurfural,fr_piperzine,0.0,,RDKit,2026.03.6,2026-09-17,e99d97a3665c237f,RDKit Descriptors.descList; 2D
3,5-hydroxymethylfurfural,fr_priamide,0.0,,RDKit,2026.03.6,2026-09-17,e99d97a3665c237f,RDKit Descriptors.descList; 2D
3,5-hydroxymethylfurfural,fr_prisulfonamd,0.0,,RDKit,2026.03.6,2026-09-17,e99d97a3665c237f,RDKit Descriptors.descList; 2D
3,5-hydroxymethylfurfural,fr_pyridine,0.0,,RDKit,2026.03.6,2026-09-17,e99d97a3665c237f,RDKit Descriptors.descList; 2D
3,5-hydroxymethylfurfural,fr_quatN,0.0,,RDKit,2026.03.6,2026-09-17,e99d97a3665c237f,RDKit Descriptors.descList; 2D
3,5-hydroxymethylfurfural,fr_sulfide,0.0,,RDKit,2026.03.6,2026-09-17,e99d97a3665c237f,RDKit Descriptors.descList; 2D
3,5-hydroxymethylfurfural,fr_sulfonamd,0.0,,RDKit,2026.03.6,2026-09-17,e99d97a3665c237f,RDKit Descriptors.descList; 2D
3,5-hydroxymethylfurfural,fr_sulfone,0.0,,RDKit,2026.03.6,2026-09-17,e99d97a3665c237f,RDKit Descriptors.descList; 2D
3,5-hydroxymethylfurfural,fr_term_acetylene,0.0,,RDKit,2026.03.6,2026-09-17,e99d97a3665c237f,RDKit Descriptors.descList; 2D
3,5-hydroxymethylfurfural,fr_tetrazole,0.0,,RDKit,2026.03.6,2026-09-17,e99d97a3665c237f,RDKit Descriptors.descList; 2D
3,5-hydroxymethylfurfural,fr_thiazole,0.0,,RDKit,2026.03.6,2026-09-17,e99d97a3665c237f,RDKit Descriptors.descList; 2D
3,5-hydroxymethylfurfural,fr_thiocyan,0.0,,RDKit,2026.03.6,2026-09-17,e99d97a3665c237f,RDKit Descriptors.descList; 2D
3,5-hydroxymethylfurfural,fr_thiophene,0.0,,RDKit,2026.03.6,2026-09-17,e99d97a3665c237f,RDKit Descriptors.descList; 2D
3,5-hydroxymethylfurfural,fr_unbrch_alkane,0.0,,RDKit,2026.03.6,2026-09-17,e99d97a3665c237f,RDKit Descriptors.descList; 2D
3,5-hydroxymethylfurfural,fr_urea,0.0,,RDKit,2026.03.6,2026-09-17,e99d97a3665c237f,RDKit Descriptors.descList; 2D
4,levulinic acid,MaxAbsEStateIndex,10.084861111111111,,RDKit,2026.03.6,2026-09-17,e99d97a3665c237f,RDKit Descriptors.descList; 2D
4,levulinic acid,MaxEStateIndex,10.084861111111111,,RDKit,2026.03.6,2026-09-17,e99d97a3665c237f,RDKit Descriptors.descList; 2D
4,levulinic acid,MinAbsEStateIndex,0.04629629629629628,,RDKit,2026.03.6,2026-09-17,e99d97a3665c237f,RDKit Descriptors.descList; 2D
4,levulinic acid,MinEStateIndex,-0.9164814814814812,,RDKit,2026.03.6,2026-09-17,e99d97a3665c237f,RDKit Descriptors.descList; 2D
4,levulinic acid,qed,0.5816626924315285,,RDKit,2026.03.6,2026-09-17,e99d97a3665c237f,RDKit Descriptors.descList; 2D
4,levulinic acid,SPS,8.625,,RDKit,2026.03.6,2026-09-17,e99d97a3665c237f,RDKit Descriptors.descList; 2D
4,levulinic acid,MolWt,116.11599999999999,,RDKit,2026.03.6,2026-09-17,e99d97a3665c237f,RDKit Descriptors.descList; 2D
4,levulinic acid,HeavyAtomMolWt,108.05199999999998,,RDKit,2026.03.6,2026-09-17,e99d97a3665c237f,RDKit Descriptors.descList; 2D
4,levulinic acid,ExactMolWt,116.047344116,,RDKit,2026.03.6,2026-09-17,e99d97a3665c237f,RDKit Descriptors.descList; 2D
4,levulinic acid,NumValenceElectrons,46.0,,RDKit,2026.03.6,2026-09-17,e99d97a3665c237f,RDKit Descriptors.descList; 2D
4,levulinic acid,NumRadicalElectrons,0.0,,RDKit,2026.03.6,2026-09-17,e99d97a3665c237f,RDKit Descriptors.descList; 2D
4,levulinic acid,MaxPartialCharge,0.30328869968374067,,RDKit,2026.03.6,2026-09-17,e99d97a3665c237f,RDKit Descriptors.descList; 2D
4,levulinic acid,MinPartialCharge,-0.4812206333209309,,RDKit,2026.03.6,2026-09-17,e99d97a3665c237f,RDKit Descriptors.descList; 2D
4,levulinic acid,MaxAbsPartialCharge,0.4812206333209309,,RDKit,2026.03.6,2026-09-17,e99d97a3665c237f,RDKit Descriptors.descList; 2D
4,levulinic acid,MinAbsPartialCharge,0.30328869968374067,,RDKit,2026.03.6,2026-09-17,e99d97a3665c237f,RDKit Descriptors.descList; 2D
4,levulinic acid,FpDensityMorgan1,1.375,,RDKit,2026.03.6,2026-09-17,e99d97a3665c237f,RDKit Descriptors.descList; 2D
4,levulinic acid,FpDensityMorgan2,1.875,,RDKit,2026.03.6,2026-09-17,e99d97a3665c237f,RDKit Descriptors.descList; 2D
4,levulinic acid,FpDensityMorgan3,2.0,,RDKit,2026.03.6,2026-09-17,e99d97a3665c237f,RDKit Descriptors.descList; 2D
4,levulinic acid,BCUT2D_MWHI,16.36522258731239,,RDKit,2026.03.6,2026-09-17,e99d97a3665c237f,RDKit Descriptors.descList; 2D
4,levulinic acid,BCUT2D_MWLOW,10.233428994868646,,RDKit,2026.03.6,2026-09-17,e99d97a3665c237f,RDKit Descriptors.descList; 2D
4,levulinic acid,BCUT2D_CHGHI,1.9727861376577267,,RDKit,2026.03.6,2026-09-17,e99d97a3665c237f,RDKit Descriptors.descList; 2D
4,levulinic acid,BCUT2D_CHGLO,-1.8554969075600873,,RDKit,2026.03.6,2026-09-17,e99d97a3665c237f,RDKit Descriptors.descList; 2D
4,levulinic acid,BCUT2D_LOGPHI,1.8737952059241767,,RDKit,2026.03.6,2026-09-17,e99d97a3665c237f,RDKit Descriptors.descList; 2D
4,levulinic acid,BCUT2D_LOGPLOW,-1.9785553717846094,,RDKit,2026.03.6,2026-09-17,e99d97a3665c237f,RDKit Descriptors.descList; 2D
4,levulinic acid,BCUT2D_MRHI,5.796925125180281,,RDKit,2026.03.6,2026-09-17,e99d97a3665c237f,RDKit Descriptors.descList; 2D
4,levulinic acid,BCUT2D_MRLOW,-0.13794578924930959,,RDKit,2026.03.6,2026-09-17,e99d97a3665c237f,RDKit Descriptors.descList; 2D
4,levulinic acid,AvgIpc,1.6135681581652277,,RDKit,2026.03.6,2026-09-17,e99d97a3665c237f,RDKit Descriptors.descList; 2D
4,levulinic acid,BalabanJ,3.1818458670936187,,RDKit,2026.03.6,2026-09-17,e99d97a3665c237f,RDKit Descriptors.descList; 2D
4,levulinic acid,BertzCT,92.24140984101263,,RDKit,2026.03.6,2026-09-17,e99d97a3665c237f,RDKit Descriptors.descList; 2D
4,levulinic acid,Chi0,6.568914100752346,,RDKit,2026.03.6,2026-09-17,e99d97a3665c237f,RDKit Descriptors.descList; 2D
4,levulinic acid,Chi0n,4.6779237388007795,,RDKit,2026.03.6,2026-09-17,e99d97a3665c237f,RDKit Descriptors.descList; 2D
4,levulinic acid,Chi0v,4.6779237388007795,,RDKit,2026.03.6,2026-09-17,e99d97a3665c237f,RDKit Descriptors.descList; 2D
4,levulinic acid,Chi1,3.625897657686229,,RDKit,2026.03.6,2026-09-17,e99d97a3665c237f,RDKit Descriptors.descList; 2D
4,levulinic acid,Chi1n,2.3389618694003893,,RDKit,2026.03.6,2026-09-17,e99d97a3665c237f,RDKit Descriptors.descList; 2D
4,levulinic acid,Chi1v,2.3389618694003893,,RDKit,2026.03.6,2026-09-17,e99d97a3665c237f,RDKit Descriptors.descList; 2D
4,levulinic acid,Chi2n,1.595753646345965,,RDKit,2026.03.6,2026-09-17,e99d97a3665c237f,RDKit Descriptors.descList; 2D
4,levulinic acid,Chi2v,1.595753646345965,,RDKit,2026.03.6,2026-09-17,e99d97a3665c237f,RDKit Descriptors.descList; 2D
4,levulinic acid,Chi3n,0.6909275441069209,,RDKit,2026.03.6,2026-09-17,e99d97a3665c237f,RDKit Descriptors.descList; 2D
4,levulinic acid,Chi3v,0.6909275441069209,,RDKit,2026.03.6,2026-09-17,e99d97a3665c237f,RDKit Descriptors.descList; 2D
4,levulinic acid,Chi4n,0.28296377205346046,,RDKit,2026.03.6,2026-09-17,e99d97a3665c237f,RDKit Descriptors.descList; 2D
4,levulinic acid,Chi4v,0.28296377205346046,,RDKit,2026.03.6,2026-09-17,e99d97a3665c237f,RDKit Descriptors.descList; 2D
4,levulinic acid,HallKierAlpha,-0.8600000000000001,,RDKit,2026.03.6,2026-09-17,e99d97a3665c237f,RDKit Descriptors.descList; 2D
4,levulinic acid,Ipc,40.339203954130696,,RDKit,2026.03.6,2026-09-17,e99d97a3665c237f,RDKit Descriptors.descList; 2D
4,levulinic acid,Kappa1,7.140000000000001,,RDKit,2026.03.6,2026-09-17,e99d97a3665c237f,RDKit Descriptors.descList; 2D
4,levulinic acid,Kappa2,3.1819854216196277,,RDKit,2026.03.6,2026-09-17,e99d97a3665c237f,RDKit Descriptors.descList; 2D
4,levulinic acid,Kappa3,5.14,,RDKit,2026.03.6,2026-09-17,e99d97a3665c237f,RDKit Descriptors.descList; 2D
4,levulinic acid,LabuteASA,47.31629743769952,,RDKit,2026.03.6,2026-09-17,e99d97a3665c237f,RDKit Descriptors.descList; 2D
4,levulinic acid,PEOE_VSA1,9.901064578912528,,RDKit,2026.03.6,2026-09-17,e99d97a3665c237f,RDKit Descriptors.descList; 2D
4,levulinic acid,PEOE_VSA10,5.783244946364939,,RDKit,2026.03.6,2026-09-17,e99d97a3665c237f,RDKit Descriptors.descList; 2D
4,levulinic acid,PEOE_VSA11,0.0,,RDKit,2026.03.6,2026-09-17,e99d97a3665c237f,RDKit Descriptors.descList; 2D
4,levulinic acid,PEOE_VSA12,0.0,,RDKit,2026.03.6,2026-09-17,e99d97a3665c237f,RDKit Descriptors.descList; 2D
4,levulinic acid,PEOE_VSA13,0.0,,RDKit,2026.03.6,2026-09-17,e99d97a3665c237f,RDKit Descriptors.descList; 2D
4,levulinic acid,PEOE_VSA14,5.969305287951849,,RDKit,2026.03.6,2026-09-17,e99d97a3665c237f,RDKit Descriptors.descList; 2D
4,levulinic acid,PEOE_VSA2,4.794537184071822,,RDKit,2026.03.6,2026-09-17,e99d97a3665c237f,RDKit Descriptors.descList; 2D
4,levulinic acid,PEOE_VSA3,0.0,,RDKit,2026.03.6,2026-09-17,e99d97a3665c237f,RDKit Descriptors.descList; 2D
4,levulinic acid,PEOE_VSA4,0.0,,RDKit,2026.03.6,2026-09-17,e99d97a3665c237f,RDKit Descriptors.descList; 2D
4,levulinic acid,PEOE_VSA5,0.0,,RDKit,2026.03.6,2026-09-17,e99d97a3665c237f,RDKit Descriptors.descList; 2D
4,levulinic acid,PEOE_VSA6,0.0,,RDKit,2026.03.6,2026-09-17,e99d97a3665c237f,RDKit Descriptors.descList; 2D
4,levulinic acid,PEOE_VSA7,6.923737199690624,,RDKit,2026.03.6,2026-09-17,e99d97a3665c237f,RDKit Descriptors.descList; 2D
4,levulinic acid,PEOE_VSA8,6.4208216229260096,,RDKit,2026.03.6,2026-09-17,e99d97a3665c237f,RDKit Descriptors.descList; 2D
4,levulinic acid,PEOE_VSA9,6.4208216229260096,,RDKit,2026.03.6,2026-09-17,e99d97a3665c237f,RDKit Descriptors.descList; 2D
4,levulinic acid,SMR_VSA1,14.69560176298435,,RDKit,2026.03.6,2026-09-17,e99d97a3665c237f,RDKit Descriptors.descList; 2D
4,levulinic acid,SMR_VSA10,11.75255023431679,,RDKit,2026.03.6,2026-09-17,e99d97a3665c237f,RDKit Descriptors.descList; 2D
4,levulinic acid,SMR_VSA2,0.0,,RDKit,2026.03.6,2026-09-17,e99d97a3665c237f,RDKit Descriptors.descList; 2D
4,levulinic acid,SMR_VSA3,0.0,,RDKit,2026.03.6,2026-09-17,e99d97a3665c237f,RDKit Descriptors.descList; 2D
4,levulinic acid,SMR_VSA4,0.0,,RDKit,2026.03.6,2026-09-17,e99d97a3665c237f,RDKit Descriptors.descList; 2D
4,levulinic acid,SMR_VSA5,19.765380445542643,,RDKit,2026.03.6,2026-09-17,e99d97a3665c237f,RDKit Descriptors.descList; 2D
4,levulinic acid,SMR_VSA6,0.0,,RDKit,2026.03.6,2026-09-17,e99d97a3665c237f,RDKit Descriptors.descList; 2D
4,levulinic acid,SMR_VSA7,0.0,,RDKit,2026.03.6,2026-09-17,e99d97a3665c237f,RDKit Descriptors.descList; 2D
4,levulinic acid,SMR_VSA8,0.0,,RDKit,2026.03.6,2026-09-17,e99d97a3665c237f,RDKit Descriptors.descList; 2D
4,levulinic acid,SMR_VSA9,0.0,,RDKit,2026.03.6,2026-09-17,e99d97a3665c237f,RDKit Descriptors.descList; 2D
4,levulinic acid,SlogP_VSA1,0.0,,RDKit,2026.03.6,2026-09-17,e99d97a3665c237f,RDKit Descriptors.descList; 2D
4,levulinic acid,SlogP_VSA10,0.0,,RDKit,2026.03.6,2026-09-17,e99d97a3665c237f,RDKit Descriptors.descList; 2D
4,levulinic acid,SlogP_VSA11,0.0,,RDKit,2026.03.6,2026-09-17,e99d97a3665c237f,RDKit Descriptors.descList; 2D
4,levulinic acid,SlogP_VSA12,0.0,,RDKit,2026.03.6,2026-09-17,e99d97a3665c237f,RDKit Descriptors.descList; 2D
4,levulinic acid,SlogP_VSA2,16.859077629157497,,RDKit,2026.03.6,2026-09-17,e99d97a3665c237f,RDKit Descriptors.descList; 2D
4,levulinic acid,SlogP_VSA3,9.589074368143644,,RDKit,2026.03.6,2026-09-17,e99d97a3665c237f,RDKit Descriptors.descList; 2D
4,levulinic acid,SlogP_VSA4,0.0,,RDKit,2026.03.6,2026-09-17,e99d97a3665c237f,RDKit Descriptors.descList; 2D
4,levulinic acid,SlogP_VSA5,19.765380445542643,,RDKit,2026.03.6,2026-09-17,e99d97a3665c237f,RDKit Descriptors.descList; 2D
4,levulinic acid,SlogP_VSA6,0.0,,RDKit,2026.03.6,2026-09-17,e99d97a3665c237f,RDKit Descriptors.descList; 2D
4,levulinic acid,SlogP_VSA7,0.0,,RDKit,2026.03.6,2026-09-17,e99d97a3665c237f,RDKit Descriptors.descList; 2D
4,levulinic acid,SlogP_VSA8,0.0,,RDKit,2026.03.6,2026-09-17,e99d97a3665c237f,RDKit Descriptors.descList; 2D
4,levulinic acid,SlogP_VSA9,0.0,,RDKit,2026.03.6,2026-09-17,e99d97a3665c237f,RDKit Descriptors.descList; 2D
4,levulinic acid,TPSA,54.370000000000005,,RDKit,2026.03.6,2026-09-17,e99d97a3665c237f,RDKit Descriptors.descList; 2D
4,levulinic acid,EState_VSA1,5.969305287951849,,RDKit,2026.03.6,2026-09-17,e99d97a3665c237f,RDKit Descriptors.descList; 2D
4,levulinic acid,EState_VSA10,9.589074368143644,,RDKit,2026.03.6,2026-09-17,e99d97a3665c237f,RDKit Descriptors.descList; 2D
4,levulinic acid,EState_VSA11,0.0,,RDKit,2026.03.6,2026-09-17,e99d97a3665c237f,RDKit Descriptors.descList; 2D
4,levulinic acid,EState_VSA2,18.624888192216957,,RDKit,2026.03.6,2026-09-17,e99d97a3665c237f,RDKit Descriptors.descList; 2D
4,levulinic acid,EState_VSA3,0.0,,RDKit,2026.03.6,2026-09-17,e99d97a3665c237f,RDKit Descriptors.descList; 2D
4,levulinic acid,EState_VSA4,0.0,,RDKit,2026.03.6,2026-09-17,e99d97a3665c237f,RDKit Descriptors.descList; 2D
4,levulinic acid,EState_VSA5,6.923737199690624,,RDKit,2026.03.6,2026-09-17,e99d97a3665c237f,RDKit Descriptors.descList; 2D
4,levulinic acid,EState_VSA6,0.0,,RDKit,2026.03.6,2026-09-17,e99d97a3665c237f,RDKit Descriptors.descList; 2D
4,levulinic acid,EState_VSA7,0.0,,RDKit,2026.03.6,2026-09-17,e99d97a3665c237f,RDKit Descriptors.descList; 2D
4,levulinic acid,EState_VSA8,0.0,,RDKit,2026.03.6,2026-09-17,e99d97a3665c237f,RDKit Descriptors.descList; 2D
4,levulinic acid,EState_VSA9,5.106527394840706,,RDKit,2026.03.6,2026-09-17,e99d97a3665c237f,RDKit Descriptors.descList; 2D
4,levulinic acid,VSA_EState1,0.0,,RDKit,2026.03.6,2026-09-17,e99d97a3665c237f,RDKit Descriptors.descList; 2D
4,levulinic acid,VSA_EState10,0.0,,RDKit,2026.03.6,2026-09-17,e99d97a3665c237f,RDKit Descriptors.descList; 2D
4,levulinic acid,VSA_EState2,19.83638888888889,,RDKit,2026.03.6,2026-09-17,e99d97a3665c237f,RDKit Descriptors.descList; 2D
4,levulinic acid,VSA_EState3,8.01013888888889,,RDKit,2026.03.6,2026-09-17,e99d97a3665c237f,RDKit Descriptors.descList; 2D
4,levulinic acid,VSA_EState4,0.0,,RDKit,2026.03.6,2026-09-17,e99d97a3665c237f,RDKit Descriptors.descList; 2D
4,levulinic acid,VSA_EState5,-0.9929629629629624,,RDKit,2026.03.6,2026-09-17,e99d97a3665c237f,RDKit Descriptors.descList; 2D
4,levulinic acid,VSA_EState6,0.0,,RDKit,2026.03.6,2026-09-17,e99d97a3665c237f,RDKit Descriptors.descList; 2D
4,levulinic acid,VSA_EState7,0.10185185185185186,,RDKit,2026.03.6,2026-09-17,e99d97a3665c237f,RDKit Descriptors.descList; 2D
4,levulinic acid,VSA_EState8,1.3779166666666665,,RDKit,2026.03.6,2026-09-17,e99d97a3665c237f,RDKit Descriptors.descList; 2D
4,levulinic acid,VSA_EState9,0.0,,RDKit,2026.03.6,2026-09-17,e99d97a3665c237f,RDKit Descriptors.descList; 2D
4,levulinic acid,FractionCSP3,0.6,,RDKit,2026.03.6,2026-09-17,e99d97a3665c237f,RDKit Descriptors.descList; 2D
4,levulinic acid,HeavyAtomCount,8.0,,RDKit,2026.03.6,2026-09-17,e99d97a3665c237f,RDKit Descriptors.descList; 2D
4,levulinic acid,NHOHCount,1.0,,RDKit,2026.03.6,2026-09-17,e99d97a3665c237f,RDKit Descriptors.descList; 2D
4,levulinic acid,NOCount,3.0,,RDKit,2026.03.6,2026-09-17,e99d97a3665c237f,RDKit Descriptors.descList; 2D
4,levulinic acid,NumAliphaticCarbocycles,0.0,,RDKit,2026.03.6,2026-09-17,e99d97a3665c237f,RDKit Descriptors.descList; 2D
4,levulinic acid,NumAliphaticHeterocycles,0.0,,RDKit,2026.03.6,2026-09-17,e99d97a3665c237f,RDKit Descriptors.descList; 2D
4,levulinic acid,NumAliphaticRings,0.0,,RDKit,2026.03.6,2026-09-17,e99d97a3665c237f,RDKit Descriptors.descList; 2D
4,levulinic acid,NumAmideBonds,0.0,,RDKit,2026.03.6,2026-09-17,e99d97a3665c237f,RDKit Descriptors.descList; 2D
4,levulinic acid,NumAromaticCarbocycles,0.0,,RDKit,2026.03.6,2026-09-17,e99d97a3665c237f,RDKit Descriptors.descList; 2D
4,levulinic acid,NumAromaticHeterocycles,0.0,,RDKit,2026.03.6,2026-09-17,e99d97a3665c237f,RDKit Descriptors.descList; 2D
4,levulinic acid,NumAromaticRings,0.0,,RDKit,2026.03.6,2026-09-17,e99d97a3665c237f,RDKit Descriptors.descList; 2D
4,levulinic acid,NumAtomStereoCenters,0.0,,RDKit,2026.03.6,2026-09-17,e99d97a3665c237f,RDKit Descriptors.descList; 2D
4,levulinic acid,NumBridgeheadAtoms,0.0,,RDKit,2026.03.6,2026-09-17,e99d97a3665c237f,RDKit Descriptors.descList; 2D
4,levulinic acid,NumHAcceptors,2.0,,RDKit,2026.03.6,2026-09-17,e99d97a3665c237f,RDKit Descriptors.descList; 2D
4,levulinic acid,NumHDonors,1.0,,RDKit,2026.03.6,2026-09-17,e99d97a3665c237f,RDKit Descriptors.descList; 2D
4,levulinic acid,NumHeteroatoms,3.0,,RDKit,2026.03.6,2026-09-17,e99d97a3665c237f,RDKit Descriptors.descList; 2D
4,levulinic acid,NumHeterocycles,0.0,,RDKit,2026.03.6,2026-09-17,e99d97a3665c237f,RDKit Descriptors.descList; 2D
4,levulinic acid,NumRotatableBonds,3.0,,RDKit,2026.03.6,2026-09-17,e99d97a3665c237f,RDKit Descriptors.descList; 2D
4,levulinic acid,NumSaturatedCarbocycles,0.0,,RDKit,2026.03.6,2026-09-17,e99d97a3665c237f,RDKit Descriptors.descList; 2D
4,levulinic acid,NumSaturatedHeterocycles,0.0,,RDKit,2026.03.6,2026-09-17,e99d97a3665c237f,RDKit Descriptors.descList; 2D
4,levulinic acid,NumSaturatedRings,0.0,,RDKit,2026.03.6,2026-09-17,e99d97a3665c237f,RDKit Descriptors.descList; 2D
4,levulinic acid,NumSpiroAtoms,0.0,,RDKit,2026.03.6,2026-09-17,e99d97a3665c237f,RDKit Descriptors.descList; 2D
4,levulinic acid,NumUnspecifiedAtomStereoCenters,0.0,,RDKit,2026.03.6,2026-09-17,e99d97a3665c237f,RDKit Descriptors.descList; 2D
4,levulinic acid,Phi,2.839921988795518,,RDKit,2026.03.6,2026-09-17,e99d97a3665c237f,RDKit Descriptors.descList; 2D
4,levulinic acid,RingCount,0.0,,RDKit,2026.03.6,2026-09-17,e99d97a3665c237f,RDKit Descriptors.descList; 2D
4,levulinic acid,MolLogP,0.4402,,RDKit,2026.03.6,2026-09-17,e99d97a3665c237f,RDKit Descriptors.descList; 2D
4,levulinic acid,MolMR,27.550799999999988,,RDKit,2026.03.6,2026-09-17,e99d97a3665c237f,RDKit Descriptors.descList; 2D
4,levulinic acid,fr_Al_COO,1.0,,RDKit,2026.03.6,2026-09-17,e99d97a3665c237f,RDKit Descriptors.descList; 2D
4,levulinic acid,fr_Al_OH,0.0,,RDKit,2026.03.6,2026-09-17,e99d97a3665c237f,RDKit Descriptors.descList; 2D
4,levulinic acid,fr_Al_OH_noTert,0.0,,RDKit,2026.03.6,2026-09-17,e99d97a3665c237f,RDKit Descriptors.descList; 2D
4,levulinic acid,fr_ArN,0.0,,RDKit,2026.03.6,2026-09-17,e99d97a3665c237f,RDKit Descriptors.descList; 2D
4,levulinic acid,fr_Ar_COO,0.0,,RDKit,2026.03.6,2026-09-17,e99d97a3665c237f,RDKit Descriptors.descList; 2D
4,levulinic acid,fr_Ar_N,0.0,,RDKit,2026.03.6,2026-09-17,e99d97a3665c237f,RDKit Descriptors.descList; 2D
4,levulinic acid,fr_Ar_NH,0.0,,RDKit,2026.03.6,2026-09-17,e99d97a3665c237f,RDKit Descriptors.descList; 2D
4,levulinic acid,fr_Ar_OH,0.0,,RDKit,2026.03.6,2026-09-17,e99d97a3665c237f,RDKit Descriptors.descList; 2D
4,levulinic acid,fr_COO,1.0,,RDKit,2026.03.6,2026-09-17,e99d97a3665c237f,RDKit Descriptors.descList; 2D
4,levulinic acid,fr_COO2,1.0,,RDKit,2026.03.6,2026-09-17,e99d97a3665c237f,RDKit Descriptors.descList; 2D
4,levulinic acid,fr_C_O,2.0,,RDKit,2026.03.6,2026-09-17,e99d97a3665c237f,RDKit Descriptors.descList; 2D
4,levulinic acid,fr_C_O_noCOO,1.0,,RDKit,2026.03.6,2026-09-17,e99d97a3665c237f,RDKit Descriptors.descList; 2D
4,levulinic acid,fr_C_S,0.0,,RDKit,2026.03.6,2026-09-17,e99d97a3665c237f,RDKit Descriptors.descList; 2D
4,levulinic acid,fr_HOCCN,0.0,,RDKit,2026.03.6,2026-09-17,e99d97a3665c237f,RDKit Descriptors.descList; 2D
4,levulinic acid,fr_Imine,0.0,,RDKit,2026.03.6,2026-09-17,e99d97a3665c237f,RDKit Descriptors.descList; 2D
4,levulinic acid,fr_NH0,0.0,,RDKit,2026.03.6,2026-09-17,e99d97a3665c237f,RDKit Descriptors.descList; 2D
4,levulinic acid,fr_NH1,0.0,,RDKit,2026.03.6,2026-09-17,e99d97a3665c237f,RDKit Descriptors.descList; 2D
4,levulinic acid,fr_NH2,0.0,,RDKit,2026.03.6,2026-09-17,e99d97a3665c237f,RDKit Descriptors.descList; 2D
4,levulinic acid,fr_N_O,0.0,,RDKit,2026.03.6,2026-09-17,e99d97a3665c237f,RDKit Descriptors.descList; 2D
4,levulinic acid,fr_Ndealkylation1,0.0,,RDKit,2026.03.6,2026-09-17,e99d97a3665c237f,RDKit Descriptors.descList; 2D
4,levulinic acid,fr_Ndealkylation2,0.0,,RDKit,2026.03.6,2026-09-17,e99d97a3665c237f,RDKit Descriptors.descList; 2D
4,levulinic acid,fr_Nhpyrrole,0.0,,RDKit,2026.03.6,2026-09-17,e99d97a3665c237f,RDKit Descriptors.descList; 2D
4,levulinic acid,fr_SH,0.0,,RDKit,2026.03.6,2026-09-17,e99d97a3665c237f,RDKit Descriptors.descList; 2D
4,levulinic acid,fr_aldehyde,0.0,,RDKit,2026.03.6,2026-09-17,e99d97a3665c237f,RDKit Descriptors.descList; 2D
4,levulinic acid,fr_alkyl_carbamate,0.0,,RDKit,2026.03.6,2026-09-17,e99d97a3665c237f,RDKit Descriptors.descList; 2D
4,levulinic acid,fr_alkyl_halide,0.0,,RDKit,2026.03.6,2026-09-17,e99d97a3665c237f,RDKit Descriptors.descList; 2D
4,levulinic acid,fr_allylic_oxid,0.0,,RDKit,2026.03.6,2026-09-17,e99d97a3665c237f,RDKit Descriptors.descList; 2D
4,levulinic acid,fr_amide,0.0,,RDKit,2026.03.6,2026-09-17,e99d97a3665c237f,RDKit Descriptors.descList; 2D
4,levulinic acid,fr_amidine,0.0,,RDKit,2026.03.6,2026-09-17,e99d97a3665c237f,RDKit Descriptors.descList; 2D
4,levulinic acid,fr_aniline,0.0,,RDKit,2026.03.6,2026-09-17,e99d97a3665c237f,RDKit Descriptors.descList; 2D
4,levulinic acid,fr_aryl_methyl,0.0,,RDKit,2026.03.6,2026-09-17,e99d97a3665c237f,RDKit Descriptors.descList; 2D
4,levulinic acid,fr_azide,0.0,,RDKit,2026.03.6,2026-09-17,e99d97a3665c237f,RDKit Descriptors.descList; 2D
4,levulinic acid,fr_azo,0.0,,RDKit,2026.03.6,2026-09-17,e99d97a3665c237f,RDKit Descriptors.descList; 2D
4,levulinic acid,fr_barbitur,0.0,,RDKit,2026.03.6,2026-09-17,e99d97a3665c237f,RDKit Descriptors.descList; 2D
4,levulinic acid,fr_benzene,0.0,,RDKit,2026.03.6,2026-09-17,e99d97a3665c237f,RDKit Descriptors.descList; 2D
4,levulinic acid,fr_benzodiazepine,0.0,,RDKit,2026.03.6,2026-09-17,e99d97a3665c237f,RDKit Descriptors.descList; 2D
4,levulinic acid,fr_bicyclic,0.0,,RDKit,2026.03.6,2026-09-17,e99d97a3665c237f,RDKit Descriptors.descList; 2D
4,levulinic acid,fr_diazo,0.0,,RDKit,2026.03.6,2026-09-17,e99d97a3665c237f,RDKit Descriptors.descList; 2D
4,levulinic acid,fr_dihydropyridine,0.0,,RDKit,2026.03.6,2026-09-17,e99d97a3665c237f,RDKit Descriptors.descList; 2D
4,levulinic acid,fr_epoxide,0.0,,RDKit,2026.03.6,2026-09-17,e99d97a3665c237f,RDKit Descriptors.descList; 2D
4,levulinic acid,fr_ester,0.0,,RDKit,2026.03.6,2026-09-17,e99d97a3665c237f,RDKit Descriptors.descList; 2D
4,levulinic acid,fr_ether,0.0,,RDKit,2026.03.6,2026-09-17,e99d97a3665c237f,RDKit Descriptors.descList; 2D
4,levulinic acid,fr_furan,0.0,,RDKit,2026.03.6,2026-09-17,e99d97a3665c237f,RDKit Descriptors.descList; 2D
4,levulinic acid,fr_guanido,0.0,,RDKit,2026.03.6,2026-09-17,e99d97a3665c237f,RDKit Descriptors.descList; 2D
4,levulinic acid,fr_halogen,0.0,,RDKit,2026.03.6,2026-09-17,e99d97a3665c237f,RDKit Descriptors.descList; 2D
4,levulinic acid,fr_hdrzine,0.0,,RDKit,2026.03.6,2026-09-17,e99d97a3665c237f,RDKit Descriptors.descList; 2D
4,levulinic acid,fr_hdrzone,0.0,,RDKit,2026.03.6,2026-09-17,e99d97a3665c237f,RDKit Descriptors.descList; 2D
4,levulinic acid,fr_imidazole,0.0,,RDKit,2026.03.6,2026-09-17,e99d97a3665c237f,RDKit Descriptors.descList; 2D
4,levulinic acid,fr_imide,0.0,,RDKit,2026.03.6,2026-09-17,e99d97a3665c237f,RDKit Descriptors.descList; 2D
4,levulinic acid,fr_isocyan,0.0,,RDKit,2026.03.6,2026-09-17,e99d97a3665c237f,RDKit Descriptors.descList; 2D
4,levulinic acid,fr_isothiocyan,0.0,,RDKit,2026.03.6,2026-09-17,e99d97a3665c237f,RDKit Descriptors.descList; 2D
4,levulinic acid,fr_ketone,1.0,,RDKit,2026.03.6,2026-09-17,e99d97a3665c237f,RDKit Descriptors.descList; 2D
4,levulinic acid,fr_ketone_Topliss,1.0,,RDKit,2026.03.6,2026-09-17,e99d97a3665c237f,RDKit Descriptors.descList; 2D
4,levulinic acid,fr_lactam,0.0,,RDKit,2026.03.6,2026-09-17,e99d97a3665c237f,RDKit Descriptors.descList; 2D
4,levulinic acid,fr_lactone,0.0,,RDKit,2026.03.6,2026-09-17,e99d97a3665c237f,RDKit Descriptors.descList; 2D
4,levulinic acid,fr_methoxy,0.0,,RDKit,2026.03.6,2026-09-17,e99d97a3665c237f,RDKit Descriptors.descList; 2D
4,levulinic acid,fr_morpholine,0.0,,RDKit,2026.03.6,2026-09-17,e99d97a3665c237f,RDKit Descriptors.descList; 2D
4,levulinic acid,fr_nitrile,0.0,,RDKit,2026.03.6,2026-09-17,e99d97a3665c237f,RDKit Descriptors.descList; 2D
4,levulinic acid,fr_nitro,0.0,,RDKit,2026.03.6,2026-09-17,e99d97a3665c237f,RDKit Descriptors.descList; 2D
4,levulinic acid,fr_nitro_arom,0.0,,RDKit,2026.03.6,2026-09-17,e99d97a3665c237f,RDKit Descriptors.descList; 2D
4,levulinic acid,fr_nitro_arom_nonortho,0.0,,RDKit,2026.03.6,2026-09-17,e99d97a3665c237f,RDKit Descriptors.descList; 2D
4,levulinic acid,fr_nitroso,0.0,,RDKit,2026.03.6,2026-09-17,e99d97a3665c237f,RDKit Descriptors.descList; 2D
4,levulinic acid,fr_oxazole,0.0,,RDKit,2026.03.6,2026-09-17,e99d97a3665c237f,RDKit Descriptors.descList; 2D
4,levulinic acid,fr_oxime,0.0,,RDKit,2026.03.6,2026-09-17,e99d97a3665c237f,RDKit Descriptors.descList; 2D
4,levulinic acid,fr_para_hydroxylation,0.0,,RDKit,2026.03.6,2026-09-17,e99d97a3665c237f,RDKit Descriptors.descList; 2D
4,levulinic acid,fr_phenol,0.0,,RDKit,2026.03.6,2026-09-17,e99d97a3665c237f,RDKit Descriptors.descList; 2D
4,levulinic acid,fr_phenol_noOrthoHbond,0.0,,RDKit,2026.03.6,2026-09-17,e99d97a3665c237f,RDKit Descriptors.descList; 2D
4,levulinic acid,fr_phos_acid,0.0,,RDKit,2026.03.6,2026-09-17,e99d97a3665c237f,RDKit Descriptors.descList; 2D
4,levulinic acid,fr_phos_ester,0.0,,RDKit,2026.03.6,2026-09-17,e99d97a3665c237f,RDKit Descriptors.descList; 2D
4,levulinic acid,fr_piperdine,0.0,,RDKit,2026.03.6,2026-09-17,e99d97a3665c237f,RDKit Descriptors.descList; 2D
4,levulinic acid,fr_piperzine,0.0,,RDKit,2026.03.6,2026-09-17,e99d97a3665c237f,RDKit Descriptors.descList; 2D
4,levulinic acid,fr_priamide,0.0,,RDKit,2026.03.6,2026-09-17,e99d97a3665c237f,RDKit Descriptors.descList; 2D
4,levulinic acid,fr_prisulfonamd,0.0,,RDKit,2026.03.6,2026-09-17,e99d97a3665c237f,RDKit Descriptors.descList; 2D
4,levulinic acid,fr_pyridine,0.0,,RDKit,2026.03.6,2026-09-17,e99d97a3665c237f,RDKit Descriptors.descList; 2D
4,levulinic acid,fr_quatN,0.0,,RDKit,2026.03.6,2026-09-17,e99d97a3665c237f,RDKit Descriptors.descList; 2D
4,levulinic acid,fr_sulfide,0.0,,RDKit,2026.03.6,2026-09-17,e99d97a3665c237f,RDKit Descriptors.descList; 2D
4,levulinic acid,fr_sulfonamd,0.0,,RDKit,2026.03.6,2026-09-17,e99d97a3665c237f,RDKit Descriptors.descList; 2D
4,levulinic acid,fr_sulfone,0.0,,RDKit,2026.03.6,2026-09-17,e99d97a3665c237f,RDKit Descriptors.descList; 2D
4,levulinic acid,fr_term_acetylene,0.0,,RDKit,2026.03.6,2026-09-17,e99d97a3665c237f,RDKit Descriptors.descList; 2D
4,levulinic acid,fr_tetrazole,0.0,,RDKit,2026.03.6,2026-09-17,e99d97a3665c237f,RDKit Descriptors.descList; 2D
4,levulinic acid,fr_thiazole,0.0,,RDKit,2026.03.6,2026-09-17,e99d97a3665c237f,RDKit Descriptors.descList; 2D
4,levulinic acid,fr_thiocyan,0.0,,RDKit,2026.03.6,2026-09-17,e99d97a3665c237f,RDKit Descriptors.descList; 2D
4,levulinic acid,fr_thiophene,0.0,,RDKit,2026.03.6,2026-09-17,e99d97a3665c237f,RDKit Descriptors.descList; 2D
4,levulinic acid,fr_unbrch_alkane,0.0,,RDKit,2026.03.6,2026-09-17,e99d97a3665c237f,RDKit Descriptors.descList; 2D
4,levulinic acid,fr_urea,0.0,,RDKit,2026.03.6,2026-09-17,e99d97a3665c237f,RDKit Descriptors.descList; 2D
5,sorbitol,MaxAbsEStateIndex,8.95662037037037,,RDKit,2026.03.6,2026-09-17,e99d97a3665c237f,RDKit Descriptors.descList; 2D
5,sorbitol,MaxEStateIndex,8.95662037037037,,RDKit,2026.03.6,2026-09-17,e99d97a3665c237f,RDKit Descriptors.descList; 2D
5,sorbitol,MinAbsEStateIndex,0.7258182161753588,,RDKit,2026.03.6,2026-09-17,e99d97a3665c237f,RDKit Descriptors.descList; 2D
5,sorbitol,MinEStateIndex,-1.6693055555555556,,RDKit,2026.03.6,2026-09-17,e99d97a3665c237f,RDKit Descriptors.descList; 2D
5,sorbitol,qed,0.2612626527203185,,RDKit,2026.03.6,2026-09-17,e99d97a3665c237f,RDKit Descriptors.descList; 2D
5,sorbitol,SPS,21.5,,RDKit,2026.03.6,2026-09-17,e99d97a3665c237f,RDKit Descriptors.descList; 2D
5,sorbitol,MolWt,182.172,,RDKit,2026.03.6,2026-09-17,e99d97a3665c237f,RDKit Descriptors.descList; 2D
5,sorbitol,HeavyAtomMolWt,168.05999999999997,,RDKit,2026.03.6,2026-09-17,e99d97a3665c237f,RDKit Descriptors.descList; 2D
5,sorbitol,ExactMolWt,182.079038168,,RDKit,2026.03.6,2026-09-17,e99d97a3665c237f,RDKit Descriptors.descList; 2D
5,sorbitol,NumValenceElectrons,74.0,,RDKit,2026.03.6,2026-09-17,e99d97a3665c237f,RDKit Descriptors.descList; 2D
5,sorbitol,NumRadicalElectrons,0.0,,RDKit,2026.03.6,2026-09-17,e99d97a3665c237f,RDKit Descriptors.descList; 2D
5,sorbitol,MaxPartialCharge,0.11057860653131252,,RDKit,2026.03.6,2026-09-17,e99d97a3665c237f,RDKit Descriptors.descList; 2D
5,sorbitol,MinPartialCharge,-0.393579134968567,,RDKit,2026.03.6,2026-09-17,e99d97a3665c237f,RDKit Descriptors.descList; 2D
5,sorbitol,MaxAbsPartialCharge,0.393579134968567,,RDKit,2026.03.6,2026-09-17,e99d97a3665c237f,RDKit Descriptors.descList; 2D
5,sorbitol,MinAbsPartialCharge,0.11057860653131252,,RDKit,2026.03.6,2026-09-17,e99d97a3665c237f,RDKit Descriptors.descList; 2D
5,sorbitol,FpDensityMorgan1,0.6666666666666666,,RDKit,2026.03.6,2026-09-17,e99d97a3665c237f,RDKit Descriptors.descList; 2D
5,sorbitol,FpDensityMorgan2,0.9166666666666666,,RDKit,2026.03.6,2026-09-17,e99d97a3665c237f,RDKit Descriptors.descList; 2D
5,sorbitol,FpDensityMorgan3,1.0833333333333333,,RDKit,2026.03.6,2026-09-17,e99d97a3665c237f,RDKit Descriptors.descList; 2D
5,sorbitol,BCUT2D_MWHI,16.394754911637893,,RDKit,2026.03.6,2026-09-17,e99d97a3665c237f,RDKit Descriptors.descList; 2D
5,sorbitol,BCUT2D_MWLOW,10.042293650034019,,RDKit,2026.03.6,2026-09-17,e99d97a3665c237f,RDKit Descriptors.descList; 2D
5,sorbitol,BCUT2D_CHGHI,2.287072812969885,,RDKit,2026.03.6,2026-09-17,e99d97a3665c237f,RDKit Descriptors.descList; 2D
5,sorbitol,BCUT2D_CHGLO,-2.236795970395882,,RDKit,2026.03.6,2026-09-17,e99d97a3665c237f,RDKit Descriptors.descList; 2D
5,sorbitol,BCUT2D_LOGPHI,2.034704300322226,,RDKit,2026.03.6,2026-09-17,e99d97a3665c237f,RDKit Descriptors.descList; 2D
5,sorbitol,BCUT2D_LOGPLOW,-2.464981960713016,,RDKit,2026.03.6,2026-09-17,e99d97a3665c237f,RDKit Descriptors.descList; 2D
5,sorbitol,BCUT2D_MRHI,4.792562123799777,,RDKit,2026.03.6,2026-09-17,e99d97a3665c237f,RDKit Descriptors.descList; 2D
5,sorbitol,BCUT2D_MRLOW,-0.12299440537156883,,RDKit,2026.03.6,2026-09-17,e99d97a3665c237f,RDKit Descriptors.descList; 2D
5,sorbitol,AvgIpc,2.1228001749259824,,RDKit,2026.03.6,2026-09-17,e99d97a3665c237f,RDKit Descriptors.descList; 2D
5,sorbitol,BalabanJ,3.985164450858579,,RDKit,2026.03.6,2026-09-17,e99d97a3665c237f,RDKit Descriptors.descList; 2D
5,sorbitol,BertzCT,104.6059378176129,,RDKit,2026.03.6,2026-09-17,e99d97a3665c237f,RDKit Descriptors.descList; 2D
5,sorbitol,Chi0,9.723614639131597,,RDKit,2026.03.6,2026-09-17,e99d97a3665c237f,RDKit Descriptors.descList; 2D
5,sorbitol,Chi0n,6.406896212131348,,RDKit,2026.03.6,2026-09-17,e99d97a3665c237f,RDKit Descriptors.descList; 2D
5,sorbitol,Chi0v,6.406896212131348,,RDKit,2026.03.6,2026-09-17,e99d97a3665c237f,RDKit Descriptors.descList; 2D
5,sorbitol,Chi1,5.540111220059325,,RDKit,2026.03.6,2026-09-17,e99d97a3665c237f,RDKit Descriptors.descList; 2D
5,sorbitol,Chi1n,3.481747671950046,,RDKit,2026.03.6,2026-09-17,e99d97a3665c237f,RDKit Descriptors.descList; 2D
5,sorbitol,Chi1v,3.481747671950046,,RDKit,2026.03.6,2026-09-17,e99d97a3665c237f,RDKit Descriptors.descList; 2D
5,sorbitol,Chi2n,2.4810286345909196,,RDKit,2026.03.6,2026-09-17,e99d97a3665c237f,RDKit Descriptors.descList; 2D
5,sorbitol,Chi2v,2.4810286345909196,,RDKit,2026.03.6,2026-09-17,e99d97a3665c237f,RDKit Descriptors.descList; 2D
5,sorbitol,Chi3n,1.5124781619578975,,RDKit,2026.03.6,2026-09-17,e99d97a3665c237f,RDKit Descriptors.descList; 2D
5,sorbitol,Chi3v,1.5124781619578975,,RDKit,2026.03.6,2026-09-17,e99d97a3665c237f,RDKit Descriptors.descList; 2D
5,sorbitol,Chi4n,0.6712088270938985,,RDKit,2026.03.6,2026-09-17,e99d97a3665c237f,RDKit Descriptors.descList; 2D
5,sorbitol,Chi4v,0.6712088270938985,,RDKit,2026.03.6,2026-09-17,e99d97a3665c237f,RDKit Descriptors.descList; 2D
5,sorbitol,HallKierAlpha,-0.24000000000000002,,RDKit,2026.03.6,2026-09-17,e99d97a3665c237f,RDKit Descriptors.descList; 2D
5,sorbitol,Ipc,358.753229562491,,RDKit,2026.03.6,2026-09-17,e99d97a3665c237f,RDKit Descriptors.descList; 2D
5,sorbitol,Kappa1,11.760000000000002,,RDKit,2026.03.6,2026-09-17,e99d97a3665c237f,RDKit Descriptors.descList; 2D
5,sorbitol,Kappa2,5.413461330448892,,RDKit,2026.03.6,2026-09-17,e99d97a3665c237f,RDKit Descriptors.descList; 2D
5,sorbitol,Kappa3,3.015404674173516,,RDKit,2026.03.6,2026-09-17,e99d97a3665c237f,RDKit Descriptors.descList; 2D
5,sorbitol,LabuteASA,69.32936411298864,,RDKit,2026.03.6,2026-09-17,e99d97a3665c237f,RDKit Descriptors.descList; 2D
5,sorbitol,PEOE_VSA1,30.63916436904423,,RDKit,2026.03.6,2026-09-17,e99d97a3665c237f,RDKit Descriptors.descList; 2D
5,sorbitol,PEOE_VSA10,24.41586555099321,,RDKit,2026.03.6,2026-09-17,e99d97a3665c237f,RDKit Descriptors.descList; 2D
5,sorbitol,PEOE_VSA11,0.0,,RDKit,2026.03.6,2026-09-17,e99d97a3665c237f,RDKit Descriptors.descList; 2D
5,sorbitol,PEOE_VSA12,0.0,,RDKit,2026.03.6,2026-09-17,e99d97a3665c237f,RDKit Descriptors.descList; 2D
5,sorbitol,PEOE_VSA13,0.0,,RDKit,2026.03.6,2026-09-17,e99d97a3665c237f,RDKit Descriptors.descList; 2D
5,sorbitol,PEOE_VSA14,0.0,,RDKit,2026.03.6,2026-09-17,e99d97a3665c237f,RDKit Descriptors.descList; 2D
5,sorbitol,PEOE_VSA2,0.0,,RDKit,2026.03.6,2026-09-17,e99d97a3665c237f,RDKit Descriptors.descList; 2D
5,sorbitol,PEOE_VSA3,0.0,,RDKit,2026.03.6,2026-09-17,e99d97a3665c237f,RDKit Descriptors.descList; 2D
5,sorbitol,PEOE_VSA4,0.0,,RDKit,2026.03.6,2026-09-17,e99d97a3665c237f,RDKit Descriptors.descList; 2D
5,sorbitol,PEOE_VSA5,0.0,,RDKit,2026.03.6,2026-09-17,e99d97a3665c237f,RDKit Descriptors.descList; 2D
5,sorbitol,PEOE_VSA6,0.0,,RDKit,2026.03.6,2026-09-17,e99d97a3665c237f,RDKit Descriptors.descList; 2D
5,sorbitol,PEOE_VSA7,0.0,,RDKit,2026.03.6,2026-09-17,e99d97a3665c237f,RDKit Descriptors.descList; 2D
5,sorbitol,PEOE_VSA8,0.0,,RDKit,2026.03.6,2026-09-17,e99d97a3665c237f,RDKit Descriptors.descList; 2D
5,sorbitol,PEOE_VSA9,13.213763929025836,,RDKit,2026.03.6,2026-09-17,e99d97a3665c237f,RDKit Descriptors.descList; 2D
5,sorbitol,SMR_VSA1,30.63916436904423,,RDKit,2026.03.6,2026-09-17,e99d97a3665c237f,RDKit Descriptors.descList; 2D
5,sorbitol,SMR_VSA10,0.0,,RDKit,2026.03.6,2026-09-17,e99d97a3665c237f,RDKit Descriptors.descList; 2D
5,sorbitol,SMR_VSA2,0.0,,RDKit,2026.03.6,2026-09-17,e99d97a3665c237f,RDKit Descriptors.descList; 2D
5,sorbitol,SMR_VSA3,0.0,,RDKit,2026.03.6,2026-09-17,e99d97a3665c237f,RDKit Descriptors.descList; 2D
5,sorbitol,SMR_VSA4,0.0,,RDKit,2026.03.6,2026-09-17,e99d97a3665c237f,RDKit Descriptors.descList; 2D
5,sorbitol,SMR_VSA5,24.41586555099321,,RDKit,2026.03.6,2026-09-17,e99d97a3665c237f,RDKit Descriptors.descList; 2D
5,sorbitol,SMR_VSA6,13.213763929025836,,RDKit,2026.03.6,2026-09-17,e99d97a3665c237f,RDKit Descriptors.descList; 2D
5,sorbitol,SMR_VSA7,0.0,,RDKit,2026.03.6,2026-09-17,e99d97a3665c237f,RDKit Descriptors.descList; 2D
5,sorbitol,SMR_VSA8,0.0,,RDKit,2026.03.6,2026-09-17,e99d97a3665c237f,RDKit Descriptors.descList; 2D
5,sorbitol,SMR_VSA9,0.0,,RDKit,2026.03.6,2026-09-17,e99d97a3665c237f,RDKit Descriptors.descList; 2D
5,sorbitol,SlogP_VSA1,0.0,,RDKit,2026.03.6,2026-09-17,e99d97a3665c237f,RDKit Descriptors.descList; 2D
5,sorbitol,SlogP_VSA10,0.0,,RDKit,2026.03.6,2026-09-17,e99d97a3665c237f,RDKit Descriptors.descList; 2D
5,sorbitol,SlogP_VSA11,0.0,,RDKit,2026.03.6,2026-09-17,e99d97a3665c237f,RDKit Descriptors.descList; 2D
5,sorbitol,SlogP_VSA12,0.0,,RDKit,2026.03.6,2026-09-17,e99d97a3665c237f,RDKit Descriptors.descList; 2D
5,sorbitol,SlogP_VSA2,68.26879384906327,,RDKit,2026.03.6,2026-09-17,e99d97a3665c237f,RDKit Descriptors.descList; 2D
5,sorbitol,SlogP_VSA3,0.0,,RDKit,2026.03.6,2026-09-17,e99d97a3665c237f,RDKit Descriptors.descList; 2D
5,sorbitol,SlogP_VSA4,0.0,,RDKit,2026.03.6,2026-09-17,e99d97a3665c237f,RDKit Descriptors.descList; 2D
5,sorbitol,SlogP_VSA5,0.0,,RDKit,2026.03.6,2026-09-17,e99d97a3665c237f,RDKit Descriptors.descList; 2D
5,sorbitol,SlogP_VSA6,0.0,,RDKit,2026.03.6,2026-09-17,e99d97a3665c237f,RDKit Descriptors.descList; 2D
5,sorbitol,SlogP_VSA7,0.0,,RDKit,2026.03.6,2026-09-17,e99d97a3665c237f,RDKit Descriptors.descList; 2D
5,sorbitol,SlogP_VSA8,0.0,,RDKit,2026.03.6,2026-09-17,e99d97a3665c237f,RDKit Descriptors.descList; 2D
5,sorbitol,SlogP_VSA9,0.0,,RDKit,2026.03.6,2026-09-17,e99d97a3665c237f,RDKit Descriptors.descList; 2D
5,sorbitol,TPSA,121.38000000000001,,RDKit,2026.03.6,2026-09-17,e99d97a3665c237f,RDKit Descriptors.descList; 2D
5,sorbitol,EState_VSA1,37.62962948001904,,RDKit,2026.03.6,2026-09-17,e99d97a3665c237f,RDKit Descriptors.descList; 2D
5,sorbitol,EState_VSA10,0.0,,RDKit,2026.03.6,2026-09-17,e99d97a3665c237f,RDKit Descriptors.descList; 2D
5,sorbitol,EState_VSA11,0.0,,RDKit,2026.03.6,2026-09-17,e99d97a3665c237f,RDKit Descriptors.descList; 2D
5,sorbitol,EState_VSA2,0.0,,RDKit,2026.03.6,2026-09-17,e99d97a3665c237f,RDKit Descriptors.descList; 2D
5,sorbitol,EState_VSA3,0.0,,RDKit,2026.03.6,2026-09-17,e99d97a3665c237f,RDKit Descriptors.descList; 2D
5,sorbitol,EState_VSA4,0.0,,RDKit,2026.03.6,2026-09-17,e99d97a3665c237f,RDKit Descriptors.descList; 2D
5,sorbitol,EState_VSA5,0.0,,RDKit,2026.03.6,2026-09-17,e99d97a3665c237f,RDKit Descriptors.descList; 2D
5,sorbitol,EState_VSA6,0.0,,RDKit,2026.03.6,2026-09-17,e99d97a3665c237f,RDKit Descriptors.descList; 2D
5,sorbitol,EState_VSA7,0.0,,RDKit,2026.03.6,2026-09-17,e99d97a3665c237f,RDKit Descriptors.descList; 2D
5,sorbitol,EState_VSA8,0.0,,RDKit,2026.03.6,2026-09-17,e99d97a3665c237f,RDKit Descriptors.descList; 2D
5,sorbitol,EState_VSA9,30.63916436904423,,RDKit,2026.03.6,2026-09-17,e99d97a3665c237f,RDKit Descriptors.descList; 2D
5,sorbitol,VSA_EState1,0.0,,RDKit,2026.03.6,2026-09-17,e99d97a3665c237f,RDKit Descriptors.descList; 2D
5,sorbitol,VSA_EState10,0.0,,RDKit,2026.03.6,2026-09-17,e99d97a3665c237f,RDKit Descriptors.descList; 2D
5,sorbitol,VSA_EState2,0.0,,RDKit,2026.03.6,2026-09-17,e99d97a3665c237f,RDKit Descriptors.descList; 2D
5,sorbitol,VSA_EState3,52.1769142101285,,RDKit,2026.03.6,2026-09-17,e99d97a3665c237f,RDKit Descriptors.descList; 2D
5,sorbitol,VSA_EState4,0.0,,RDKit,2026.03.6,2026-09-17,e99d97a3665c237f,RDKit Descriptors.descList; 2D
5,sorbitol,VSA_EState5,0.0,,RDKit,2026.03.6,2026-09-17,e99d97a3665c237f,RDKit Descriptors.descList; 2D
5,sorbitol,VSA_EState6,0.0,,RDKit,2026.03.6,2026-09-17,e99d97a3665c237f,RDKit Descriptors.descList; 2D
5,sorbitol,VSA_EState7,-6.391944444444444,,RDKit,2026.03.6,2026-09-17,e99d97a3665c237f,RDKit Descriptors.descList; 2D
5,sorbitol,VSA_EState8,-1.451636432350718,,RDKit,2026.03.6,2026-09-17,e99d97a3665c237f,RDKit Descriptors.descList; 2D
5,sorbitol,VSA_EState9,0.0,,RDKit,2026.03.6,2026-09-17,e99d97a3665c237f,RDKit Descriptors.descList; 2D
5,sorbitol,FractionCSP3,1.0,,RDKit,2026.03.6,2026-09-17,e99d97a3665c237f,RDKit Descriptors.descList; 2D
5,sorbitol,HeavyAtomCount,12.0,,RDKit,2026.03.6,2026-09-17,e99d97a3665c237f,RDKit Descriptors.descList; 2D
5,sorbitol,NHOHCount,6.0,,RDKit,2026.03.6,2026-09-17,e99d97a3665c237f,RDKit Descriptors.descList; 2D
5,sorbitol,NOCount,6.0,,RDKit,2026.03.6,2026-09-17,e99d97a3665c237f,RDKit Descriptors.descList; 2D
5,sorbitol,NumAliphaticCarbocycles,0.0,,RDKit,2026.03.6,2026-09-17,e99d97a3665c237f,RDKit Descriptors.descList; 2D
5,sorbitol,NumAliphaticHeterocycles,0.0,,RDKit,2026.03.6,2026-09-17,e99d97a3665c237f,RDKit Descriptors.descList; 2D
5,sorbitol,NumAliphaticRings,0.0,,RDKit,2026.03.6,2026-09-17,e99d97a3665c237f,RDKit Descriptors.descList; 2D
5,sorbitol,NumAmideBonds,0.0,,RDKit,2026.03.6,2026-09-17,e99d97a3665c237f,RDKit Descriptors.descList; 2D
5,sorbitol,NumAromaticCarbocycles,0.0,,RDKit,2026.03.6,2026-09-17,e99d97a3665c237f,RDKit Descriptors.descList; 2D
5,sorbitol,NumAromaticHeterocycles,0.0,,RDKit,2026.03.6,2026-09-17,e99d97a3665c237f,RDKit Descriptors.descList; 2D
5,sorbitol,NumAromaticRings,0.0,,RDKit,2026.03.6,2026-09-17,e99d97a3665c237f,RDKit Descriptors.descList; 2D
5,sorbitol,NumAtomStereoCenters,4.0,,RDKit,2026.03.6,2026-09-17,e99d97a3665c237f,RDKit Descriptors.descList; 2D
5,sorbitol,NumBridgeheadAtoms,0.0,,RDKit,2026.03.6,2026-09-17,e99d97a3665c237f,RDKit Descriptors.descList; 2D
5,sorbitol,NumHAcceptors,6.0,,RDKit,2026.03.6,2026-09-17,e99d97a3665c237f,RDKit Descriptors.descList; 2D
5,sorbitol,NumHDonors,6.0,,RDKit,2026.03.6,2026-09-17,e99d97a3665c237f,RDKit Descriptors.descList; 2D
5,sorbitol,NumHeteroatoms,6.0,,RDKit,2026.03.6,2026-09-17,e99d97a3665c237f,RDKit Descriptors.descList; 2D
5,sorbitol,NumHeterocycles,0.0,,RDKit,2026.03.6,2026-09-17,e99d97a3665c237f,RDKit Descriptors.descList; 2D
5,sorbitol,NumRotatableBonds,5.0,,RDKit,2026.03.6,2026-09-17,e99d97a3665c237f,RDKit Descriptors.descList; 2D
5,sorbitol,NumSaturatedCarbocycles,0.0,,RDKit,2026.03.6,2026-09-17,e99d97a3665c237f,RDKit Descriptors.descList; 2D
5,sorbitol,NumSaturatedHeterocycles,0.0,,RDKit,2026.03.6,2026-09-17,e99d97a3665c237f,RDKit Descriptors.descList; 2D
5,sorbitol,NumSaturatedRings,0.0,,RDKit,2026.03.6,2026-09-17,e99d97a3665c237f,RDKit Descriptors.descList; 2D
5,sorbitol,NumSpiroAtoms,0.0,,RDKit,2026.03.6,2026-09-17,e99d97a3665c237f,RDKit Descriptors.descList; 2D
5,sorbitol,NumUnspecifiedAtomStereoCenters,0.0,,RDKit,2026.03.6,2026-09-17,e99d97a3665c237f,RDKit Descriptors.descList; 2D
5,sorbitol,Phi,5.305192103839915,,RDKit,2026.03.6,2026-09-17,e99d97a3665c237f,RDKit Descriptors.descList; 2D
5,sorbitol,RingCount,0.0,,RDKit,2026.03.6,2026-09-17,e99d97a3665c237f,RDKit Descriptors.descList; 2D
5,sorbitol,MolLogP,-3.585399999999998,,RDKit,2026.03.6,2026-09-17,e99d97a3665c237f,RDKit Descriptors.descList; 2D
5,sorbitol,MolMR,38.19879999999999,,RDKit,2026.03.6,2026-09-17,e99d97a3665c237f,RDKit Descriptors.descList; 2D
5,sorbitol,fr_Al_COO,0.0,,RDKit,2026.03.6,2026-09-17,e99d97a3665c237f,RDKit Descriptors.descList; 2D
5,sorbitol,fr_Al_OH,6.0,,RDKit,2026.03.6,2026-09-17,e99d97a3665c237f,RDKit Descriptors.descList; 2D
5,sorbitol,fr_Al_OH_noTert,6.0,,RDKit,2026.03.6,2026-09-17,e99d97a3665c237f,RDKit Descriptors.descList; 2D
5,sorbitol,fr_ArN,0.0,,RDKit,2026.03.6,2026-09-17,e99d97a3665c237f,RDKit Descriptors.descList; 2D
5,sorbitol,fr_Ar_COO,0.0,,RDKit,2026.03.6,2026-09-17,e99d97a3665c237f,RDKit Descriptors.descList; 2D
5,sorbitol,fr_Ar_N,0.0,,RDKit,2026.03.6,2026-09-17,e99d97a3665c237f,RDKit Descriptors.descList; 2D
5,sorbitol,fr_Ar_NH,0.0,,RDKit,2026.03.6,2026-09-17,e99d97a3665c237f,RDKit Descriptors.descList; 2D
5,sorbitol,fr_Ar_OH,0.0,,RDKit,2026.03.6,2026-09-17,e99d97a3665c237f,RDKit Descriptors.descList; 2D
5,sorbitol,fr_COO,0.0,,RDKit,2026.03.6,2026-09-17,e99d97a3665c237f,RDKit Descriptors.descList; 2D
5,sorbitol,fr_COO2,0.0,,RDKit,2026.03.6,2026-09-17,e99d97a3665c237f,RDKit Descriptors.descList; 2D
5,sorbitol,fr_C_O,0.0,,RDKit,2026.03.6,2026-09-17,e99d97a3665c237f,RDKit Descriptors.descList; 2D
5,sorbitol,fr_C_O_noCOO,0.0,,RDKit,2026.03.6,2026-09-17,e99d97a3665c237f,RDKit Descriptors.descList; 2D
5,sorbitol,fr_C_S,0.0,,RDKit,2026.03.6,2026-09-17,e99d97a3665c237f,RDKit Descriptors.descList; 2D
5,sorbitol,fr_HOCCN,0.0,,RDKit,2026.03.6,2026-09-17,e99d97a3665c237f,RDKit Descriptors.descList; 2D
5,sorbitol,fr_Imine,0.0,,RDKit,2026.03.6,2026-09-17,e99d97a3665c237f,RDKit Descriptors.descList; 2D
5,sorbitol,fr_NH0,0.0,,RDKit,2026.03.6,2026-09-17,e99d97a3665c237f,RDKit Descriptors.descList; 2D
5,sorbitol,fr_NH1,0.0,,RDKit,2026.03.6,2026-09-17,e99d97a3665c237f,RDKit Descriptors.descList; 2D
5,sorbitol,fr_NH2,0.0,,RDKit,2026.03.6,2026-09-17,e99d97a3665c237f,RDKit Descriptors.descList; 2D
5,sorbitol,fr_N_O,0.0,,RDKit,2026.03.6,2026-09-17,e99d97a3665c237f,RDKit Descriptors.descList; 2D
5,sorbitol,fr_Ndealkylation1,0.0,,RDKit,2026.03.6,2026-09-17,e99d97a3665c237f,RDKit Descriptors.descList; 2D
5,sorbitol,fr_Ndealkylation2,0.0,,RDKit,2026.03.6,2026-09-17,e99d97a3665c237f,RDKit Descriptors.descList; 2D
5,sorbitol,fr_Nhpyrrole,0.0,,RDKit,2026.03.6,2026-09-17,e99d97a3665c237f,RDKit Descriptors.descList; 2D
5,sorbitol,fr_SH,0.0,,RDKit,2026.03.6,2026-09-17,e99d97a3665c237f,RDKit Descriptors.descList; 2D
5,sorbitol,fr_aldehyde,0.0,,RDKit,2026.03.6,2026-09-17,e99d97a3665c237f,RDKit Descriptors.descList; 2D
5,sorbitol,fr_alkyl_carbamate,0.0,,RDKit,2026.03.6,2026-09-17,e99d97a3665c237f,RDKit Descriptors.descList; 2D
5,sorbitol,fr_alkyl_halide,0.0,,RDKit,2026.03.6,2026-09-17,e99d97a3665c237f,RDKit Descriptors.descList; 2D
5,sorbitol,fr_allylic_oxid,0.0,,RDKit,2026.03.6,2026-09-17,e99d97a3665c237f,RDKit Descriptors.descList; 2D
5,sorbitol,fr_amide,0.0,,RDKit,2026.03.6,2026-09-17,e99d97a3665c237f,RDKit Descriptors.descList; 2D
5,sorbitol,fr_amidine,0.0,,RDKit,2026.03.6,2026-09-17,e99d97a3665c237f,RDKit Descriptors.descList; 2D
5,sorbitol,fr_aniline,0.0,,RDKit,2026.03.6,2026-09-17,e99d97a3665c237f,RDKit Descriptors.descList; 2D
5,sorbitol,fr_aryl_methyl,0.0,,RDKit,2026.03.6,2026-09-17,e99d97a3665c237f,RDKit Descriptors.descList; 2D
5,sorbitol,fr_azide,0.0,,RDKit,2026.03.6,2026-09-17,e99d97a3665c237f,RDKit Descriptors.descList; 2D
5,sorbitol,fr_azo,0.0,,RDKit,2026.03.6,2026-09-17,e99d97a3665c237f,RDKit Descriptors.descList; 2D
5,sorbitol,fr_barbitur,0.0,,RDKit,2026.03.6,2026-09-17,e99d97a3665c237f,RDKit Descriptors.descList; 2D
5,sorbitol,fr_benzene,0.0,,RDKit,2026.03.6,2026-09-17,e99d97a3665c237f,RDKit Descriptors.descList; 2D
5,sorbitol,fr_benzodiazepine,0.0,,RDKit,2026.03.6,2026-09-17,e99d97a3665c237f,RDKit Descriptors.descList; 2D
5,sorbitol,fr_bicyclic,0.0,,RDKit,2026.03.6,2026-09-17,e99d97a3665c237f,RDKit Descriptors.descList; 2D
5,sorbitol,fr_diazo,0.0,,RDKit,2026.03.6,2026-09-17,e99d97a3665c237f,RDKit Descriptors.descList; 2D
5,sorbitol,fr_dihydropyridine,0.0,,RDKit,2026.03.6,2026-09-17,e99d97a3665c237f,RDKit Descriptors.descList; 2D
5,sorbitol,fr_epoxide,0.0,,RDKit,2026.03.6,2026-09-17,e99d97a3665c237f,RDKit Descriptors.descList; 2D
5,sorbitol,fr_ester,0.0,,RDKit,2026.03.6,2026-09-17,e99d97a3665c237f,RDKit Descriptors.descList; 2D
5,sorbitol,fr_ether,0.0,,RDKit,2026.03.6,2026-09-17,e99d97a3665c237f,RDKit Descriptors.descList; 2D
5,sorbitol,fr_furan,0.0,,RDKit,2026.03.6,2026-09-17,e99d97a3665c237f,RDKit Descriptors.descList; 2D
5,sorbitol,fr_guanido,0.0,,RDKit,2026.03.6,2026-09-17,e99d97a3665c237f,RDKit Descriptors.descList; 2D
5,sorbitol,fr_halogen,0.0,,RDKit,2026.03.6,2026-09-17,e99d97a3665c237f,RDKit Descriptors.descList; 2D
5,sorbitol,fr_hdrzine,0.0,,RDKit,2026.03.6,2026-09-17,e99d97a3665c237f,RDKit Descriptors.descList; 2D
5,sorbitol,fr_hdrzone,0.0,,RDKit,2026.03.6,2026-09-17,e99d97a3665c237f,RDKit Descriptors.descList; 2D
5,sorbitol,fr_imidazole,0.0,,RDKit,2026.03.6,2026-09-17,e99d97a3665c237f,RDKit Descriptors.descList; 2D
5,sorbitol,fr_imide,0.0,,RDKit,2026.03.6,2026-09-17,e99d97a3665c237f,RDKit Descriptors.descList; 2D
5,sorbitol,fr_isocyan,0.0,,RDKit,2026.03.6,2026-09-17,e99d97a3665c237f,RDKit Descriptors.descList; 2D
5,sorbitol,fr_isothiocyan,0.0,,RDKit,2026.03.6,2026-09-17,e99d97a3665c237f,RDKit Descriptors.descList; 2D
5,sorbitol,fr_ketone,0.0,,RDKit,2026.03.6,2026-09-17,e99d97a3665c237f,RDKit Descriptors.descList; 2D
5,sorbitol,fr_ketone_Topliss,0.0,,RDKit,2026.03.6,2026-09-17,e99d97a3665c237f,RDKit Descriptors.descList; 2D
5,sorbitol,fr_lactam,0.0,,RDKit,2026.03.6,2026-09-17,e99d97a3665c237f,RDKit Descriptors.descList; 2D
5,sorbitol,fr_lactone,0.0,,RDKit,2026.03.6,2026-09-17,e99d97a3665c237f,RDKit Descriptors.descList; 2D
5,sorbitol,fr_methoxy,0.0,,RDKit,2026.03.6,2026-09-17,e99d97a3665c237f,RDKit Descriptors.descList; 2D
5,sorbitol,fr_morpholine,0.0,,RDKit,2026.03.6,2026-09-17,e99d97a3665c237f,RDKit Descriptors.descList; 2D
5,sorbitol,fr_nitrile,0.0,,RDKit,2026.03.6,2026-09-17,e99d97a3665c237f,RDKit Descriptors.descList; 2D
5,sorbitol,fr_nitro,0.0,,RDKit,2026.03.6,2026-09-17,e99d97a3665c237f,RDKit Descriptors.descList; 2D
5,sorbitol,fr_nitro_arom,0.0,,RDKit,2026.03.6,2026-09-17,e99d97a3665c237f,RDKit Descriptors.descList; 2D
5,sorbitol,fr_nitro_arom_nonortho,0.0,,RDKit,2026.03.6,2026-09-17,e99d97a3665c237f,RDKit Descriptors.descList; 2D
5,sorbitol,fr_nitroso,0.0,,RDKit,2026.03.6,2026-09-17,e99d97a3665c237f,RDKit Descriptors.descList; 2D
5,sorbitol,fr_oxazole,0.0,,RDKit,2026.03.6,2026-09-17,e99d97a3665c237f,RDKit Descriptors.descList; 2D
5,sorbitol,fr_oxime,0.0,,RDKit,2026.03.6,2026-09-17,e99d97a3665c237f,RDKit Descriptors.descList; 2D
5,sorbitol,fr_para_hydroxylation,0.0,,RDKit,2026.03.6,2026-09-17,e99d97a3665c237f,RDKit Descriptors.descList; 2D
5,sorbitol,fr_phenol,0.0,,RDKit,2026.03.6,2026-09-17,e99d97a3665c237f,RDKit Descriptors.descList; 2D
5,sorbitol,fr_phenol_noOrthoHbond,0.0,,RDKit,2026.03.6,2026-09-17,e99d97a3665c237f,RDKit Descriptors.descList; 2D
5,sorbitol,fr_phos_acid,0.0,,RDKit,2026.03.6,2026-09-17,e99d97a3665c237f,RDKit Descriptors.descList; 2D
5,sorbitol,fr_phos_ester,0.0,,RDKit,2026.03.6,2026-09-17,e99d97a3665c237f,RDKit Descriptors.descList; 2D
5,sorbitol,fr_piperdine,0.0,,RDKit,2026.03.6,2026-09-17,e99d97a3665c237f,RDKit Descriptors.descList; 2D
5,sorbitol,fr_piperzine,0.0,,RDKit,2026.03.6,2026-09-17,e99d97a3665c237f,RDKit Descriptors.descList; 2D
5,sorbitol,fr_priamide,0.0,,RDKit,2026.03.6,2026-09-17,e99d97a3665c237f,RDKit Descriptors.descList; 2D
5,sorbitol,fr_prisulfonamd,0.0,,RDKit,2026.03.6,2026-09-17,e99d97a3665c237f,RDKit Descriptors.descList; 2D
5,sorbitol,fr_pyridine,0.0,,RDKit,2026.03.6,2026-09-17,e99d97a3665c237f,RDKit Descriptors.descList; 2D
5,sorbitol,fr_quatN,0.0,,RDKit,2026.03.6,2026-09-17,e99d97a3665c237f,RDKit Descriptors.descList; 2D
5,sorbitol,fr_sulfide,0.0,,RDKit,2026.03.6,2026-09-17,e99d97a3665c237f,RDKit Descriptors.descList; 2D
5,sorbitol,fr_sulfonamd,0.0,,RDKit,2026.03.6,2026-09-17,e99d97a3665c237f,RDKit Descriptors.descList; 2D
5,sorbitol,fr_sulfone,0.0,,RDKit,2026.03.6,2026-09-17,e99d97a3665c237f,RDKit Descriptors.descList; 2D
5,sorbitol,fr_term_acetylene,0.0,,RDKit,2026.03.6,2026-09-17,e99d97a3665c237f,RDKit Descriptors.descList; 2D
5,sorbitol,fr_tetrazole,0.0,,RDKit,2026.03.6,2026-09-17,e99d97a3665c237f,RDKit Descriptors.descList; 2D
5,sorbitol,fr_thiazole,0.0,,RDKit,2026.03.6,2026-09-17,e99d97a3665c237f,RDKit Descriptors.descList; 2D
5,sorbitol,fr_thiocyan,0.0,,RDKit,2026.03.6,2026-09-17,e99d97a3665c237f,RDKit Descriptors.descList; 2D
5,sorbitol,fr_thiophene,0.0,,RDKit,2026.03.6,2026-09-17,e99d97a3665c237f,RDKit Descriptors.descList; 2D
5,sorbitol,fr_unbrch_alkane,0.0,,RDKit,2026.03.6,2026-09-17,e99d97a3665c237f,RDKit Descriptors.descList; 2D
5,sorbitol,fr_urea,0.0,,RDKit,2026.03.6,2026-09-17,e99d97a3665c237f,RDKit Descriptors.descList; 2D
6,furfural,MaxAbsEStateIndex,9.773842592592592,,RDKit,2026.03.6,2026-09-17,e99d97a3665c237f,RDKit Descriptors.descList; 2D
6,furfural,MaxEStateIndex,9.773842592592592,,RDKit,2026.03.6,2026-09-17,e99d97a3665c237f,RDKit Descriptors.descList; 2D
6,furfural,MinAbsEStateIndex,0.3750000000000002,,RDKit,2026.03.6,2026-09-17,e99d97a3665c237f,RDKit Descriptors.descList; 2D
6,furfural,MinEStateIndex,0.3750000000000002,,RDKit,2026.03.6,2026-09-17,e99d97a3665c237f,RDKit Descriptors.descList; 2D
6,furfural,qed,0.4896950193353882,,RDKit,2026.03.6,2026-09-17,e99d97a3665c237f,RDKit Descriptors.descList; 2D
6,furfural,SPS,8.571428571428571,,RDKit,2026.03.6,2026-09-17,e99d97a3665c237f,RDKit Descriptors.descList; 2D
6,furfural,MolWt,96.08499999999998,,RDKit,2026.03.6,2026-09-17,e99d97a3665c237f,RDKit Descriptors.descList; 2D
6,furfural,HeavyAtomMolWt,92.05299999999998,,RDKit,2026.03.6,2026-09-17,e99d97a3665c237f,RDKit Descriptors.descList; 2D
6,furfural,ExactMolWt,96.021129368,,RDKit,2026.03.6,2026-09-17,e99d97a3665c237f,RDKit Descriptors.descList; 2D
6,furfural,NumValenceElectrons,36.0,,RDKit,2026.03.6,2026-09-17,e99d97a3665c237f,RDKit Descriptors.descList; 2D
6,furfural,NumRadicalElectrons,0.0,,RDKit,2026.03.6,2026-09-17,e99d97a3665c237f,RDKit Descriptors.descList; 2D
6,furfural,MaxPartialCharge,0.18480086649586971,,RDKit,2026.03.6,2026-09-17,e99d97a3665c237f,RDKit Descriptors.descList; 2D
6,furfural,MinPartialCharge,-0.4615648134016627,,RDKit,2026.03.6,2026-09-17,e99d97a3665c237f,RDKit Descriptors.descList; 2D
6,furfural,MaxAbsPartialCharge,0.4615648134016627,,RDKit,2026.03.6,2026-09-17,e99d97a3665c237f,RDKit Descriptors.descList; 2D
6,furfural,MinAbsPartialCharge,0.18480086649586971,,RDKit,2026.03.6,2026-09-17,e99d97a3665c237f,RDKit Descriptors.descList; 2D
6,furfural,FpDensityMorgan1,1.7142857142857142,,RDKit,2026.03.6,2026-09-17,e99d97a3665c237f,RDKit Descriptors.descList; 2D
6,furfural,FpDensityMorgan2,2.5714285714285716,,RDKit,2026.03.6,2026-09-17,e99d97a3665c237f,RDKit Descriptors.descList; 2D
6,furfural,FpDensityMorgan3,2.857142857142857,,RDKit,2026.03.6,2026-09-17,e99d97a3665c237f,RDKit Descriptors.descList; 2D
6,furfural,BCUT2D_MWHI,16.33729148653101,,RDKit,2026.03.6,2026-09-17,e99d97a3665c237f,RDKit Descriptors.descList; 2D
6,furfural,BCUT2D_MWLOW,10.501457041144818,,RDKit,2026.03.6,2026-09-17,e99d97a3665c237f,RDKit Descriptors.descList; 2D
6,furfural,BCUT2D_CHGHI,1.8418899451137047,,RDKit,2026.03.6,2026-09-17,e99d97a3665c237f,RDKit Descriptors.descList; 2D
6,furfural,BCUT2D_CHGLO,-1.6833751715561343,,RDKit,2026.03.6,2026-09-17,e99d97a3665c237f,RDKit Descriptors.descList; 2D
6,furfural,BCUT2D_LOGPHI,1.9220413316465248,,RDKit,2026.03.6,2026-09-17,e99d97a3665c237f,RDKit Descriptors.descList; 2D
6,furfural,BCUT2D_LOGPLOW,-1.6459114979203346,,RDKit,2026.03.6,2026-09-17,e99d97a3665c237f,RDKit Descriptors.descList; 2D
6,furfural,BCUT2D_MRHI,5.694580576536034,,RDKit,2026.03.6,2026-09-17,e99d97a3665c237f,RDKit Descriptors.descList; 2D
6,furfural,BCUT2D_MRLOW,0.10957973060819537,,RDKit,2026.03.6,2026-09-17,e99d97a3665c237f,RDKit Descriptors.descList; 2D
6,furfural,AvgIpc,2.139132575078347,,RDKit,2026.03.6,2026-09-17,e99d97a3665c237f,RDKit Descriptors.descList; 2D
6,furfural,BalabanJ,2.962094525806721,,RDKit,2026.03.6,2026-09-17,e99d97a3665c237f,RDKit Descriptors.descList; 2D
6,furfural,BertzCT,141.1235805057187,,RDKit,2026.03.6,2026-09-17,e99d97a3665c237f,RDKit Descriptors.descList; 2D
6,furfural,Chi0,5.112884175122364,,RDKit,2026.03.6,2026-09-17,e99d97a3665c237f,RDKit Descriptors.descList; 2D
6,furfural,Chi0n,3.625897657686229,,RDKit,2026.03.6,2026-09-17,e99d97a3665c237f,RDKit Descriptors.descList; 2D
6,furfural,Chi0v,3.625897657686229,,RDKit,2026.03.6,2026-09-17,e99d97a3665c237f,RDKit Descriptors.descList; 2D
6,furfural,Chi1,3.431851652578137,,RDKit,2026.03.6,2026-09-17,e99d97a3665c237f,RDKit Descriptors.descList; 2D
6,furfural,Chi1n,1.919545601879256,,RDKit,2026.03.6,2026-09-17,e99d97a3665c237f,RDKit Descriptors.descList; 2D
6,furfural,Chi1v,1.919545601879256,,RDKit,2026.03.6,2026-09-17,e99d97a3665c237f,RDKit Descriptors.descList; 2D
6,furfural,Chi2n,1.1332707073421948,,RDKit,2026.03.6,2026-09-17,e99d97a3665c237f,RDKit Descriptors.descList; 2D
6,furfural,Chi2v,1.1332707073421948,,RDKit,2026.03.6,2026-09-17,e99d97a3665c237f,RDKit Descriptors.descList; 2D
6,furfural,Chi3n,0.6593369410140687,,RDKit,2026.03.6,2026-09-17,e99d97a3665c237f,RDKit Descriptors.descList; 2D
6,furfural,Chi3v,0.6593369410140687,,RDKit,2026.03.6,2026-09-17,e99d97a3665c237f,RDKit Descriptors.descList; 2D
6,furfural,Chi4n,0.35831930379476873,,RDKit,2026.03.6,2026-09-17,e99d97a3665c237f,RDKit Descriptors.descList; 2D
6,furfural,Chi4v,0.35831930379476873,,RDKit,2026.03.6,2026-09-17,e99d97a3665c237f,RDKit Descriptors.descList; 2D
6,furfural,HallKierAlpha,-1.05,,RDKit,2026.03.6,2026-09-17,e99d97a3665c237f,RDKit Descriptors.descList; 2D
6,furfural,Ipc,66.31310982742876,,RDKit,2026.03.6,2026-09-17,e99d97a3665c237f,RDKit Descriptors.descList; 2D
6,furfural,Kappa1,4.118067226890756,,RDKit,2026.03.6,2026-09-17,e99d97a3665c237f,RDKit Descriptors.descList; 2D
6,furfural,Kappa2,1.598931214740438,,RDKit,2026.03.6,2026-09-17,e99d97a3665c237f,RDKit Descriptors.descList; 2D
6,furfural,Kappa3,0.6815770736917053,,RDKit,2026.03.6,2026-09-17,e99d97a3665c237f,RDKit Descriptors.descList; 2D
6,furfural,LabuteASA,40.75219659801417,,RDKit,2026.03.6,2026-09-17,e99d97a3665c237f,RDKit Descriptors.descList; 2D
6,furfural,PEOE_VSA1,4.417150937053347,,RDKit,2026.03.6,2026-09-17,e99d97a3665c237f,RDKit Descriptors.descList; 2D
6,furfural,PEOE_VSA10,0.0,,RDKit,2026.03.6,2026-09-17,e99d97a3665c237f,RDKit Descriptors.descList; 2D
6,furfural,PEOE_VSA11,12.046407942003999,,RDKit,2026.03.6,2026-09-17,e99d97a3665c237f,RDKit Descriptors.descList; 2D
6,furfural,PEOE_VSA12,0.0,,RDKit,2026.03.6,2026-09-17,e99d97a3665c237f,RDKit Descriptors.descList; 2D
6,furfural,PEOE_VSA13,0.0,,RDKit,2026.03.6,2026-09-17,e99d97a3665c237f,RDKit Descriptors.descList; 2D
6,furfural,PEOE_VSA14,0.0,,RDKit,2026.03.6,2026-09-17,e99d97a3665c237f,RDKit Descriptors.descList; 2D
6,furfural,PEOE_VSA2,4.794537184071822,,RDKit,2026.03.6,2026-09-17,e99d97a3665c237f,RDKit Descriptors.descList; 2D
6,furfural,PEOE_VSA3,0.0,,RDKit,2026.03.6,2026-09-17,e99d97a3665c237f,RDKit Descriptors.descList; 2D
6,furfural,PEOE_VSA4,0.0,,RDKit,2026.03.6,2026-09-17,e99d97a3665c237f,RDKit Descriptors.descList; 2D
6,furfural,PEOE_VSA5,0.0,,RDKit,2026.03.6,2026-09-17,e99d97a3665c237f,RDKit Descriptors.descList; 2D
6,furfural,PEOE_VSA6,0.0,,RDKit,2026.03.6,2026-09-17,e99d97a3665c237f,RDKit Descriptors.descList; 2D
6,furfural,PEOE_VSA7,12.13273413692322,,RDKit,2026.03.6,2026-09-17,e99d97a3665c237f,RDKit Descriptors.descList; 2D
6,furfural,PEOE_VSA8,0.0,,RDKit,2026.03.6,2026-09-17,e99d97a3665c237f,RDKit Descriptors.descList; 2D
6,furfural,PEOE_VSA9,6.263162995639057,,RDKit,2026.03.6,2026-09-17,e99d97a3665c237f,RDKit Descriptors.descList; 2D
6,furfural,SMR_VSA1,9.211688121125169,,RDKit,2026.03.6,2026-09-17,e99d97a3665c237f,RDKit Descriptors.descList; 2D
6,furfural,SMR_VSA10,6.286160523129555,,RDKit,2026.03.6,2026-09-17,e99d97a3665c237f,RDKit Descriptors.descList; 2D
6,furfural,SMR_VSA2,0.0,,RDKit,2026.03.6,2026-09-17,e99d97a3665c237f,RDKit Descriptors.descList; 2D
6,furfural,SMR_VSA3,0.0,,RDKit,2026.03.6,2026-09-17,e99d97a3665c237f,RDKit Descriptors.descList; 2D
6,furfural,SMR_VSA4,0.0,,RDKit,2026.03.6,2026-09-17,e99d97a3665c237f,RDKit Descriptors.descList; 2D
6,furfural,SMR_VSA5,0.0,,RDKit,2026.03.6,2026-09-17,e99d97a3665c237f,RDKit Descriptors.descList; 2D
6,furfural,SMR_VSA6,0.0,,RDKit,2026.03.6,2026-09-17,e99d97a3665c237f,RDKit Descriptors.descList; 2D
6,furfural,SMR_VSA7,24.156144551436718,,RDKit,2026.03.6,2026-09-17,e99d97a3665c237f,RDKit Descriptors.descList; 2D
6,furfural,SMR_VSA8,0.0,,RDKit,2026.03.6,2026-09-17,e99d97a3665c237f,RDKit Descriptors.descList; 2D
6,furfural,SMR_VSA9,0.0,,RDKit,2026.03.6,2026-09-17,e99d97a3665c237f,RDKit Descriptors.descList; 2D
6,furfural,SlogP_VSA1,0.0,,RDKit,2026.03.6,2026-09-17,e99d97a3665c237f,RDKit Descriptors.descList; 2D
6,furfural,SlogP_VSA10,0.0,,RDKit,2026.03.6,2026-09-17,e99d97a3665c237f,RDKit Descriptors.descList; 2D
6,furfural,SlogP_VSA11,0.0,,RDKit,2026.03.6,2026-09-17,e99d97a3665c237f,RDKit Descriptors.descList; 2D
6,furfural,SlogP_VSA12,0.0,,RDKit,2026.03.6,2026-09-17,e99d97a3665c237f,RDKit Descriptors.descList; 2D
6,furfural,SlogP_VSA2,6.286160523129555,,RDKit,2026.03.6,2026-09-17,e99d97a3665c237f,RDKit Descriptors.descList; 2D
6,furfural,SlogP_VSA3,0.0,,RDKit,2026.03.6,2026-09-17,e99d97a3665c237f,RDKit Descriptors.descList; 2D
6,furfural,SlogP_VSA4,0.0,,RDKit,2026.03.6,2026-09-17,e99d97a3665c237f,RDKit Descriptors.descList; 2D
6,furfural,SlogP_VSA5,10.554784602946263,,RDKit,2026.03.6,2026-09-17,e99d97a3665c237f,RDKit Descriptors.descList; 2D
6,furfural,SlogP_VSA6,22.813048069615622,,RDKit,2026.03.6,2026-09-17,e99d97a3665c237f,RDKit Descriptors.descList; 2D
6,furfural,SlogP_VSA7,0.0,,RDKit,2026.03.6,2026-09-17,e99d97a3665c237f,RDKit Descriptors.descList; 2D
6,furfural,SlogP_VSA8,0.0,,RDKit,2026.03.6,2026-09-17,e99d97a3665c237f,RDKit Descriptors.descList; 2D
6,furfural,SlogP_VSA9,0.0,,RDKit,2026.03.6,2026-09-17,e99d97a3665c237f,RDKit Descriptors.descList; 2D
6,furfural,TPSA,30.21,,RDKit,2026.03.6,2026-09-17,e99d97a3665c237f,RDKit Descriptors.descList; 2D
6,furfural,EState_VSA1,0.0,,RDKit,2026.03.6,2026-09-17,e99d97a3665c237f,RDKit Descriptors.descList; 2D
6,furfural,EState_VSA10,4.794537184071822,,RDKit,2026.03.6,2026-09-17,e99d97a3665c237f,RDKit Descriptors.descList; 2D
6,furfural,EState_VSA11,0.0,,RDKit,2026.03.6,2026-09-17,e99d97a3665c237f,RDKit Descriptors.descList; 2D
6,furfural,EState_VSA2,0.0,,RDKit,2026.03.6,2026-09-17,e99d97a3665c237f,RDKit Descriptors.descList; 2D
6,furfural,EState_VSA3,12.046407942003999,,RDKit,2026.03.6,2026-09-17,e99d97a3665c237f,RDKit Descriptors.descList; 2D
6,furfural,EState_VSA4,0.0,,RDKit,2026.03.6,2026-09-17,e99d97a3665c237f,RDKit Descriptors.descList; 2D
6,furfural,EState_VSA5,6.263162995639057,,RDKit,2026.03.6,2026-09-17,e99d97a3665c237f,RDKit Descriptors.descList; 2D
6,furfural,EState_VSA6,12.13273413692322,,RDKit,2026.03.6,2026-09-17,e99d97a3665c237f,RDKit Descriptors.descList; 2D
6,furfural,EState_VSA7,0.0,,RDKit,2026.03.6,2026-09-17,e99d97a3665c237f,RDKit Descriptors.descList; 2D
6,furfural,EState_VSA8,4.417150937053347,,RDKit,2026.03.6,2026-09-17,e99d97a3665c237f,RDKit Descriptors.descList; 2D
6,furfural,EState_VSA9,0.0,,RDKit,2026.03.6,2026-09-17,e99d97a3665c237f,RDKit Descriptors.descList; 2D
6,furfural,VSA_EState1,4.614583333333334,,RDKit,2026.03.6,2026-09-17,e99d97a3665c237f,RDKit Descriptors.descList; 2D
6,furfural,VSA_EState10,0.0,,RDKit,2026.03.6,2026-09-17,e99d97a3665c237f,RDKit Descriptors.descList; 2D
6,furfural,VSA_EState2,9.773842592592592,,RDKit,2026.03.6,2026-09-17,e99d97a3665c237f,RDKit Descriptors.descList; 2D
6,furfural,VSA_EState3,0.0,,RDKit,2026.03.6,2026-09-17,e99d97a3665c237f,RDKit Descriptors.descList; 2D
6,furfural,VSA_EState4,0.0,,RDKit,2026.03.6,2026-09-17,e99d97a3665c237f,RDKit Descriptors.descList; 2D
6,furfural,VSA_EState5,0.3750000000000002,,RDKit,2026.03.6,2026-09-17,e99d97a3665c237f,RDKit Descriptors.descList; 2D
6,furfural,VSA_EState6,3.274537037037037,,RDKit,2026.03.6,2026-09-17,e99d97a3665c237f,RDKit Descriptors.descList; 2D
6,furfural,VSA_EState7,2.128703703703704,,RDKit,2026.03.6,2026-09-17,e99d97a3665c237f,RDKit Descriptors.descList; 2D
6,furfural,VSA_EState8,0.0,,RDKit,2026.03.6,2026-09-17,e99d97a3665c237f,RDKit Descriptors.descList; 2D
6,furfural,VSA_EState9,0.0,,RDKit,2026.03.6,2026-09-17,e99d97a3665c237f,RDKit Descriptors.descList; 2D
6,furfural,FractionCSP3,0.0,,RDKit,2026.03.6,2026-09-17,e99d97a3665c237f,RDKit Descriptors.descList; 2D
6,furfural,HeavyAtomCount,7.0,,RDKit,2026.03.6,2026-09-17,e99d97a3665c237f,RDKit Descriptors.descList; 2D
6,furfural,NHOHCount,0.0,,RDKit,2026.03.6,2026-09-17,e99d97a3665c237f,RDKit Descriptors.descList; 2D
6,furfural,NOCount,2.0,,RDKit,2026.03.6,2026-09-17,e99d97a3665c237f,RDKit Descriptors.descList; 2D
6,furfural,NumAliphaticCarbocycles,0.0,,RDKit,2026.03.6,2026-09-17,e99d97a3665c237f,RDKit Descriptors.descList; 2D
6,furfural,NumAliphaticHeterocycles,0.0,,RDKit,2026.03.6,2026-09-17,e99d97a3665c237f,RDKit Descriptors.descList; 2D
6,furfural,NumAliphaticRings,0.0,,RDKit,2026.03.6,2026-09-17,e99d97a3665c237f,RDKit Descriptors.descList; 2D
6,furfural,NumAmideBonds,0.0,,RDKit,2026.03.6,2026-09-17,e99d97a3665c237f,RDKit Descriptors.descList; 2D
6,furfural,NumAromaticCarbocycles,0.0,,RDKit,2026.03.6,2026-09-17,e99d97a3665c237f,RDKit Descriptors.descList; 2D
6,furfural,NumAromaticHeterocycles,1.0,,RDKit,2026.03.6,2026-09-17,e99d97a3665c237f,RDKit Descriptors.descList; 2D
6,furfural,NumAromaticRings,1.0,,RDKit,2026.03.6,2026-09-17,e99d97a3665c237f,RDKit Descriptors.descList; 2D
6,furfural,NumAtomStereoCenters,0.0,,RDKit,2026.03.6,2026-09-17,e99d97a3665c237f,RDKit Descriptors.descList; 2D
6,furfural,NumBridgeheadAtoms,0.0,,RDKit,2026.03.6,2026-09-17,e99d97a3665c237f,RDKit Descriptors.descList; 2D
6,furfural,NumHAcceptors,2.0,,RDKit,2026.03.6,2026-09-17,e99d97a3665c237f,RDKit Descriptors.descList; 2D
6,furfural,NumHDonors,0.0,,RDKit,2026.03.6,2026-09-17,e99d97a3665c237f,RDKit Descriptors.descList; 2D
6,furfural,NumHeteroatoms,2.0,,RDKit,2026.03.6,2026-09-17,e99d97a3665c237f,RDKit Descriptors.descList; 2D
6,furfural,NumHeterocycles,1.0,,RDKit,2026.03.6,2026-09-17,e99d97a3665c237f,RDKit Descriptors.descList; 2D
6,furfural,NumRotatableBonds,1.0,,RDKit,2026.03.6,2026-09-17,e99d97a3665c237f,RDKit Descriptors.descList; 2D
6,furfural,NumSaturatedCarbocycles,0.0,,RDKit,2026.03.6,2026-09-17,e99d97a3665c237f,RDKit Descriptors.descList; 2D
6,furfural,NumSaturatedHeterocycles,0.0,,RDKit,2026.03.6,2026-09-17,e99d97a3665c237f,RDKit Descriptors.descList; 2D
6,furfural,NumSaturatedRings,0.0,,RDKit,2026.03.6,2026-09-17,e99d97a3665c237f,RDKit Descriptors.descList; 2D
6,furfural,NumSpiroAtoms,0.0,,RDKit,2026.03.6,2026-09-17,e99d97a3665c237f,RDKit Descriptors.descList; 2D
6,furfural,NumUnspecifiedAtomStereoCenters,0.0,,RDKit,2026.03.6,2026-09-17,e99d97a3665c237f,RDKit Descriptors.descList; 2D
6,furfural,Phi,0.9406437476393176,,RDKit,2026.03.6,2026-09-17,e99d97a3665c237f,RDKit Descriptors.descList; 2D
6,furfural,RingCount,1.0,,RDKit,2026.03.6,2026-09-17,e99d97a3665c237f,RDKit Descriptors.descList; 2D
6,furfural,MolLogP,1.0920999999999998,,RDKit,2026.03.6,2026-09-17,e99d97a3665c237f,RDKit Descriptors.descList; 2D
6,furfural,MolMR,24.095499999999994,,RDKit,2026.03.6,2026-09-17,e99d97a3665c237f,RDKit Descriptors.descList; 2D
6,furfural,fr_Al_COO,0.0,,RDKit,2026.03.6,2026-09-17,e99d97a3665c237f,RDKit Descriptors.descList; 2D
6,furfural,fr_Al_OH,0.0,,RDKit,2026.03.6,2026-09-17,e99d97a3665c237f,RDKit Descriptors.descList; 2D
6,furfural,fr_Al_OH_noTert,0.0,,RDKit,2026.03.6,2026-09-17,e99d97a3665c237f,RDKit Descriptors.descList; 2D
6,furfural,fr_ArN,0.0,,RDKit,2026.03.6,2026-09-17,e99d97a3665c237f,RDKit Descriptors.descList; 2D
6,furfural,fr_Ar_COO,0.0,,RDKit,2026.03.6,2026-09-17,e99d97a3665c237f,RDKit Descriptors.descList; 2D
6,furfural,fr_Ar_N,0.0,,RDKit,2026.03.6,2026-09-17,e99d97a3665c237f,RDKit Descriptors.descList; 2D
6,furfural,fr_Ar_NH,0.0,,RDKit,2026.03.6,2026-09-17,e99d97a3665c237f,RDKit Descriptors.descList; 2D
6,furfural,fr_Ar_OH,0.0,,RDKit,2026.03.6,2026-09-17,e99d97a3665c237f,RDKit Descriptors.descList; 2D
6,furfural,fr_COO,0.0,,RDKit,2026.03.6,2026-09-17,e99d97a3665c237f,RDKit Descriptors.descList; 2D
6,furfural,fr_COO2,0.0,,RDKit,2026.03.6,2026-09-17,e99d97a3665c237f,RDKit Descriptors.descList; 2D
6,furfural,fr_C_O,1.0,,RDKit,2026.03.6,2026-09-17,e99d97a3665c237f,RDKit Descriptors.descList; 2D
6,furfural,fr_C_O_noCOO,1.0,,RDKit,2026.03.6,2026-09-17,e99d97a3665c237f,RDKit Descriptors.descList; 2D
6,furfural,fr_C_S,0.0,,RDKit,2026.03.6,2026-09-17,e99d97a3665c237f,RDKit Descriptors.descList; 2D
6,furfural,fr_HOCCN,0.0,,RDKit,2026.03.6,2026-09-17,e99d97a3665c237f,RDKit Descriptors.descList; 2D
6,furfural,fr_Imine,0.0,,RDKit,2026.03.6,2026-09-17,e99d97a3665c237f,RDKit Descriptors.descList; 2D
6,furfural,fr_NH0,0.0,,RDKit,2026.03.6,2026-09-17,e99d97a3665c237f,RDKit Descriptors.descList; 2D
6,furfural,fr_NH1,0.0,,RDKit,2026.03.6,2026-09-17,e99d97a3665c237f,RDKit Descriptors.descList; 2D
6,furfural,fr_NH2,0.0,,RDKit,2026.03.6,2026-09-17,e99d97a3665c237f,RDKit Descriptors.descList; 2D
6,furfural,fr_N_O,0.0,,RDKit,2026.03.6,2026-09-17,e99d97a3665c237f,RDKit Descriptors.descList; 2D
6,furfural,fr_Ndealkylation1,0.0,,RDKit,2026.03.6,2026-09-17,e99d97a3665c237f,RDKit Descriptors.descList; 2D
6,furfural,fr_Ndealkylation2,0.0,,RDKit,2026.03.6,2026-09-17,e99d97a3665c237f,RDKit Descriptors.descList; 2D
6,furfural,fr_Nhpyrrole,0.0,,RDKit,2026.03.6,2026-09-17,e99d97a3665c237f,RDKit Descriptors.descList; 2D
6,furfural,fr_SH,0.0,,RDKit,2026.03.6,2026-09-17,e99d97a3665c237f,RDKit Descriptors.descList; 2D
6,furfural,fr_aldehyde,1.0,,RDKit,2026.03.6,2026-09-17,e99d97a3665c237f,RDKit Descriptors.descList; 2D
6,furfural,fr_alkyl_carbamate,0.0,,RDKit,2026.03.6,2026-09-17,e99d97a3665c237f,RDKit Descriptors.descList; 2D
6,furfural,fr_alkyl_halide,0.0,,RDKit,2026.03.6,2026-09-17,e99d97a3665c237f,RDKit Descriptors.descList; 2D
6,furfural,fr_allylic_oxid,0.0,,RDKit,2026.03.6,2026-09-17,e99d97a3665c237f,RDKit Descriptors.descList; 2D
6,furfural,fr_amide,0.0,,RDKit,2026.03.6,2026-09-17,e99d97a3665c237f,RDKit Descriptors.descList; 2D
6,furfural,fr_amidine,0.0,,RDKit,2026.03.6,2026-09-17,e99d97a3665c237f,RDKit Descriptors.descList; 2D
6,furfural,fr_aniline,0.0,,RDKit,2026.03.6,2026-09-17,e99d97a3665c237f,RDKit Descriptors.descList; 2D
6,furfural,fr_aryl_methyl,0.0,,RDKit,2026.03.6,2026-09-17,e99d97a3665c237f,RDKit Descriptors.descList; 2D
6,furfural,fr_azide,0.0,,RDKit,2026.03.6,2026-09-17,e99d97a3665c237f,RDKit Descriptors.descList; 2D
6,furfural,fr_azo,0.0,,RDKit,2026.03.6,2026-09-17,e99d97a3665c237f,RDKit Descriptors.descList; 2D
6,furfural,fr_barbitur,0.0,,RDKit,2026.03.6,2026-09-17,e99d97a3665c237f,RDKit Descriptors.descList; 2D
6,furfural,fr_benzene,0.0,,RDKit,2026.03.6,2026-09-17,e99d97a3665c237f,RDKit Descriptors.descList; 2D
6,furfural,fr_benzodiazepine,0.0,,RDKit,2026.03.6,2026-09-17,e99d97a3665c237f,RDKit Descriptors.descList; 2D
6,furfural,fr_bicyclic,0.0,,RDKit,2026.03.6,2026-09-17,e99d97a3665c237f,RDKit Descriptors.descList; 2D
6,furfural,fr_diazo,0.0,,RDKit,2026.03.6,2026-09-17,e99d97a3665c237f,RDKit Descriptors.descList; 2D
6,furfural,fr_dihydropyridine,0.0,,RDKit,2026.03.6,2026-09-17,e99d97a3665c237f,RDKit Descriptors.descList; 2D
6,furfural,fr_epoxide,0.0,,RDKit,2026.03.6,2026-09-17,e99d97a3665c237f,RDKit Descriptors.descList; 2D
6,furfural,fr_ester,0.0,,RDKit,2026.03.6,2026-09-17,e99d97a3665c237f,RDKit Descriptors.descList; 2D
6,furfural,fr_ether,0.0,,RDKit,2026.03.6,2026-09-17,e99d97a3665c237f,RDKit Descriptors.descList; 2D
6,furfural,fr_furan,1.0,,RDKit,2026.03.6,2026-09-17,e99d97a3665c237f,RDKit Descriptors.descList; 2D
6,furfural,fr_guanido,0.0,,RDKit,2026.03.6,2026-09-17,e99d97a3665c237f,RDKit Descriptors.descList; 2D
6,furfural,fr_halogen,0.0,,RDKit,2026.03.6,2026-09-17,e99d97a3665c237f,RDKit Descriptors.descList; 2D
6,furfural,fr_hdrzine,0.0,,RDKit,2026.03.6,2026-09-17,e99d97a3665c237f,RDKit Descriptors.descList; 2D
6,furfural,fr_hdrzone,0.0,,RDKit,2026.03.6,2026-09-17,e99d97a3665c237f,RDKit Descriptors.descList; 2D
6,furfural,fr_imidazole,0.0,,RDKit,2026.03.6,2026-09-17,e99d97a3665c237f,RDKit Descriptors.descList; 2D
6,furfural,fr_imide,0.0,,RDKit,2026.03.6,2026-09-17,e99d97a3665c237f,RDKit Descriptors.descList; 2D
6,furfural,fr_isocyan,0.0,,RDKit,2026.03.6,2026-09-17,e99d97a3665c237f,RDKit Descriptors.descList; 2D
6,furfural,fr_isothiocyan,0.0,,RDKit,2026.03.6,2026-09-17,e99d97a3665c237f,RDKit Descriptors.descList; 2D
6,furfural,fr_ketone,0.0,,RDKit,2026.03.6,2026-09-17,e99d97a3665c237f,RDKit Descriptors.descList; 2D
6,furfural,fr_ketone_Topliss,0.0,,RDKit,2026.03.6,2026-09-17,e99d97a3665c237f,RDKit Descriptors.descList; 2D
6,furfural,fr_lactam,0.0,,RDKit,2026.03.6,2026-09-17,e99d97a3665c237f,RDKit Descriptors.descList; 2D
6,furfural,fr_lactone,0.0,,RDKit,2026.03.6,2026-09-17,e99d97a3665c237f,RDKit Descriptors.descList; 2D
6,furfural,fr_methoxy,0.0,,RDKit,2026.03.6,2026-09-17,e99d97a3665c237f,RDKit Descriptors.descList; 2D
6,furfural,fr_morpholine,0.0,,RDKit,2026.03.6,2026-09-17,e99d97a3665c237f,RDKit Descriptors.descList; 2D
6,furfural,fr_nitrile,0.0,,RDKit,2026.03.6,2026-09-17,e99d97a3665c237f,RDKit Descriptors.descList; 2D
6,furfural,fr_nitro,0.0,,RDKit,2026.03.6,2026-09-17,e99d97a3665c237f,RDKit Descriptors.descList; 2D
6,furfural,fr_nitro_arom,0.0,,RDKit,2026.03.6,2026-09-17,e99d97a3665c237f,RDKit Descriptors.descList; 2D
6,furfural,fr_nitro_arom_nonortho,0.0,,RDKit,2026.03.6,2026-09-17,e99d97a3665c237f,RDKit Descriptors.descList; 2D
6,furfural,fr_nitroso,0.0,,RDKit,2026.03.6,2026-09-17,e99d97a3665c237f,RDKit Descriptors.descList; 2D
6,furfural,fr_oxazole,0.0,,RDKit,2026.03.6,2026-09-17,e99d97a3665c237f,RDKit Descriptors.descList; 2D
6,furfural,fr_oxime,0.0,,RDKit,2026.03.6,2026-09-17,e99d97a3665c237f,RDKit Descriptors.descList; 2D
6,furfural,fr_para_hydroxylation,0.0,,RDKit,2026.03.6,2026-09-17,e99d97a3665c237f,RDKit Descriptors.descList; 2D
6,furfural,fr_phenol,0.0,,RDKit,2026.03.6,2026-09-17,e99d97a3665c237f,RDKit Descriptors.descList; 2D
6,furfural,fr_phenol_noOrthoHbond,0.0,,RDKit,2026.03.6,2026-09-17,e99d97a3665c237f,RDKit Descriptors.descList; 2D
6,furfural,fr_phos_acid,0.0,,RDKit,2026.03.6,2026-09-17,e99d97a3665c237f,RDKit Descriptors.descList; 2D
6,furfural,fr_phos_ester,0.0,,RDKit,2026.03.6,2026-09-17,e99d97a3665c237f,RDKit Descriptors.descList; 2D
6,furfural,fr_piperdine,0.0,,RDKit,2026.03.6,2026-09-17,e99d97a3665c237f,RDKit Descriptors.descList; 2D
6,furfural,fr_piperzine,0.0,,RDKit,2026.03.6,2026-09-17,e99d97a3665c237f,RDKit Descriptors.descList; 2D
6,furfural,fr_priamide,0.0,,RDKit,2026.03.6,2026-09-17,e99d97a3665c237f,RDKit Descriptors.descList; 2D
6,furfural,fr_prisulfonamd,0.0,,RDKit,2026.03.6,2026-09-17,e99d97a3665c237f,RDKit Descriptors.descList; 2D
6,furfural,fr_pyridine,0.0,,RDKit,2026.03.6,2026-09-17,e99d97a3665c237f,RDKit Descriptors.descList; 2D
6,furfural,fr_quatN,0.0,,RDKit,2026.03.6,2026-09-17,e99d97a3665c237f,RDKit Descriptors.descList; 2D
6,furfural,fr_sulfide,0.0,,RDKit,2026.03.6,2026-09-17,e99d97a3665c237f,RDKit Descriptors.descList; 2D
6,furfural,fr_sulfonamd,0.0,,RDKit,2026.03.6,2026-09-17,e99d97a3665c237f,RDKit Descriptors.descList; 2D
6,furfural,fr_sulfone,0.0,,RDKit,2026.03.6,2026-09-17,e99d97a3665c237f,RDKit Descriptors.descList; 2D
6,furfural,fr_term_acetylene,0.0,,RDKit,2026.03.6,2026-09-17,e99d97a3665c237f,RDKit Descriptors.descList; 2D
6,furfural,fr_tetrazole,0.0,,RDKit,2026.03.6,2026-09-17,e99d97a3665c237f,RDKit Descriptors.descList; 2D
6,furfural,fr_thiazole,0.0,,RDKit,2026.03.6,2026-09-17,e99d97a3665c237f,RDKit Descriptors.descList; 2D
6,furfural,fr_thiocyan,0.0,,RDKit,2026.03.6,2026-09-17,e99d97a3665c237f,RDKit Descriptors.descList; 2D
6,furfural,fr_thiophene,0.0,,RDKit,2026.03.6,2026-09-17,e99d97a3665c237f,RDKit Descriptors.descList; 2D
6,furfural,fr_unbrch_alkane,0.0,,RDKit,2026.03.6,2026-09-17,e99d97a3665c237f,RDKit Descriptors.descList; 2D
6,furfural,fr_urea,0.0,,RDKit,2026.03.6,2026-09-17,e99d97a3665c237f,RDKit Descriptors.descList; 2D
7,furfuryl alcohol,MaxAbsEStateIndex,8.332731481481481,,RDKit,2026.03.6,2026-09-17,e99d97a3665c237f,RDKit Descriptors.descList; 2D
7,furfuryl alcohol,MaxEStateIndex,8.332731481481481,,RDKit,2026.03.6,2026-09-17,e99d97a3665c237f,RDKit Descriptors.descList; 2D
7,furfuryl alcohol,MinAbsEStateIndex,0.00694444444444442,,RDKit,2026.03.6,2026-09-17,e99d97a3665c237f,RDKit Descriptors.descList; 2D
7,furfuryl alcohol,MinEStateIndex,-0.00694444444444442,,RDKit,2026.03.6,2026-09-17,e99d97a3665c237f,RDKit Descriptors.descList; 2D
7,furfuryl alcohol,qed,0.562462027989617,,RDKit,2026.03.6,2026-09-17,e99d97a3665c237f,RDKit Descriptors.descList; 2D
7,furfuryl alcohol,SPS,9.285714285714286,,RDKit,2026.03.6,2026-09-17,e99d97a3665c237f,RDKit Descriptors.descList; 2D
7,furfuryl alcohol,MolWt,98.10099999999998,,RDKit,2026.03.6,2026-09-17,e99d97a3665c237f,RDKit Descriptors.descList; 2D
7,furfuryl alcohol,HeavyAtomMolWt,92.05299999999998,,RDKit,2026.03.6,2026-09-17,e99d97a3665c237f,RDKit Descriptors.descList; 2D
7,furfuryl alcohol,ExactMolWt,98.036779432,,RDKit,2026.03.6,2026-09-17,e99d97a3665c237f,RDKit Descriptors.descList; 2D
7,furfuryl alcohol,NumValenceElectrons,38.0,,RDKit,2026.03.6,2026-09-17,e99d97a3665c237f,RDKit Descriptors.descList; 2D
7,furfuryl alcohol,NumRadicalElectrons,0.0,,RDKit,2026.03.6,2026-09-17,e99d97a3665c237f,RDKit Descriptors.descList; 2D
7,furfuryl alcohol,MaxPartialCharge,0.12864401421936308,,RDKit,2026.03.6,2026-09-17,e99d97a3665c237f,RDKit Descriptors.descList; 2D
7,furfuryl alcohol,MinPartialCharge,-0.46690881342439633,,RDKit,2026.03.6,2026-09-17,e99d97a3665c237f,RDKit Descriptors.descList; 2D
7,furfuryl alcohol,MaxAbsPartialCharge,0.46690881342439633,,RDKit,2026.03.6,2026-09-17,e99d97a3665c237f,RDKit Descriptors.descList; 2D
7,furfuryl alcohol,MinAbsPartialCharge,0.12864401421936308,,RDKit,2026.03.6,2026-09-17,e99d97a3665c237f,RDKit Descriptors.descList; 2D
7,furfuryl alcohol,FpDensityMorgan1,1.7142857142857142,,RDKit,2026.03.6,2026-09-17,e99d97a3665c237f,RDKit Descriptors.descList; 2D
7,furfuryl alcohol,FpDensityMorgan2,2.5714285714285716,,RDKit,2026.03.6,2026-09-17,e99d97a3665c237f,RDKit Descriptors.descList; 2D
7,furfuryl alcohol,FpDensityMorgan3,2.857142857142857,,RDKit,2026.03.6,2026-09-17,e99d97a3665c237f,RDKit Descriptors.descList; 2D
7,furfuryl alcohol,BCUT2D_MWHI,16.35255212949565,,RDKit,2026.03.6,2026-09-17,e99d97a3665c237f,RDKit Descriptors.descList; 2D
7,furfuryl alcohol,BCUT2D_MWLOW,10.484144692373455,,RDKit,2026.03.6,2026-09-17,e99d97a3665c237f,RDKit Descriptors.descList; 2D
7,furfuryl alcohol,BCUT2D_CHGHI,1.8525809591635811,,RDKit,2026.03.6,2026-09-17,e99d97a3665c237f,RDKit Descriptors.descList; 2D
7,furfuryl alcohol,BCUT2D_CHGLO,-1.789645828571739,,RDKit,2026.03.6,2026-09-17,e99d97a3665c237f,RDKit Descriptors.descList; 2D
7,furfuryl alcohol,BCUT2D_LOGPHI,1.9624852182439274,,RDKit,2026.03.6,2026-09-17,e99d97a3665c237f,RDKit Descriptors.descList; 2D
7,furfuryl alcohol,BCUT2D_LOGPLOW,-1.7172011423737095,,RDKit,2026.03.6,2026-09-17,e99d97a3665c237f,RDKit Descriptors.descList; 2D
7,furfuryl alcohol,BCUT2D_MRHI,4.949038542831342,,RDKit,2026.03.6,2026-09-17,e99d97a3665c237f,RDKit Descriptors.descList; 2D
7,furfuryl alcohol,BCUT2D_MRLOW,0.2470022697992875,,RDKit,2026.03.6,2026-09-17,e99d97a3665c237f,RDKit Descriptors.descList; 2D
7,furfuryl alcohol,AvgIpc,2.139132575078347,,RDKit,2026.03.6,2026-09-17,e99d97a3665c237f,RDKit Descriptors.descList; 2D
7,furfuryl alcohol,BalabanJ,2.7626083414437685,,RDKit,2026.03.6,2026-09-17,e99d97a3665c237f,RDKit Descriptors.descList; 2D
7,furfuryl alcohol,BertzCT,120.63609436412281,,RDKit,2026.03.6,2026-09-17,e99d97a3665c237f,RDKit Descriptors.descList; 2D
7,furfuryl alcohol,Chi0,5.112884175122364,,RDKit,2026.03.6,2026-09-17,e99d97a3665c237f,RDKit Descriptors.descList; 2D
7,furfuryl alcohol,Chi0n,3.7946194747192457,,RDKit,2026.03.6,2026-09-17,e99d97a3665c237f,RDKit Descriptors.descList; 2D
7,furfuryl alcohol,Chi0v,3.7946194747192457,,RDKit,2026.03.6,2026-09-17,e99d97a3665c237f,RDKit Descriptors.descList; 2D
7,furfuryl alcohol,Chi1,3.431851652578137,,RDKit,2026.03.6,2026-09-17,e99d97a3665c237f,RDKit Descriptors.descList; 2D
7,furfuryl alcohol,Chi1n,2.064949363499039,,RDKit,2026.03.6,2026-09-17,e99d97a3665c237f,RDKit Descriptors.descList; 2D
7,furfuryl alcohol,Chi1v,2.064949363499039,,RDKit,2026.03.6,2026-09-17,e99d97a3665c237f,RDKit Descriptors.descList; 2D
7,furfuryl alcohol,Chi2n,1.2374773758177693,,RDKit,2026.03.6,2026-09-17,e99d97a3665c237f,RDKit Descriptors.descList; 2D
7,furfuryl alcohol,Chi2v,1.2374773758177693,,RDKit,2026.03.6,2026-09-17,e99d97a3665c237f,RDKit Descriptors.descList; 2D
7,furfuryl alcohol,Chi3n,0.7359378891141171,,RDKit,2026.03.6,2026-09-17,e99d97a3665c237f,RDKit Descriptors.descList; 2D
7,furfuryl alcohol,Chi3v,0.7359378891141171,,RDKit,2026.03.6,2026-09-17,e99d97a3665c237f,RDKit Descriptors.descList; 2D
7,furfuryl alcohol,Chi4n,0.4025448818005122,,RDKit,2026.03.6,2026-09-17,e99d97a3665c237f,RDKit Descriptors.descList; 2D
7,furfuryl alcohol,Chi4v,0.4025448818005122,,RDKit,2026.03.6,2026-09-17,e99d97a3665c237f,RDKit Descriptors.descList; 2D
7,furfuryl alcohol,HallKierAlpha,-0.7600000000000001,,RDKit,2026.03.6,2026-09-17,e99d97a3665c237f,RDKit Descriptors.descList; 2D
7,furfuryl alcohol,Ipc,66.31310982742876,,RDKit,2026.03.6,2026-09-17,e99d97a3665c237f,RDKit Descriptors.descList; 2D
7,furfuryl alcohol,Kappa1,4.40025641025641,,RDKit,2026.03.6,2026-09-17,e99d97a3665c237f,RDKit Descriptors.descList; 2D
7,furfuryl alcohol,Kappa2,1.7971563749580297,,RDKit,2026.03.6,2026-09-17,e99d97a3665c237f,RDKit Descriptors.descList; 2D
7,furfuryl alcohol,Kappa3,0.81015270053728,,RDKit,2026.03.6,2026-09-17,e99d97a3665c237f,RDKit Descriptors.descList; 2D
7,furfuryl alcohol,LabuteASA,41.38490825016642,,RDKit,2026.03.6,2026-09-17,e99d97a3665c237f,RDKit Descriptors.descList; 2D
7,furfuryl alcohol,PEOE_VSA1,9.523678331894054,,RDKit,2026.03.6,2026-09-17,e99d97a3665c237f,RDKit Descriptors.descList; 2D
7,furfuryl alcohol,PEOE_VSA10,12.367129383387361,,RDKit,2026.03.6,2026-09-17,e99d97a3665c237f,RDKit Descriptors.descList; 2D
7,furfuryl alcohol,PEOE_VSA11,0.0,,RDKit,2026.03.6,2026-09-17,e99d97a3665c237f,RDKit Descriptors.descList; 2D
7,furfuryl alcohol,PEOE_VSA12,0.0,,RDKit,2026.03.6,2026-09-17,e99d97a3665c237f,RDKit Descriptors.descList; 2D
7,furfuryl alcohol,PEOE_VSA13,0.0,,RDKit,2026.03.6,2026-09-17,e99d97a3665c237f,RDKit Descriptors.descList; 2D
7,furfuryl alcohol,PEOE_VSA14,0.0,,RDKit,2026.03.6,2026-09-17,e99d97a3665c237f,RDKit Descriptors.descList; 2D
7,furfuryl alcohol,PEOE_VSA2,0.0,,RDKit,2026.03.6,2026-09-17,e99d97a3665c237f,RDKit Descriptors.descList; 2D
7,furfuryl alcohol,PEOE_VSA3,0.0,,RDKit,2026.03.6,2026-09-17,e99d97a3665c237f,RDKit Descriptors.descList; 2D
7,furfuryl alcohol,PEOE_VSA4,0.0,,RDKit,2026.03.6,2026-09-17,e99d97a3665c237f,RDKit Descriptors.descList; 2D
7,furfuryl alcohol,PEOE_VSA5,0.0,,RDKit,2026.03.6,2026-09-17,e99d97a3665c237f,RDKit Descriptors.descList; 2D
7,furfuryl alcohol,PEOE_VSA6,0.0,,RDKit,2026.03.6,2026-09-17,e99d97a3665c237f,RDKit Descriptors.descList; 2D
7,furfuryl alcohol,PEOE_VSA7,12.13273413692322,,RDKit,2026.03.6,2026-09-17,e99d97a3665c237f,RDKit Descriptors.descList; 2D
7,furfuryl alcohol,PEOE_VSA8,0.0,,RDKit,2026.03.6,2026-09-17,e99d97a3665c237f,RDKit Descriptors.descList; 2D
7,furfuryl alcohol,PEOE_VSA9,6.263162995639057,,RDKit,2026.03.6,2026-09-17,e99d97a3665c237f,RDKit Descriptors.descList; 2D
7,furfuryl alcohol,SMR_VSA1,9.523678331894054,,RDKit,2026.03.6,2026-09-17,e99d97a3665c237f,RDKit Descriptors.descList; 2D
7,furfuryl alcohol,SMR_VSA10,0.0,,RDKit,2026.03.6,2026-09-17,e99d97a3665c237f,RDKit Descriptors.descList; 2D
7,furfuryl alcohol,SMR_VSA2,0.0,,RDKit,2026.03.6,2026-09-17,e99d97a3665c237f,RDKit Descriptors.descList; 2D
7,furfuryl alcohol,SMR_VSA3,0.0,,RDKit,2026.03.6,2026-09-17,e99d97a3665c237f,RDKit Descriptors.descList; 2D
7,furfuryl alcohol,SMR_VSA4,0.0,,RDKit,2026.03.6,2026-09-17,e99d97a3665c237f,RDKit Descriptors.descList; 2D
7,furfuryl alcohol,SMR_VSA5,6.606881964512918,,RDKit,2026.03.6,2026-09-17,e99d97a3665c237f,RDKit Descriptors.descList; 2D
7,furfuryl alcohol,SMR_VSA6,0.0,,RDKit,2026.03.6,2026-09-17,e99d97a3665c237f,RDKit Descriptors.descList; 2D
7,furfuryl alcohol,SMR_VSA7,24.156144551436718,,RDKit,2026.03.6,2026-09-17,e99d97a3665c237f,RDKit Descriptors.descList; 2D
7,furfuryl alcohol,SMR_VSA8,0.0,,RDKit,2026.03.6,2026-09-17,e99d97a3665c237f,RDKit Descriptors.descList; 2D
7,furfuryl alcohol,SMR_VSA9,0.0,,RDKit,2026.03.6,2026-09-17,e99d97a3665c237f,RDKit Descriptors.descList; 2D
7,furfuryl alcohol,SlogP_VSA1,0.0,,RDKit,2026.03.6,2026-09-17,e99d97a3665c237f,RDKit Descriptors.descList; 2D
7,furfuryl alcohol,SlogP_VSA10,0.0,,RDKit,2026.03.6,2026-09-17,e99d97a3665c237f,RDKit Descriptors.descList; 2D
7,furfuryl alcohol,SlogP_VSA11,0.0,,RDKit,2026.03.6,2026-09-17,e99d97a3665c237f,RDKit Descriptors.descList; 2D
7,furfuryl alcohol,SlogP_VSA12,0.0,,RDKit,2026.03.6,2026-09-17,e99d97a3665c237f,RDKit Descriptors.descList; 2D
7,furfuryl alcohol,SlogP_VSA2,5.106527394840706,,RDKit,2026.03.6,2026-09-17,e99d97a3665c237f,RDKit Descriptors.descList; 2D
7,furfuryl alcohol,SlogP_VSA3,6.606881964512918,,RDKit,2026.03.6,2026-09-17,e99d97a3665c237f,RDKit Descriptors.descList; 2D
7,furfuryl alcohol,SlogP_VSA4,0.0,,RDKit,2026.03.6,2026-09-17,e99d97a3665c237f,RDKit Descriptors.descList; 2D
7,furfuryl alcohol,SlogP_VSA5,5.760247418874442,,RDKit,2026.03.6,2026-09-17,e99d97a3665c237f,RDKit Descriptors.descList; 2D
7,furfuryl alcohol,SlogP_VSA6,22.813048069615622,,RDKit,2026.03.6,2026-09-17,e99d97a3665c237f,RDKit Descriptors.descList; 2D
7,furfuryl alcohol,SlogP_VSA7,0.0,,RDKit,2026.03.6,2026-09-17,e99d97a3665c237f,RDKit Descriptors.descList; 2D
7,furfuryl alcohol,SlogP_VSA8,0.0,,RDKit,2026.03.6,2026-09-17,e99d97a3665c237f,RDKit Descriptors.descList; 2D
7,furfuryl alcohol,SlogP_VSA9,0.0,,RDKit,2026.03.6,2026-09-17,e99d97a3665c237f,RDKit Descriptors.descList; 2D
7,furfuryl alcohol,TPSA,33.370000000000005,,RDKit,2026.03.6,2026-09-17,e99d97a3665c237f,RDKit Descriptors.descList; 2D
7,furfuryl alcohol,EState_VSA1,0.0,,RDKit,2026.03.6,2026-09-17,e99d97a3665c237f,RDKit Descriptors.descList; 2D
7,furfuryl alcohol,EState_VSA10,0.0,,RDKit,2026.03.6,2026-09-17,e99d97a3665c237f,RDKit Descriptors.descList; 2D
7,furfuryl alcohol,EState_VSA11,0.0,,RDKit,2026.03.6,2026-09-17,e99d97a3665c237f,RDKit Descriptors.descList; 2D
7,furfuryl alcohol,EState_VSA2,6.606881964512918,,RDKit,2026.03.6,2026-09-17,e99d97a3665c237f,RDKit Descriptors.descList; 2D
7,furfuryl alcohol,EState_VSA3,5.760247418874442,,RDKit,2026.03.6,2026-09-17,e99d97a3665c237f,RDKit Descriptors.descList; 2D
7,furfuryl alcohol,EState_VSA4,0.0,,RDKit,2026.03.6,2026-09-17,e99d97a3665c237f,RDKit Descriptors.descList; 2D
7,furfuryl alcohol,EState_VSA5,6.263162995639057,,RDKit,2026.03.6,2026-09-17,e99d97a3665c237f,RDKit Descriptors.descList; 2D
7,furfuryl alcohol,EState_VSA6,12.13273413692322,,RDKit,2026.03.6,2026-09-17,e99d97a3665c237f,RDKit Descriptors.descList; 2D
7,furfuryl alcohol,EState_VSA7,0.0,,RDKit,2026.03.6,2026-09-17,e99d97a3665c237f,RDKit Descriptors.descList; 2D
7,furfuryl alcohol,EState_VSA8,0.0,,RDKit,2026.03.6,2026-09-17,e99d97a3665c237f,RDKit Descriptors.descList; 2D
7,furfuryl alcohol,EState_VSA9,9.523678331894054,,RDKit,2026.03.6,2026-09-17,e99d97a3665c237f,RDKit Descriptors.descList; 2D
7,furfuryl alcohol,VSA_EState1,4.732638888888889,,RDKit,2026.03.6,2026-09-17,e99d97a3665c237f,RDKit Descriptors.descList; 2D
7,furfuryl alcohol,VSA_EState10,0.0,,RDKit,2026.03.6,2026-09-17,e99d97a3665c237f,RDKit Descriptors.descList; 2D
7,furfuryl alcohol,VSA_EState2,0.0,,RDKit,2026.03.6,2026-09-17,e99d97a3665c237f,RDKit Descriptors.descList; 2D
7,furfuryl alcohol,VSA_EState3,8.332731481481481,,RDKit,2026.03.6,2026-09-17,e99d97a3665c237f,RDKit Descriptors.descList; 2D
7,furfuryl alcohol,VSA_EState4,0.0,,RDKit,2026.03.6,2026-09-17,e99d97a3665c237f,RDKit Descriptors.descList; 2D
7,furfuryl alcohol,VSA_EState5,0.6111111111111114,,RDKit,2026.03.6,2026-09-17,e99d97a3665c237f,RDKit Descriptors.descList; 2D
7,furfuryl alcohol,VSA_EState6,3.4638425925925924,,RDKit,2026.03.6,2026-09-17,e99d97a3665c237f,RDKit Descriptors.descList; 2D
7,furfuryl alcohol,VSA_EState7,1.533287037037037,,RDKit,2026.03.6,2026-09-17,e99d97a3665c237f,RDKit Descriptors.descList; 2D
7,furfuryl alcohol,VSA_EState8,-0.00694444444444442,,RDKit,2026.03.6,2026-09-17,e99d97a3665c237f,RDKit Descriptors.descList; 2D
7,furfuryl alcohol,VSA_EState9,0.0,,RDKit,2026.03.6,2026-09-17,e99d97a3665c237f,RDKit Descriptors.descList; 2D
7,furfuryl alcohol,FractionCSP3,0.2,,RDKit,2026.03.6,2026-09-17,e99d97a3665c237f,RDKit Descriptors.descList; 2D
7,furfuryl alcohol,HeavyAtomCount,7.0,,RDKit,2026.03.6,2026-09-17,e99d97a3665c237f,RDKit Descriptors.descList; 2D
7,furfuryl alcohol,NHOHCount,1.0,,RDKit,2026.03.6,2026-09-17,e99d97a3665c237f,RDKit Descriptors.descList; 2D
7,furfuryl alcohol,NOCount,2.0,,RDKit,2026.03.6,2026-09-17,e99d97a3665c237f,RDKit Descriptors.descList; 2D
7,furfuryl alcohol,NumAliphaticCarbocycles,0.0,,RDKit,2026.03.6,2026-09-17,e99d97a3665c237f,RDKit Descriptors.descList; 2D
7,furfuryl alcohol,NumAliphaticHeterocycles,0.0,,RDKit,2026.03.6,2026-09-17,e99d97a3665c237f,RDKit Descriptors.descList; 2D
7,furfuryl alcohol,NumAliphaticRings,0.0,,RDKit,2026.03.6,2026-09-17,e99d97a3665c237f,RDKit Descriptors.descList; 2D
7,furfuryl alcohol,NumAmideBonds,0.0,,RDKit,2026.03.6,2026-09-17,e99d97a3665c237f,RDKit Descriptors.descList; 2D
7,furfuryl alcohol,NumAromaticCarbocycles,0.0,,RDKit,2026.03.6,2026-09-17,e99d97a3665c237f,RDKit Descriptors.descList; 2D
7,furfuryl alcohol,NumAromaticHeterocycles,1.0,,RDKit,2026.03.6,2026-09-17,e99d97a3665c237f,RDKit Descriptors.descList; 2D
7,furfuryl alcohol,NumAromaticRings,1.0,,RDKit,2026.03.6,2026-09-17,e99d97a3665c237f,RDKit Descriptors.descList; 2D
7,furfuryl alcohol,NumAtomStereoCenters,0.0,,RDKit,2026.03.6,2026-09-17,e99d97a3665c237f,RDKit Descriptors.descList; 2D
7,furfuryl alcohol,NumBridgeheadAtoms,0.0,,RDKit,2026.03.6,2026-09-17,e99d97a3665c237f,RDKit Descriptors.descList; 2D
7,furfuryl alcohol,NumHAcceptors,2.0,,RDKit,2026.03.6,2026-09-17,e99d97a3665c237f,RDKit Descriptors.descList; 2D
7,furfuryl alcohol,NumHDonors,1.0,,RDKit,2026.03.6,2026-09-17,e99d97a3665c237f,RDKit Descriptors.descList; 2D
7,furfuryl alcohol,NumHeteroatoms,2.0,,RDKit,2026.03.6,2026-09-17,e99d97a3665c237f,RDKit Descriptors.descList; 2D
7,furfuryl alcohol,NumHeterocycles,1.0,,RDKit,2026.03.6,2026-09-17,e99d97a3665c237f,RDKit Descriptors.descList; 2D
7,furfuryl alcohol,NumRotatableBonds,1.0,,RDKit,2026.03.6,2026-09-17,e99d97a3665c237f,RDKit Descriptors.descList; 2D
7,furfuryl alcohol,NumSaturatedCarbocycles,0.0,,RDKit,2026.03.6,2026-09-17,e99d97a3665c237f,RDKit Descriptors.descList; 2D
7,furfuryl alcohol,NumSaturatedHeterocycles,0.0,,RDKit,2026.03.6,2026-09-17,e99d97a3665c237f,RDKit Descriptors.descList; 2D
7,furfuryl alcohol,NumSaturatedRings,0.0,,RDKit,2026.03.6,2026-09-17,e99d97a3665c237f,RDKit Descriptors.descList; 2D
7,furfuryl alcohol,NumSpiroAtoms,0.0,,RDKit,2026.03.6,2026-09-17,e99d97a3665c237f,RDKit Descriptors.descList; 2D
7,furfuryl alcohol,NumUnspecifiedAtomStereoCenters,0.0,,RDKit,2026.03.6,2026-09-17,e99d97a3665c237f,RDKit Descriptors.descList; 2D
7,furfuryl alcohol,Phi,1.129706979877463,,RDKit,2026.03.6,2026-09-17,e99d97a3665c237f,RDKit Descriptors.descList; 2D
7,furfuryl alcohol,RingCount,1.0,,RDKit,2026.03.6,2026-09-17,e99d97a3665c237f,RDKit Descriptors.descList; 2D
7,furfuryl alcohol,MolLogP,0.7719,,RDKit,2026.03.6,2026-09-17,e99d97a3665c237f,RDKit Descriptors.descList; 2D
7,furfuryl alcohol,MolMR,24.63079999999999,,RDKit,2026.03.6,2026-09-17,e99d97a3665c237f,RDKit Descriptors.descList; 2D
7,furfuryl alcohol,fr_Al_COO,0.0,,RDKit,2026.03.6,2026-09-17,e99d97a3665c237f,RDKit Descriptors.descList; 2D
7,furfuryl alcohol,fr_Al_OH,1.0,,RDKit,2026.03.6,2026-09-17,e99d97a3665c237f,RDKit Descriptors.descList; 2D
7,furfuryl alcohol,fr_Al_OH_noTert,1.0,,RDKit,2026.03.6,2026-09-17,e99d97a3665c237f,RDKit Descriptors.descList; 2D
7,furfuryl alcohol,fr_ArN,0.0,,RDKit,2026.03.6,2026-09-17,e99d97a3665c237f,RDKit Descriptors.descList; 2D
7,furfuryl alcohol,fr_Ar_COO,0.0,,RDKit,2026.03.6,2026-09-17,e99d97a3665c237f,RDKit Descriptors.descList; 2D
7,furfuryl alcohol,fr_Ar_N,0.0,,RDKit,2026.03.6,2026-09-17,e99d97a3665c237f,RDKit Descriptors.descList; 2D
7,furfuryl alcohol,fr_Ar_NH,0.0,,RDKit,2026.03.6,2026-09-17,e99d97a3665c237f,RDKit Descriptors.descList; 2D
7,furfuryl alcohol,fr_Ar_OH,0.0,,RDKit,2026.03.6,2026-09-17,e99d97a3665c237f,RDKit Descriptors.descList; 2D
7,furfuryl alcohol,fr_COO,0.0,,RDKit,2026.03.6,2026-09-17,e99d97a3665c237f,RDKit Descriptors.descList; 2D
7,furfuryl alcohol,fr_COO2,0.0,,RDKit,2026.03.6,2026-09-17,e99d97a3665c237f,RDKit Descriptors.descList; 2D
7,furfuryl alcohol,fr_C_O,0.0,,RDKit,2026.03.6,2026-09-17,e99d97a3665c237f,RDKit Descriptors.descList; 2D
7,furfuryl alcohol,fr_C_O_noCOO,0.0,,RDKit,2026.03.6,2026-09-17,e99d97a3665c237f,RDKit Descriptors.descList; 2D
7,furfuryl alcohol,fr_C_S,0.0,,RDKit,2026.03.6,2026-09-17,e99d97a3665c237f,RDKit Descriptors.descList; 2D
7,furfuryl alcohol,fr_HOCCN,0.0,,RDKit,2026.03.6,2026-09-17,e99d97a3665c237f,RDKit Descriptors.descList; 2D
7,furfuryl alcohol,fr_Imine,0.0,,RDKit,2026.03.6,2026-09-17,e99d97a3665c237f,RDKit Descriptors.descList; 2D
7,furfuryl alcohol,fr_NH0,0.0,,RDKit,2026.03.6,2026-09-17,e99d97a3665c237f,RDKit Descriptors.descList; 2D
7,furfuryl alcohol,fr_NH1,0.0,,RDKit,2026.03.6,2026-09-17,e99d97a3665c237f,RDKit Descriptors.descList; 2D
7,furfuryl alcohol,fr_NH2,0.0,,RDKit,2026.03.6,2026-09-17,e99d97a3665c237f,RDKit Descriptors.descList; 2D
7,furfuryl alcohol,fr_N_O,0.0,,RDKit,2026.03.6,2026-09-17,e99d97a3665c237f,RDKit Descriptors.descList; 2D
7,furfuryl alcohol,fr_Ndealkylation1,0.0,,RDKit,2026.03.6,2026-09-17,e99d97a3665c237f,RDKit Descriptors.descList; 2D
7,furfuryl alcohol,fr_Ndealkylation2,0.0,,RDKit,2026.03.6,2026-09-17,e99d97a3665c237f,RDKit Descriptors.descList; 2D
7,furfuryl alcohol,fr_Nhpyrrole,0.0,,RDKit,2026.03.6,2026-09-17,e99d97a3665c237f,RDKit Descriptors.descList; 2D
7,furfuryl alcohol,fr_SH,0.0,,RDKit,2026.03.6,2026-09-17,e99d97a3665c237f,RDKit Descriptors.descList; 2D
7,furfuryl alcohol,fr_aldehyde,0.0,,RDKit,2026.03.6,2026-09-17,e99d97a3665c237f,RDKit Descriptors.descList; 2D
7,furfuryl alcohol,fr_alkyl_carbamate,0.0,,RDKit,2026.03.6,2026-09-17,e99d97a3665c237f,RDKit Descriptors.descList; 2D
7,furfuryl alcohol,fr_alkyl_halide,0.0,,RDKit,2026.03.6,2026-09-17,e99d97a3665c237f,RDKit Descriptors.descList; 2D
7,furfuryl alcohol,fr_allylic_oxid,0.0,,RDKit,2026.03.6,2026-09-17,e99d97a3665c237f,RDKit Descriptors.descList; 2D
7,furfuryl alcohol,fr_amide,0.0,,RDKit,2026.03.6,2026-09-17,e99d97a3665c237f,RDKit Descriptors.descList; 2D
7,furfuryl alcohol,fr_amidine,0.0,,RDKit,2026.03.6,2026-09-17,e99d97a3665c237f,RDKit Descriptors.descList; 2D
7,furfuryl alcohol,fr_aniline,0.0,,RDKit,2026.03.6,2026-09-17,e99d97a3665c237f,RDKit Descriptors.descList; 2D
7,furfuryl alcohol,fr_aryl_methyl,0.0,,RDKit,2026.03.6,2026-09-17,e99d97a3665c237f,RDKit Descriptors.descList; 2D
7,furfuryl alcohol,fr_azide,0.0,,RDKit,2026.03.6,2026-09-17,e99d97a3665c237f,RDKit Descriptors.descList; 2D
7,furfuryl alcohol,fr_azo,0.0,,RDKit,2026.03.6,2026-09-17,e99d97a3665c237f,RDKit Descriptors.descList; 2D
7,furfuryl alcohol,fr_barbitur,0.0,,RDKit,2026.03.6,2026-09-17,e99d97a3665c237f,RDKit Descriptors.descList; 2D
7,furfuryl alcohol,fr_benzene,0.0,,RDKit,2026.03.6,2026-09-17,e99d97a3665c237f,RDKit Descriptors.descList; 2D
7,furfuryl alcohol,fr_benzodiazepine,0.0,,RDKit,2026.03.6,2026-09-17,e99d97a3665c237f,RDKit Descriptors.descList; 2D
7,furfuryl alcohol,fr_bicyclic,0.0,,RDKit,2026.03.6,2026-09-17,e99d97a3665c237f,RDKit Descriptors.descList; 2D
7,furfuryl alcohol,fr_diazo,0.0,,RDKit,2026.03.6,2026-09-17,e99d97a3665c237f,RDKit Descriptors.descList; 2D
7,furfuryl alcohol,fr_dihydropyridine,0.0,,RDKit,2026.03.6,2026-09-17,e99d97a3665c237f,RDKit Descriptors.descList; 2D
7,furfuryl alcohol,fr_epoxide,0.0,,RDKit,2026.03.6,2026-09-17,e99d97a3665c237f,RDKit Descriptors.descList; 2D
7,furfuryl alcohol,fr_ester,0.0,,RDKit,2026.03.6,2026-09-17,e99d97a3665c237f,RDKit Descriptors.descList; 2D
7,furfuryl alcohol,fr_ether,0.0,,RDKit,2026.03.6,2026-09-17,e99d97a3665c237f,RDKit Descriptors.descList; 2D
7,furfuryl alcohol,fr_furan,1.0,,RDKit,2026.03.6,2026-09-17,e99d97a3665c237f,RDKit Descriptors.descList; 2D
7,furfuryl alcohol,fr_guanido,0.0,,RDKit,2026.03.6,2026-09-17,e99d97a3665c237f,RDKit Descriptors.descList; 2D
7,furfuryl alcohol,fr_halogen,0.0,,RDKit,2026.03.6,2026-09-17,e99d97a3665c237f,RDKit Descriptors.descList; 2D
7,furfuryl alcohol,fr_hdrzine,0.0,,RDKit,2026.03.6,2026-09-17,e99d97a3665c237f,RDKit Descriptors.descList; 2D
7,furfuryl alcohol,fr_hdrzone,0.0,,RDKit,2026.03.6,2026-09-17,e99d97a3665c237f,RDKit Descriptors.descList; 2D
7,furfuryl alcohol,fr_imidazole,0.0,,RDKit,2026.03.6,2026-09-17,e99d97a3665c237f,RDKit Descriptors.descList; 2D
7,furfuryl alcohol,fr_imide,0.0,,RDKit,2026.03.6,2026-09-17,e99d97a3665c237f,RDKit Descriptors.descList; 2D
7,furfuryl alcohol,fr_isocyan,0.0,,RDKit,2026.03.6,2026-09-17,e99d97a3665c237f,RDKit Descriptors.descList; 2D
7,furfuryl alcohol,fr_isothiocyan,0.0,,RDKit,2026.03.6,2026-09-17,e99d97a3665c237f,RDKit Descriptors.descList; 2D
7,furfuryl alcohol,fr_ketone,0.0,,RDKit,2026.03.6,2026-09-17,e99d97a3665c237f,RDKit Descriptors.descList; 2D
7,furfuryl alcohol,fr_ketone_Topliss,0.0,,RDKit,2026.03.6,2026-09-17,e99d97a3665c237f,RDKit Descriptors.descList; 2D
7,furfuryl alcohol,fr_lactam,0.0,,RDKit,2026.03.6,2026-09-17,e99d97a3665c237f,RDKit Descriptors.descList; 2D
7,furfuryl alcohol,fr_lactone,0.0,,RDKit,2026.03.6,2026-09-17,e99d97a3665c237f,RDKit Descriptors.descList; 2D
7,furfuryl alcohol,fr_methoxy,0.0,,RDKit,2026.03.6,2026-09-17,e99d97a3665c237f,RDKit Descriptors.descList; 2D
7,furfuryl alcohol,fr_morpholine,0.0,,RDKit,2026.03.6,2026-09-17,e99d97a3665c237f,RDKit Descriptors.descList; 2D
7,furfuryl alcohol,fr_nitrile,0.0,,RDKit,2026.03.6,2026-09-17,e99d97a3665c237f,RDKit Descriptors.descList; 2D
7,furfuryl alcohol,fr_nitro,0.0,,RDKit,2026.03.6,2026-09-17,e99d97a3665c237f,RDKit Descriptors.descList; 2D
7,furfuryl alcohol,fr_nitro_arom,0.0,,RDKit,2026.03.6,2026-09-17,e99d97a3665c237f,RDKit Descriptors.descList; 2D
7,furfuryl alcohol,fr_nitro_arom_nonortho,0.0,,RDKit,2026.03.6,2026-09-17,e99d97a3665c237f,RDKit Descriptors.descList; 2D
7,furfuryl alcohol,fr_nitroso,0.0,,RDKit,2026.03.6,2026-09-17,e99d97a3665c237f,RDKit Descriptors.descList; 2D
7,furfuryl alcohol,fr_oxazole,0.0,,RDKit,2026.03.6,2026-09-17,e99d97a3665c237f,RDKit Descriptors.descList; 2D
7,furfuryl alcohol,fr_oxime,0.0,,RDKit,2026.03.6,2026-09-17,e99d97a3665c237f,RDKit Descriptors.descList; 2D
7,furfuryl alcohol,fr_para_hydroxylation,0.0,,RDKit,2026.03.6,2026-09-17,e99d97a3665c237f,RDKit Descriptors.descList; 2D
7,furfuryl alcohol,fr_phenol,0.0,,RDKit,2026.03.6,2026-09-17,e99d97a3665c237f,RDKit Descriptors.descList; 2D
7,furfuryl alcohol,fr_phenol_noOrthoHbond,0.0,,RDKit,2026.03.6,2026-09-17,e99d97a3665c237f,RDKit Descriptors.descList; 2D
7,furfuryl alcohol,fr_phos_acid,0.0,,RDKit,2026.03.6,2026-09-17,e99d97a3665c237f,RDKit Descriptors.descList; 2D
7,furfuryl alcohol,fr_phos_ester,0.0,,RDKit,2026.03.6,2026-09-17,e99d97a3665c237f,RDKit Descriptors.descList; 2D
7,furfuryl alcohol,fr_piperdine,0.0,,RDKit,2026.03.6,2026-09-17,e99d97a3665c237f,RDKit Descriptors.descList; 2D
7,furfuryl alcohol,fr_piperzine,0.0,,RDKit,2026.03.6,2026-09-17,e99d97a3665c237f,RDKit Descriptors.descList; 2D
7,furfuryl alcohol,fr_priamide,0.0,,RDKit,2026.03.6,2026-09-17,e99d97a3665c237f,RDKit Descriptors.descList; 2D
7,furfuryl alcohol,fr_prisulfonamd,0.0,,RDKit,2026.03.6,2026-09-17,e99d97a3665c237f,RDKit Descriptors.descList; 2D
7,furfuryl alcohol,fr_pyridine,0.0,,RDKit,2026.03.6,2026-09-17,e99d97a3665c237f,RDKit Descriptors.descList; 2D
7,furfuryl alcohol,fr_quatN,0.0,,RDKit,2026.03.6,2026-09-17,e99d97a3665c237f,RDKit Descriptors.descList; 2D
7,furfuryl alcohol,fr_sulfide,0.0,,RDKit,2026.03.6,2026-09-17,e99d97a3665c237f,RDKit Descriptors.descList; 2D
7,furfuryl alcohol,fr_sulfonamd,0.0,,RDKit,2026.03.6,2026-09-17,e99d97a3665c237f,RDKit Descriptors.descList; 2D
7,furfuryl alcohol,fr_sulfone,0.0,,RDKit,2026.03.6,2026-09-17,e99d97a3665c237f,RDKit Descriptors.descList; 2D
7,furfuryl alcohol,fr_term_acetylene,0.0,,RDKit,2026.03.6,2026-09-17,e99d97a3665c237f,RDKit Descriptors.descList; 2D
7,furfuryl alcohol,fr_tetrazole,0.0,,RDKit,2026.03.6,2026-09-17,e99d97a3665c237f,RDKit Descriptors.descList; 2D
7,furfuryl alcohol,fr_thiazole,0.0,,RDKit,2026.03.6,2026-09-17,e99d97a3665c237f,RDKit Descriptors.descList; 2D
7,furfuryl alcohol,fr_thiocyan,0.0,,RDKit,2026.03.6,2026-09-17,e99d97a3665c237f,RDKit Descriptors.descList; 2D
7,furfuryl alcohol,fr_thiophene,0.0,,RDKit,2026.03.6,2026-09-17,e99d97a3665c237f,RDKit Descriptors.descList; 2D
7,furfuryl alcohol,fr_unbrch_alkane,0.0,,RDKit,2026.03.6,2026-09-17,e99d97a3665c237f,RDKit Descriptors.descList; 2D
7,furfuryl alcohol,fr_urea,0.0,,RDKit,2026.03.6,2026-09-17,e99d97a3665c237f,RDKit Descriptors.descList; 2D
8,2-methylfuran,MaxAbsEStateIndex,4.833333333333333,,RDKit,2026.03.6,2026-09-17,e99d97a3665c237f,RDKit Descriptors.descList; 2D
8,2-methylfuran,MaxEStateIndex,4.833333333333333,,RDKit,2026.03.6,2026-09-17,e99d97a3665c237f,RDKit Descriptors.descList; 2D
8,2-methylfuran,MinAbsEStateIndex,0.9675925925925928,,RDKit,2026.03.6,2026-09-17,e99d97a3665c237f,RDKit Descriptors.descList; 2D
8,2-methylfuran,MinEStateIndex,0.9675925925925928,,RDKit,2026.03.6,2026-09-17,e99d97a3665c237f,RDKit Descriptors.descList; 2D
8,2-methylfuran,qed,0.4628605847396023,,RDKit,2026.03.6,2026-09-17,e99d97a3665c237f,RDKit Descriptors.descList; 2D
8,2-methylfuran,SPS,8.833333333333334,,RDKit,2026.03.6,2026-09-17,e99d97a3665c237f,RDKit Descriptors.descList; 2D
8,2-methylfuran,MolWt,82.102,,RDKit,2026.03.6,2026-09-17,e99d97a3665c237f,RDKit Descriptors.descList; 2D
8,2-methylfuran,HeavyAtomMolWt,76.05399999999999,,RDKit,2026.03.6,2026-09-17,e99d97a3665c237f,RDKit Descriptors.descList; 2D
8,2-methylfuran,ExactMolWt,82.041864812,,RDKit,2026.03.6,2026-09-17,e99d97a3665c237f,RDKit Descriptors.descList; 2D
8,2-methylfuran,NumValenceElectrons,32.0,,RDKit,2026.03.6,2026-09-17,e99d97a3665c237f,RDKit Descriptors.descList; 2D
8,2-methylfuran,NumRadicalElectrons,0.0,,RDKit,2026.03.6,2026-09-17,e99d97a3665c237f,RDKit Descriptors.descList; 2D
8,2-methylfuran,MaxPartialCharge,0.10017047607147558,,RDKit,2026.03.6,2026-09-17,e99d97a3665c237f,RDKit Descriptors.descList; 2D
8,2-methylfuran,MinPartialCharge,-0.469664556492416,,RDKit,2026.03.6,2026-09-17,e99d97a3665c237f,RDKit Descriptors.descList; 2D
8,2-methylfuran,MaxAbsPartialCharge,0.469664556492416,,RDKit,2026.03.6,2026-09-17,e99d97a3665c237f,RDKit Descriptors.descList; 2D
8,2-methylfuran,MinAbsPartialCharge,0.10017047607147558,,RDKit,2026.03.6,2026-09-17,e99d97a3665c237f,RDKit Descriptors.descList; 2D
8,2-methylfuran,FpDensityMorgan1,1.6666666666666667,,RDKit,2026.03.6,2026-09-17,e99d97a3665c237f,RDKit Descriptors.descList; 2D
8,2-methylfuran,FpDensityMorgan2,2.5,,RDKit,2026.03.6,2026-09-17,e99d97a3665c237f,RDKit Descriptors.descList; 2D
8,2-methylfuran,FpDensityMorgan3,2.6666666666666665,,RDKit,2026.03.6,2026-09-17,e99d97a3665c237f,RDKit Descriptors.descList; 2D
8,2-methylfuran,BCUT2D_MWHI,16.331810320106246,,RDKit,2026.03.6,2026-09-17,e99d97a3665c237f,RDKit Descriptors.descList; 2D
8,2-methylfuran,BCUT2D_MWLOW,10.516826885003017,,RDKit,2026.03.6,2026-09-17,e99d97a3665c237f,RDKit Descriptors.descList; 2D
8,2-methylfuran,BCUT2D_CHGHI,1.7542868797014255,,RDKit,2026.03.6,2026-09-17,e99d97a3665c237f,RDKit Descriptors.descList; 2D
8,2-methylfuran,BCUT2D_CHGLO,-1.686512360265907,,RDKit,2026.03.6,2026-09-17,e99d97a3665c237f,RDKit Descriptors.descList; 2D
8,2-methylfuran,BCUT2D_LOGPHI,1.9288971019272538,,RDKit,2026.03.6,2026-09-17,e99d97a3665c237f,RDKit Descriptors.descList; 2D
8,2-methylfuran,BCUT2D_LOGPLOW,-1.4790398616728275,,RDKit,2026.03.6,2026-09-17,e99d97a3665c237f,RDKit Descriptors.descList; 2D
8,2-methylfuran,BCUT2D_MRHI,4.932245232446961,,RDKit,2026.03.6,2026-09-17,e99d97a3665c237f,RDKit Descriptors.descList; 2D
8,2-methylfuran,BCUT2D_MRLOW,0.5340345909525056,,RDKit,2026.03.6,2026-09-17,e99d97a3665c237f,RDKit Descriptors.descList; 2D
8,2-methylfuran,AvgIpc,1.8638263900908159,,RDKit,2026.03.6,2026-09-17,e99d97a3665c237f,RDKit Descriptors.descList; 2D
8,2-methylfuran,BalabanJ,3.049648321313926,,RDKit,2026.03.6,2026-09-17,e99d97a3665c237f,RDKit Descriptors.descList; 2D
8,2-methylfuran,BertzCT,107.4988650600484,,RDKit,2026.03.6,2026-09-17,e99d97a3665c237f,RDKit Descriptors.descList; 2D
8,2-methylfuran,Chi0,4.405777393935816,,RDKit,2026.03.6,2026-09-17,e99d97a3665c237f,RDKit Descriptors.descList; 2D
8,2-methylfuran,Chi0n,3.6402990980327403,,RDKit,2026.03.6,2026-09-17,e99d97a3665c237f,RDKit Descriptors.descList; 2D
8,2-methylfuran,Chi0v,3.6402990980327403,,RDKit,2026.03.6,2026-09-17,e99d97a3665c237f,RDKit Descriptors.descList; 2D
8,2-methylfuran,Chi1,2.893846850117352,,RDKit,2026.03.6,2026-09-17,e99d97a3665c237f,RDKit Descriptors.descList; 2D
8,2-methylfuran,Chi1n,1.8951682068889273,,RDKit,2026.03.6,2026-09-17,e99d97a3665c237f,RDKit Descriptors.descList; 2D
8,2-methylfuran,Chi1v,1.8951682068889273,,RDKit,2026.03.6,2026-09-17,e99d97a3665c237f,RDKit Descriptors.descList; 2D
8,2-methylfuran,Chi2n,1.2237010601067568,,RDKit,2026.03.6,2026-09-17,e99d97a3665c237f,RDKit Descriptors.descList; 2D
8,2-methylfuran,Chi2v,1.2237010601067568,,RDKit,2026.03.6,2026-09-17,e99d97a3665c237f,RDKit Descriptors.descList; 2D
8,2-methylfuran,Chi3n,0.6634344070931327,,RDKit,2026.03.6,2026-09-17,e99d97a3665c237f,RDKit Descriptors.descList; 2D
8,2-methylfuran,Chi3v,0.6634344070931327,,RDKit,2026.03.6,2026-09-17,e99d97a3665c237f,RDKit Descriptors.descList; 2D
8,2-methylfuran,Chi4n,0.36068497693851154,,RDKit,2026.03.6,2026-09-17,e99d97a3665c237f,RDKit Descriptors.descList; 2D
8,2-methylfuran,Chi4v,0.36068497693851154,,RDKit,2026.03.6,2026-09-17,e99d97a3665c237f,RDKit Descriptors.descList; 2D
8,2-methylfuran,HallKierAlpha,-0.72,,RDKit,2026.03.6,2026-09-17,e99d97a3665c237f,RDKit Descriptors.descList; 2D
8,2-methylfuran,Ipc,33.548875021634686,,RDKit,2026.03.6,2026-09-17,e99d97a3665c237f,RDKit Descriptors.descList; 2D
8,2-methylfuran,Kappa1,3.4693939393939397,,RDKit,2026.03.6,2026-09-17,e99d97a3665c237f,RDKit Descriptors.descList; 2D
8,2-methylfuran,Kappa2,1.1675410767171084,,RDKit,2026.03.6,2026-09-17,e99d97a3665c237f,RDKit Descriptors.descList; 2D
8,2-methylfuran,Kappa3,0.432338837275346,,RDKit,2026.03.6,2026-09-17,e99d97a3665c237f,RDKit Descriptors.descList; 2D
8,2-methylfuran,LabuteASA,36.590674497970404,,RDKit,2026.03.6,2026-09-17,e99d97a3665c237f,RDKit Descriptors.descList; 2D
8,2-methylfuran,PEOE_VSA1,4.417150937053347,,RDKit,2026.03.6,2026-09-17,e99d97a3665c237f,RDKit Descriptors.descList; 2D
8,2-methylfuran,PEOE_VSA10,5.760247418874442,,RDKit,2026.03.6,2026-09-17,e99d97a3665c237f,RDKit Descriptors.descList; 2D
8,2-methylfuran,PEOE_VSA11,0.0,,RDKit,2026.03.6,2026-09-17,e99d97a3665c237f,RDKit Descriptors.descList; 2D
8,2-methylfuran,PEOE_VSA12,0.0,,RDKit,2026.03.6,2026-09-17,e99d97a3665c237f,RDKit Descriptors.descList; 2D
8,2-methylfuran,PEOE_VSA13,0.0,,RDKit,2026.03.6,2026-09-17,e99d97a3665c237f,RDKit Descriptors.descList; 2D
8,2-methylfuran,PEOE_VSA14,0.0,,RDKit,2026.03.6,2026-09-17,e99d97a3665c237f,RDKit Descriptors.descList; 2D
8,2-methylfuran,PEOE_VSA2,0.0,,RDKit,2026.03.6,2026-09-17,e99d97a3665c237f,RDKit Descriptors.descList; 2D
8,2-methylfuran,PEOE_VSA3,0.0,,RDKit,2026.03.6,2026-09-17,e99d97a3665c237f,RDKit Descriptors.descList; 2D
8,2-methylfuran,PEOE_VSA4,0.0,,RDKit,2026.03.6,2026-09-17,e99d97a3665c237f,RDKit Descriptors.descList; 2D
8,2-methylfuran,PEOE_VSA5,0.0,,RDKit,2026.03.6,2026-09-17,e99d97a3665c237f,RDKit Descriptors.descList; 2D
8,2-methylfuran,PEOE_VSA6,0.0,,RDKit,2026.03.6,2026-09-17,e99d97a3665c237f,RDKit Descriptors.descList; 2D
8,2-methylfuran,PEOE_VSA7,19.056471336613843,,RDKit,2026.03.6,2026-09-17,e99d97a3665c237f,RDKit Descriptors.descList; 2D
8,2-methylfuran,PEOE_VSA8,0.0,,RDKit,2026.03.6,2026-09-17,e99d97a3665c237f,RDKit Descriptors.descList; 2D
8,2-methylfuran,PEOE_VSA9,6.263162995639057,,RDKit,2026.03.6,2026-09-17,e99d97a3665c237f,RDKit Descriptors.descList; 2D
8,2-methylfuran,SMR_VSA1,4.417150937053347,,RDKit,2026.03.6,2026-09-17,e99d97a3665c237f,RDKit Descriptors.descList; 2D
8,2-methylfuran,SMR_VSA10,0.0,,RDKit,2026.03.6,2026-09-17,e99d97a3665c237f,RDKit Descriptors.descList; 2D
8,2-methylfuran,SMR_VSA2,0.0,,RDKit,2026.03.6,2026-09-17,e99d97a3665c237f,RDKit Descriptors.descList; 2D
8,2-methylfuran,SMR_VSA3,0.0,,RDKit,2026.03.6,2026-09-17,e99d97a3665c237f,RDKit Descriptors.descList; 2D
8,2-methylfuran,SMR_VSA4,0.0,,RDKit,2026.03.6,2026-09-17,e99d97a3665c237f,RDKit Descriptors.descList; 2D
8,2-methylfuran,SMR_VSA5,6.923737199690624,,RDKit,2026.03.6,2026-09-17,e99d97a3665c237f,RDKit Descriptors.descList; 2D
8,2-methylfuran,SMR_VSA6,0.0,,RDKit,2026.03.6,2026-09-17,e99d97a3665c237f,RDKit Descriptors.descList; 2D
8,2-methylfuran,SMR_VSA7,24.156144551436718,,RDKit,2026.03.6,2026-09-17,e99d97a3665c237f,RDKit Descriptors.descList; 2D
8,2-methylfuran,SMR_VSA8,0.0,,RDKit,2026.03.6,2026-09-17,e99d97a3665c237f,RDKit Descriptors.descList; 2D
8,2-methylfuran,SMR_VSA9,0.0,,RDKit,2026.03.6,2026-09-17,e99d97a3665c237f,RDKit Descriptors.descList; 2D
8,2-methylfuran,SlogP_VSA1,0.0,,RDKit,2026.03.6,2026-09-17,e99d97a3665c237f,RDKit Descriptors.descList; 2D
8,2-methylfuran,SlogP_VSA10,0.0,,RDKit,2026.03.6,2026-09-17,e99d97a3665c237f,RDKit Descriptors.descList; 2D
8,2-methylfuran,SlogP_VSA11,0.0,,RDKit,2026.03.6,2026-09-17,e99d97a3665c237f,RDKit Descriptors.descList; 2D
8,2-methylfuran,SlogP_VSA12,0.0,,RDKit,2026.03.6,2026-09-17,e99d97a3665c237f,RDKit Descriptors.descList; 2D
8,2-methylfuran,SlogP_VSA2,0.0,,RDKit,2026.03.6,2026-09-17,e99d97a3665c237f,RDKit Descriptors.descList; 2D
8,2-methylfuran,SlogP_VSA3,0.0,,RDKit,2026.03.6,2026-09-17,e99d97a3665c237f,RDKit Descriptors.descList; 2D
8,2-methylfuran,SlogP_VSA4,6.923737199690624,,RDKit,2026.03.6,2026-09-17,e99d97a3665c237f,RDKit Descriptors.descList; 2D
8,2-methylfuran,SlogP_VSA5,5.760247418874442,,RDKit,2026.03.6,2026-09-17,e99d97a3665c237f,RDKit Descriptors.descList; 2D
8,2-methylfuran,SlogP_VSA6,22.813048069615622,,RDKit,2026.03.6,2026-09-17,e99d97a3665c237f,RDKit Descriptors.descList; 2D
8,2-methylfuran,SlogP_VSA7,0.0,,RDKit,2026.03.6,2026-09-17,e99d97a3665c237f,RDKit Descriptors.descList; 2D
8,2-methylfuran,SlogP_VSA8,0.0,,RDKit,2026.03.6,2026-09-17,e99d97a3665c237f,RDKit Descriptors.descList; 2D
8,2-methylfuran,SlogP_VSA9,0.0,,RDKit,2026.03.6,2026-09-17,e99d97a3665c237f,RDKit Descriptors.descList; 2D
8,2-methylfuran,TPSA,13.14,,RDKit,2026.03.6,2026-09-17,e99d97a3665c237f,RDKit Descriptors.descList; 2D
8,2-methylfuran,EState_VSA1,0.0,,RDKit,2026.03.6,2026-09-17,e99d97a3665c237f,RDKit Descriptors.descList; 2D
8,2-methylfuran,EState_VSA10,0.0,,RDKit,2026.03.6,2026-09-17,e99d97a3665c237f,RDKit Descriptors.descList; 2D
8,2-methylfuran,EState_VSA11,0.0,,RDKit,2026.03.6,2026-09-17,e99d97a3665c237f,RDKit Descriptors.descList; 2D
8,2-methylfuran,EState_VSA2,0.0,,RDKit,2026.03.6,2026-09-17,e99d97a3665c237f,RDKit Descriptors.descList; 2D
8,2-methylfuran,EState_VSA3,0.0,,RDKit,2026.03.6,2026-09-17,e99d97a3665c237f,RDKit Descriptors.descList; 2D
8,2-methylfuran,EState_VSA4,5.760247418874442,,RDKit,2026.03.6,2026-09-17,e99d97a3665c237f,RDKit Descriptors.descList; 2D
8,2-methylfuran,EState_VSA5,0.0,,RDKit,2026.03.6,2026-09-17,e99d97a3665c237f,RDKit Descriptors.descList; 2D
8,2-methylfuran,EState_VSA6,6.263162995639057,,RDKit,2026.03.6,2026-09-17,e99d97a3665c237f,RDKit Descriptors.descList; 2D
8,2-methylfuran,EState_VSA7,19.056471336613843,,RDKit,2026.03.6,2026-09-17,e99d97a3665c237f,RDKit Descriptors.descList; 2D
8,2-methylfuran,EState_VSA8,0.0,,RDKit,2026.03.6,2026-09-17,e99d97a3665c237f,RDKit Descriptors.descList; 2D
8,2-methylfuran,EState_VSA9,4.417150937053347,,RDKit,2026.03.6,2026-09-17,e99d97a3665c237f,RDKit Descriptors.descList; 2D
8,2-methylfuran,VSA_EState1,4.833333333333333,,RDKit,2026.03.6,2026-09-17,e99d97a3665c237f,RDKit Descriptors.descList; 2D
8,2-methylfuran,VSA_EState10,0.0,,RDKit,2026.03.6,2026-09-17,e99d97a3665c237f,RDKit Descriptors.descList; 2D
8,2-methylfuran,VSA_EState2,0.0,,RDKit,2026.03.6,2026-09-17,e99d97a3665c237f,RDKit Descriptors.descList; 2D
8,2-methylfuran,VSA_EState3,0.0,,RDKit,2026.03.6,2026-09-17,e99d97a3665c237f,RDKit Descriptors.descList; 2D
8,2-methylfuran,VSA_EState4,0.0,,RDKit,2026.03.6,2026-09-17,e99d97a3665c237f,RDKit Descriptors.descList; 2D
8,2-methylfuran,VSA_EState5,0.9675925925925928,,RDKit,2026.03.6,2026-09-17,e99d97a3665c237f,RDKit Descriptors.descList; 2D
8,2-methylfuran,VSA_EState6,3.787037037037037,,RDKit,2026.03.6,2026-09-17,e99d97a3665c237f,RDKit Descriptors.descList; 2D
8,2-methylfuran,VSA_EState7,1.662037037037037,,RDKit,2026.03.6,2026-09-17,e99d97a3665c237f,RDKit Descriptors.descList; 2D
8,2-methylfuran,VSA_EState8,1.9166666666666667,,RDKit,2026.03.6,2026-09-17,e99d97a3665c237f,RDKit Descriptors.descList; 2D
8,2-methylfuran,VSA_EState9,0.0,,RDKit,2026.03.6,2026-09-17,e99d97a3665c237f,RDKit Descriptors.descList; 2D
8,2-methylfuran,FractionCSP3,0.2,,RDKit,2026.03.6,2026-09-17,e99d97a3665c237f,RDKit Descriptors.descList; 2D
8,2-methylfuran,HeavyAtomCount,6.0,,RDKit,2026.03.6,2026-09-17,e99d97a3665c237f,RDKit Descriptors.descList; 2D
8,2-methylfuran,NHOHCount,0.0,,RDKit,2026.03.6,2026-09-17,e99d97a3665c237f,RDKit Descriptors.descList; 2D
8,2-methylfuran,NOCount,1.0,,RDKit,2026.03.6,2026-09-17,e99d97a3665c237f,RDKit Descriptors.descList; 2D
8,2-methylfuran,NumAliphaticCarbocycles,0.0,,RDKit,2026.03.6,2026-09-17,e99d97a3665c237f,RDKit Descriptors.descList; 2D
8,2-methylfuran,NumAliphaticHeterocycles,0.0,,RDKit,2026.03.6,2026-09-17,e99d97a3665c237f,RDKit Descriptors.descList; 2D
8,2-methylfuran,NumAliphaticRings,0.0,,RDKit,2026.03.6,2026-09-17,e99d97a3665c237f,RDKit Descriptors.descList; 2D
8,2-methylfuran,NumAmideBonds,0.0,,RDKit,2026.03.6,2026-09-17,e99d97a3665c237f,RDKit Descriptors.descList; 2D
8,2-methylfuran,NumAromaticCarbocycles,0.0,,RDKit,2026.03.6,2026-09-17,e99d97a3665c237f,RDKit Descriptors.descList; 2D
8,2-methylfuran,NumAromaticHeterocycles,1.0,,RDKit,2026.03.6,2026-09-17,e99d97a3665c237f,RDKit Descriptors.descList; 2D
8,2-methylfuran,NumAromaticRings,1.0,,RDKit,2026.03.6,2026-09-17,e99d97a3665c237f,RDKit Descriptors.descList; 2D
8,2-methylfuran,NumAtomStereoCenters,0.0,,RDKit,2026.03.6,2026-09-17,e99d97a3665c237f,RDKit Descriptors.descList; 2D
8,2-methylfuran,NumBridgeheadAtoms,0.0,,RDKit,2026.03.6,2026-09-17,e99d97a3665c237f,RDKit Descriptors.descList; 2D
8,2-methylfuran,NumHAcceptors,1.0,,RDKit,2026.03.6,2026-09-17,e99d97a3665c237f,RDKit Descriptors.descList; 2D
8,2-methylfuran,NumHDonors,0.0,,RDKit,2026.03.6,2026-09-17,e99d97a3665c237f,RDKit Descriptors.descList; 2D
8,2-methylfuran,NumHeteroatoms,1.0,,RDKit,2026.03.6,2026-09-17,e99d97a3665c237f,RDKit Descriptors.descList; 2D
8,2-methylfuran,NumHeterocycles,1.0,,RDKit,2026.03.6,2026-09-17,e99d97a3665c237f,RDKit Descriptors.descList; 2D
8,2-methylfuran,NumRotatableBonds,0.0,,RDKit,2026.03.6,2026-09-17,e99d97a3665c237f,RDKit Descriptors.descList; 2D
8,2-methylfuran,NumSaturatedCarbocycles,0.0,,RDKit,2026.03.6,2026-09-17,e99d97a3665c237f,RDKit Descriptors.descList; 2D
8,2-methylfuran,NumSaturatedHeterocycles,0.0,,RDKit,2026.03.6,2026-09-17,e99d97a3665c237f,RDKit Descriptors.descList; 2D
8,2-methylfuran,NumSaturatedRings,0.0,,RDKit,2026.03.6,2026-09-17,e99d97a3665c237f,RDKit Descriptors.descList; 2D
8,2-methylfuran,NumSpiroAtoms,0.0,,RDKit,2026.03.6,2026-09-17,e99d97a3665c237f,RDKit Descriptors.descList; 2D
8,2-methylfuran,NumUnspecifiedAtomStereoCenters,0.0,,RDKit,2026.03.6,2026-09-17,e99d97a3665c237f,RDKit Descriptors.descList; 2D
8,2-methylfuran,Phi,0.6751099892593019,,RDKit,2026.03.6,2026-09-17,e99d97a3665c237f,RDKit Descriptors.descList; 2D
8,2-methylfuran,RingCount,1.0,,RDKit,2026.03.6,2026-09-17,e99d97a3665c237f,RDKit Descriptors.descList; 2D
8,2-methylfuran,MolLogP,1.58802,,RDKit,2026.03.6,2026-09-17,e99d97a3665c237f,RDKit Descriptors.descList; 2D
8,2-methylfuran,MolMR,23.444999999999993,,RDKit,2026.03.6,2026-09-17,e99d97a3665c237f,RDKit Descriptors.descList; 2D
8,2-methylfuran,fr_Al_COO,0.0,,RDKit,2026.03.6,2026-09-17,e99d97a3665c237f,RDKit Descriptors.descList; 2D
8,2-methylfuran,fr_Al_OH,0.0,,RDKit,2026.03.6,2026-09-17,e99d97a3665c237f,RDKit Descriptors.descList; 2D
8,2-methylfuran,fr_Al_OH_noTert,0.0,,RDKit,2026.03.6,2026-09-17,e99d97a3665c237f,RDKit Descriptors.descList; 2D
8,2-methylfuran,fr_ArN,0.0,,RDKit,2026.03.6,2026-09-17,e99d97a3665c237f,RDKit Descriptors.descList; 2D
8,2-methylfuran,fr_Ar_COO,0.0,,RDKit,2026.03.6,2026-09-17,e99d97a3665c237f,RDKit Descriptors.descList; 2D
8,2-methylfuran,fr_Ar_N,0.0,,RDKit,2026.03.6,2026-09-17,e99d97a3665c237f,RDKit Descriptors.descList; 2D
8,2-methylfuran,fr_Ar_NH,0.0,,RDKit,2026.03.6,2026-09-17,e99d97a3665c237f,RDKit Descriptors.descList; 2D
8,2-methylfuran,fr_Ar_OH,0.0,,RDKit,2026.03.6,2026-09-17,e99d97a3665c237f,RDKit Descriptors.descList; 2D
8,2-methylfuran,fr_COO,0.0,,RDKit,2026.03.6,2026-09-17,e99d97a3665c237f,RDKit Descriptors.descList; 2D
8,2-methylfuran,fr_COO2,0.0,,RDKit,2026.03.6,2026-09-17,e99d97a3665c237f,RDKit Descriptors.descList; 2D
8,2-methylfuran,fr_C_O,0.0,,RDKit,2026.03.6,2026-09-17,e99d97a3665c237f,RDKit Descriptors.descList; 2D
8,2-methylfuran,fr_C_O_noCOO,0.0,,RDKit,2026.03.6,2026-09-17,e99d97a3665c237f,RDKit Descriptors.descList; 2D
8,2-methylfuran,fr_C_S,0.0,,RDKit,2026.03.6,2026-09-17,e99d97a3665c237f,RDKit Descriptors.descList; 2D
8,2-methylfuran,fr_HOCCN,0.0,,RDKit,2026.03.6,2026-09-17,e99d97a3665c237f,RDKit Descriptors.descList; 2D
8,2-methylfuran,fr_Imine,0.0,,RDKit,2026.03.6,2026-09-17,e99d97a3665c237f,RDKit Descriptors.descList; 2D
8,2-methylfuran,fr_NH0,0.0,,RDKit,2026.03.6,2026-09-17,e99d97a3665c237f,RDKit Descriptors.descList; 2D
8,2-methylfuran,fr_NH1,0.0,,RDKit,2026.03.6,2026-09-17,e99d97a3665c237f,RDKit Descriptors.descList; 2D
8,2-methylfuran,fr_NH2,0.0,,RDKit,2026.03.6,2026-09-17,e99d97a3665c237f,RDKit Descriptors.descList; 2D
8,2-methylfuran,fr_N_O,0.0,,RDKit,2026.03.6,2026-09-17,e99d97a3665c237f,RDKit Descriptors.descList; 2D
8,2-methylfuran,fr_Ndealkylation1,0.0,,RDKit,2026.03.6,2026-09-17,e99d97a3665c237f,RDKit Descriptors.descList; 2D
8,2-methylfuran,fr_Ndealkylation2,0.0,,RDKit,2026.03.6,2026-09-17,e99d97a3665c237f,RDKit Descriptors.descList; 2D
8,2-methylfuran,fr_Nhpyrrole,0.0,,RDKit,2026.03.6,2026-09-17,e99d97a3665c237f,RDKit Descriptors.descList; 2D
8,2-methylfuran,fr_SH,0.0,,RDKit,2026.03.6,2026-09-17,e99d97a3665c237f,RDKit Descriptors.descList; 2D
8,2-methylfuran,fr_aldehyde,0.0,,RDKit,2026.03.6,2026-09-17,e99d97a3665c237f,RDKit Descriptors.descList; 2D
8,2-methylfuran,fr_alkyl_carbamate,0.0,,RDKit,2026.03.6,2026-09-17,e99d97a3665c237f,RDKit Descriptors.descList; 2D
8,2-methylfuran,fr_alkyl_halide,0.0,,RDKit,2026.03.6,2026-09-17,e99d97a3665c237f,RDKit Descriptors.descList; 2D
8,2-methylfuran,fr_allylic_oxid,0.0,,RDKit,2026.03.6,2026-09-17,e99d97a3665c237f,RDKit Descriptors.descList; 2D
8,2-methylfuran,fr_amide,0.0,,RDKit,2026.03.6,2026-09-17,e99d97a3665c237f,RDKit Descriptors.descList; 2D
8,2-methylfuran,fr_amidine,0.0,,RDKit,2026.03.6,2026-09-17,e99d97a3665c237f,RDKit Descriptors.descList; 2D
8,2-methylfuran,fr_aniline,0.0,,RDKit,2026.03.6,2026-09-17,e99d97a3665c237f,RDKit Descriptors.descList; 2D
8,2-methylfuran,fr_aryl_methyl,1.0,,RDKit,2026.03.6,2026-09-17,e99d97a3665c237f,RDKit Descriptors.descList; 2D
8,2-methylfuran,fr_azide,0.0,,RDKit,2026.03.6,2026-09-17,e99d97a3665c237f,RDKit Descriptors.descList; 2D
8,2-methylfuran,fr_azo,0.0,,RDKit,2026.03.6,2026-09-17,e99d97a3665c237f,RDKit Descriptors.descList; 2D
8,2-methylfuran,fr_barbitur,0.0,,RDKit,2026.03.6,2026-09-17,e99d97a3665c237f,RDKit Descriptors.descList; 2D
8,2-methylfuran,fr_benzene,0.0,,RDKit,2026.03.6,2026-09-17,e99d97a3665c237f,RDKit Descriptors.descList; 2D
8,2-methylfuran,fr_benzodiazepine,0.0,,RDKit,2026.03.6,2026-09-17,e99d97a3665c237f,RDKit Descriptors.descList; 2D
8,2-methylfuran,fr_bicyclic,0.0,,RDKit,2026.03.6,2026-09-17,e99d97a3665c237f,RDKit Descriptors.descList; 2D
8,2-methylfuran,fr_diazo,0.0,,RDKit,2026.03.6,2026-09-17,e99d97a3665c237f,RDKit Descriptors.descList; 2D
8,2-methylfuran,fr_dihydropyridine,0.0,,RDKit,2026.03.6,2026-09-17,e99d97a3665c237f,RDKit Descriptors.descList; 2D
8,2-methylfuran,fr_epoxide,0.0,,RDKit,2026.03.6,2026-09-17,e99d97a3665c237f,RDKit Descriptors.descList; 2D
8,2-methylfuran,fr_ester,0.0,,RDKit,2026.03.6,2026-09-17,e99d97a3665c237f,RDKit Descriptors.descList; 2D
8,2-methylfuran,fr_ether,0.0,,RDKit,2026.03.6,2026-09-17,e99d97a3665c237f,RDKit Descriptors.descList; 2D
8,2-methylfuran,fr_furan,1.0,,RDKit,2026.03.6,2026-09-17,e99d97a3665c237f,RDKit Descriptors.descList; 2D
8,2-methylfuran,fr_guanido,0.0,,RDKit,2026.03.6,2026-09-17,e99d97a3665c237f,RDKit Descriptors.descList; 2D
8,2-methylfuran,fr_halogen,0.0,,RDKit,2026.03.6,2026-09-17,e99d97a3665c237f,RDKit Descriptors.descList; 2D
8,2-methylfuran,fr_hdrzine,0.0,,RDKit,2026.03.6,2026-09-17,e99d97a3665c237f,RDKit Descriptors.descList; 2D
8,2-methylfuran,fr_hdrzone,0.0,,RDKit,2026.03.6,2026-09-17,e99d97a3665c237f,RDKit Descriptors.descList; 2D
8,2-methylfuran,fr_imidazole,0.0,,RDKit,2026.03.6,2026-09-17,e99d97a3665c237f,RDKit Descriptors.descList; 2D
8,2-methylfuran,fr_imide,0.0,,RDKit,2026.03.6,2026-09-17,e99d97a3665c237f,RDKit Descriptors.descList; 2D
8,2-methylfuran,fr_isocyan,0.0,,RDKit,2026.03.6,2026-09-17,e99d97a3665c237f,RDKit Descriptors.descList; 2D
8,2-methylfuran,fr_isothiocyan,0.0,,RDKit,2026.03.6,2026-09-17,e99d97a3665c237f,RDKit Descriptors.descList; 2D
8,2-methylfuran,fr_ketone,0.0,,RDKit,2026.03.6,2026-09-17,e99d97a3665c237f,RDKit Descriptors.descList; 2D
8,2-methylfuran,fr_ketone_Topliss,0.0,,RDKit,2026.03.6,2026-09-17,e99d97a3665c237f,RDKit Descriptors.descList; 2D
8,2-methylfuran,fr_lactam,0.0,,RDKit,2026.03.6,2026-09-17,e99d97a3665c237f,RDKit Descriptors.descList; 2D
8,2-methylfuran,fr_lactone,0.0,,RDKit,2026.03.6,2026-09-17,e99d97a3665c237f,RDKit Descriptors.descList; 2D
8,2-methylfuran,fr_methoxy,0.0,,RDKit,2026.03.6,2026-09-17,e99d97a3665c237f,RDKit Descriptors.descList; 2D
8,2-methylfuran,fr_morpholine,0.0,,RDKit,2026.03.6,2026-09-17,e99d97a3665c237f,RDKit Descriptors.descList; 2D
8,2-methylfuran,fr_nitrile,0.0,,RDKit,2026.03.6,2026-09-17,e99d97a3665c237f,RDKit Descriptors.descList; 2D
8,2-methylfuran,fr_nitro,0.0,,RDKit,2026.03.6,2026-09-17,e99d97a3665c237f,RDKit Descriptors.descList; 2D
8,2-methylfuran,fr_nitro_arom,0.0,,RDKit,2026.03.6,2026-09-17,e99d97a3665c237f,RDKit Descriptors.descList; 2D
8,2-methylfuran,fr_nitro_arom_nonortho,0.0,,RDKit,2026.03.6,2026-09-17,e99d97a3665c237f,RDKit Descriptors.descList; 2D
8,2-methylfuran,fr_nitroso,0.0,,RDKit,2026.03.6,2026-09-17,e99d97a3665c237f,RDKit Descriptors.descList; 2D
8,2-methylfuran,fr_oxazole,0.0,,RDKit,2026.03.6,2026-09-17,e99d97a3665c237f,RDKit Descriptors.descList; 2D
8,2-methylfuran,fr_oxime,0.0,,RDKit,2026.03.6,2026-09-17,e99d97a3665c237f,RDKit Descriptors.descList; 2D
8,2-methylfuran,fr_para_hydroxylation,0.0,,RDKit,2026.03.6,2026-09-17,e99d97a3665c237f,RDKit Descriptors.descList; 2D
8,2-methylfuran,fr_phenol,0.0,,RDKit,2026.03.6,2026-09-17,e99d97a3665c237f,RDKit Descriptors.descList; 2D
8,2-methylfuran,fr_phenol_noOrthoHbond,0.0,,RDKit,2026.03.6,2026-09-17,e99d97a3665c237f,RDKit Descriptors.descList; 2D
8,2-methylfuran,fr_phos_acid,0.0,,RDKit,2026.03.6,2026-09-17,e99d97a3665c237f,RDKit Descriptors.descList; 2D
8,2-methylfuran,fr_phos_ester,0.0,,RDKit,2026.03.6,2026-09-17,e99d97a3665c237f,RDKit Descriptors.descList; 2D
8,2-methylfuran,fr_piperdine,0.0,,RDKit,2026.03.6,2026-09-17,e99d97a3665c237f,RDKit Descriptors.descList; 2D
8,2-methylfuran,fr_piperzine,0.0,,RDKit,2026.03.6,2026-09-17,e99d97a3665c237f,RDKit Descriptors.descList; 2D
8,2-methylfuran,fr_priamide,0.0,,RDKit,2026.03.6,2026-09-17,e99d97a3665c237f,RDKit Descriptors.descList; 2D
8,2-methylfuran,fr_prisulfonamd,0.0,,RDKit,2026.03.6,2026-09-17,e99d97a3665c237f,RDKit Descriptors.descList; 2D
8,2-methylfuran,fr_pyridine,0.0,,RDKit,2026.03.6,2026-09-17,e99d97a3665c237f,RDKit Descriptors.descList; 2D
8,2-methylfuran,fr_quatN,0.0,,RDKit,2026.03.6,2026-09-17,e99d97a3665c237f,RDKit Descriptors.descList; 2D
8,2-methylfuran,fr_sulfide,0.0,,RDKit,2026.03.6,2026-09-17,e99d97a3665c237f,RDKit Descriptors.descList; 2D
8,2-methylfuran,fr_sulfonamd,0.0,,RDKit,2026.03.6,2026-09-17,e99d97a3665c237f,RDKit Descriptors.descList; 2D
8,2-methylfuran,fr_sulfone,0.0,,RDKit,2026.03.6,2026-09-17,e99d97a3665c237f,RDKit Descriptors.descList; 2D
8,2-methylfuran,fr_term_acetylene,0.0,,RDKit,2026.03.6,2026-09-17,e99d97a3665c237f,RDKit Descriptors.descList; 2D
8,2-methylfuran,fr_tetrazole,0.0,,RDKit,2026.03.6,2026-09-17,e99d97a3665c237f,RDKit Descriptors.descList; 2D
8,2-methylfuran,fr_thiazole,0.0,,RDKit,2026.03.6,2026-09-17,e99d97a3665c237f,RDKit Descriptors.descList; 2D
8,2-methylfuran,fr_thiocyan,0.0,,RDKit,2026.03.6,2026-09-17,e99d97a3665c237f,RDKit Descriptors.descList; 2D
8,2-methylfuran,fr_thiophene,0.0,,RDKit,2026.03.6,2026-09-17,e99d97a3665c237f,RDKit Descriptors.descList; 2D
8,2-methylfuran,fr_unbrch_alkane,0.0,,RDKit,2026.03.6,2026-09-17,e99d97a3665c237f,RDKit Descriptors.descList; 2D
8,2-methylfuran,fr_urea,0.0,,RDKit,2026.03.6,2026-09-17,e99d97a3665c237f,RDKit Descriptors.descList; 2D
9,phenol,MaxAbsEStateIndex,8.632222222222222,,RDKit,2026.03.6,2026-09-17,e99d97a3665c237f,RDKit Descriptors.descList; 2D
9,phenol,MaxEStateIndex,8.632222222222222,,RDKit,2026.03.6,2026-09-17,e99d97a3665c237f,RDKit Descriptors.descList; 2D
9,phenol,MinAbsEStateIndex,0.3217592592592595,,RDKit,2026.03.6,2026-09-17,e99d97a3665c237f,RDKit Descriptors.descList; 2D
9,phenol,MinEStateIndex,0.3217592592592595,,RDKit,2026.03.6,2026-09-17,e99d97a3665c237f,RDKit Descriptors.descList; 2D
9,phenol,qed,0.514729544768675,,RDKit,2026.03.6,2026-09-17,e99d97a3665c237f,RDKit Descriptors.descList; 2D
9,phenol,SPS,8.571428571428571,,RDKit,2026.03.6,2026-09-17,e99d97a3665c237f,RDKit Descriptors.descList; 2D
9,phenol,MolWt,94.11299999999997,,RDKit,2026.03.6,2026-09-17,e99d97a3665c237f,RDKit Descriptors.descList; 2D
9,phenol,HeavyAtomMolWt,88.06499999999998,,RDKit,2026.03.6,2026-09-17,e99d97a3665c237f,RDKit Descriptors.descList; 2D
9,phenol,ExactMolWt,94.041864812,,RDKit,2026.03.6,2026-09-17,e99d97a3665c237f,RDKit Descriptors.descList; 2D
9,phenol,NumValenceElectrons,36.0,,RDKit,2026.03.6,2026-09-17,e99d97a3665c237f,RDKit Descriptors.descList; 2D
9,phenol,NumRadicalElectrons,0.0,,RDKit,2026.03.6,2026-09-17,e99d97a3665c237f,RDKit Descriptors.descList; 2D
9,phenol,MaxPartialCharge,0.11507481947527982,,RDKit,2026.03.6,2026-09-17,e99d97a3665c237f,RDKit Descriptors.descList; 2D
9,phenol,MinPartialCharge,-0.5079669948663066,,RDKit,2026.03.6,2026-09-17,e99d97a3665c237f,RDKit Descriptors.descList; 2D
9,phenol,MaxAbsPartialCharge,0.5079669948663066,,RDKit,2026.03.6,2026-09-17,e99d97a3665c237f,RDKit Descriptors.descList; 2D
9,phenol,MinAbsPartialCharge,0.11507481947527982,,RDKit,2026.03.6,2026-09-17,e99d97a3665c237f,RDKit Descriptors.descList; 2D
9,phenol,FpDensityMorgan1,1.0,,RDKit,2026.03.6,2026-09-17,e99d97a3665c237f,RDKit Descriptors.descList; 2D
9,phenol,FpDensityMorgan2,1.5714285714285714,,RDKit,2026.03.6,2026-09-17,e99d97a3665c237f,RDKit Descriptors.descList; 2D
9,phenol,FpDensityMorgan3,1.8571428571428572,,RDKit,2026.03.6,2026-09-17,e99d97a3665c237f,RDKit Descriptors.descList; 2D
9,phenol,BCUT2D_MWHI,16.254620152063808,,RDKit,2026.03.6,2026-09-17,e99d97a3665c237f,RDKit Descriptors.descList; 2D
9,phenol,BCUT2D_MWLOW,10.346234440824086,,RDKit,2026.03.6,2026-09-17,e99d97a3665c237f,RDKit Descriptors.descList; 2D
9,phenol,BCUT2D_CHGHI,1.7432187000138564,,RDKit,2026.03.6,2026-09-17,e99d97a3665c237f,RDKit Descriptors.descList; 2D
9,phenol,BCUT2D_CHGLO,-1.8193535764132127,,RDKit,2026.03.6,2026-09-17,e99d97a3665c237f,RDKit Descriptors.descList; 2D
9,phenol,BCUT2D_LOGPHI,2.0225737403160666,,RDKit,2026.03.6,2026-09-17,e99d97a3665c237f,RDKit Descriptors.descList; 2D
9,phenol,BCUT2D_LOGPLOW,-1.559498924160049,,RDKit,2026.03.6,2026-09-17,e99d97a3665c237f,RDKit Descriptors.descList; 2D
9,phenol,BCUT2D_MRHI,5.1797398060365785,,RDKit,2026.03.6,2026-09-17,e99d97a3665c237f,RDKit Descriptors.descList; 2D
9,phenol,BCUT2D_MRLOW,0.4751166825208842,,RDKit,2026.03.6,2026-09-17,e99d97a3665c237f,RDKit Descriptors.descList; 2D
9,phenol,AvgIpc,1.6856161633204378,,RDKit,2026.03.6,2026-09-17,e99d97a3665c237f,RDKit Descriptors.descList; 2D
9,phenol,BalabanJ,3.0214653097240864,,RDKit,2026.03.6,2026-09-17,e99d97a3665c237f,RDKit Descriptors.descList; 2D
9,phenol,BertzCT,134.10736969541455,,RDKit,2026.03.6,2026-09-17,e99d97a3665c237f,RDKit Descriptors.descList; 2D
9,phenol,Chi0,5.112884175122364,,RDKit,2026.03.6,2026-09-17,e99d97a3665c237f,RDKit Descriptors.descList; 2D
9,phenol,Chi0n,3.833964941448087,,RDKit,2026.03.6,2026-09-17,e99d97a3665c237f,RDKit Descriptors.descList; 2D
9,phenol,Chi0v,3.833964941448087,,RDKit,2026.03.6,2026-09-17,e99d97a3665c237f,RDKit Descriptors.descList; 2D
9,phenol,Chi1,3.393846850117352,,RDKit,2026.03.6,2026-09-17,e99d97a3665c237f,RDKit Descriptors.descList; 2D
9,phenol,Chi1n,2.1342904002729384,,RDKit,2026.03.6,2026-09-17,e99d97a3665c237f,RDKit Descriptors.descList; 2D
9,phenol,Chi1v,2.1342904002729384,,RDKit,2026.03.6,2026-09-17,e99d97a3665c237f,RDKit Descriptors.descList; 2D
9,phenol,Chi2n,1.3355491589367874,,RDKit,2026.03.6,2026-09-17,e99d97a3665c237f,RDKit Descriptors.descList; 2D
9,phenol,Chi2v,1.3355491589367874,,RDKit,2026.03.6,2026-09-17,e99d97a3665c237f,RDKit Descriptors.descList; 2D
9,phenol,Chi3n,0.756193600181959,,RDKit,2026.03.6,2026-09-17,e99d97a3665c237f,RDKit Descriptors.descList; 2D
9,phenol,Chi3v,0.756193600181959,,RDKit,2026.03.6,2026-09-17,e99d97a3665c237f,RDKit Descriptors.descList; 2D
9,phenol,Chi4n,0.4279941042701235,,RDKit,2026.03.6,2026-09-17,e99d97a3665c237f,RDKit Descriptors.descList; 2D
9,phenol,Chi4v,0.4279941042701235,,RDKit,2026.03.6,2026-09-17,e99d97a3665c237f,RDKit Descriptors.descList; 2D
9,phenol,HallKierAlpha,-0.98,,RDKit,2026.03.6,2026-09-17,e99d97a3665c237f,RDKit Descriptors.descList; 2D
9,phenol,Ipc,47.19725257297226,,RDKit,2026.03.6,2026-09-17,e99d97a3665c237f,RDKit Descriptors.descList; 2D
9,phenol,Kappa1,4.18611295681063,,RDKit,2026.03.6,2026-09-17,e99d97a3665c237f,RDKit Descriptors.descList; 2D
9,phenol,Kappa2,1.6461962159398054,,RDKit,2026.03.6,2026-09-17,e99d97a3665c237f,RDKit Descriptors.descList; 2D
9,phenol,Kappa3,0.9290591797144502,,RDKit,2026.03.6,2026-09-17,e99d97a3665c237f,RDKit Descriptors.descList; 2D
9,phenol,LabuteASA,42.22563687169298,,RDKit,2026.03.6,2026-09-17,e99d97a3665c237f,RDKit Descriptors.descList; 2D
9,phenol,PEOE_VSA1,5.106527394840706,,RDKit,2026.03.6,2026-09-17,e99d97a3665c237f,RDKit Descriptors.descList; 2D
9,phenol,PEOE_VSA10,5.749511833283905,,RDKit,2026.03.6,2026-09-17,e99d97a3665c237f,RDKit Descriptors.descList; 2D
9,phenol,PEOE_VSA11,0.0,,RDKit,2026.03.6,2026-09-17,e99d97a3665c237f,RDKit Descriptors.descList; 2D
9,phenol,PEOE_VSA12,0.0,,RDKit,2026.03.6,2026-09-17,e99d97a3665c237f,RDKit Descriptors.descList; 2D
9,phenol,PEOE_VSA13,0.0,,RDKit,2026.03.6,2026-09-17,e99d97a3665c237f,RDKit Descriptors.descList; 2D
9,phenol,PEOE_VSA14,0.0,,RDKit,2026.03.6,2026-09-17,e99d97a3665c237f,RDKit Descriptors.descList; 2D
9,phenol,PEOE_VSA2,0.0,,RDKit,2026.03.6,2026-09-17,e99d97a3665c237f,RDKit Descriptors.descList; 2D
9,phenol,PEOE_VSA3,0.0,,RDKit,2026.03.6,2026-09-17,e99d97a3665c237f,RDKit Descriptors.descList; 2D
9,phenol,PEOE_VSA4,0.0,,RDKit,2026.03.6,2026-09-17,e99d97a3665c237f,RDKit Descriptors.descList; 2D
9,phenol,PEOE_VSA5,0.0,,RDKit,2026.03.6,2026-09-17,e99d97a3665c237f,RDKit Descriptors.descList; 2D
9,phenol,PEOE_VSA6,18.19910120538483,,RDKit,2026.03.6,2026-09-17,e99d97a3665c237f,RDKit Descriptors.descList; 2D
9,phenol,PEOE_VSA7,12.13273413692322,,RDKit,2026.03.6,2026-09-17,e99d97a3665c237f,RDKit Descriptors.descList; 2D
9,phenol,PEOE_VSA8,0.0,,RDKit,2026.03.6,2026-09-17,e99d97a3665c237f,RDKit Descriptors.descList; 2D
9,phenol,PEOE_VSA9,0.0,,RDKit,2026.03.6,2026-09-17,e99d97a3665c237f,RDKit Descriptors.descList; 2D
9,phenol,SMR_VSA1,5.106527394840706,,RDKit,2026.03.6,2026-09-17,e99d97a3665c237f,RDKit Descriptors.descList; 2D
9,phenol,SMR_VSA10,0.0,,RDKit,2026.03.6,2026-09-17,e99d97a3665c237f,RDKit Descriptors.descList; 2D
9,phenol,SMR_VSA2,0.0,,RDKit,2026.03.6,2026-09-17,e99d97a3665c237f,RDKit Descriptors.descList; 2D
9,phenol,SMR_VSA3,0.0,,RDKit,2026.03.6,2026-09-17,e99d97a3665c237f,RDKit Descriptors.descList; 2D
9,phenol,SMR_VSA4,0.0,,RDKit,2026.03.6,2026-09-17,e99d97a3665c237f,RDKit Descriptors.descList; 2D
9,phenol,SMR_VSA5,0.0,,RDKit,2026.03.6,2026-09-17,e99d97a3665c237f,RDKit Descriptors.descList; 2D
9,phenol,SMR_VSA6,0.0,,RDKit,2026.03.6,2026-09-17,e99d97a3665c237f,RDKit Descriptors.descList; 2D
9,phenol,SMR_VSA7,30.33183534230805,,RDKit,2026.03.6,2026-09-17,e99d97a3665c237f,RDKit Descriptors.descList; 2D
9,phenol,SMR_VSA8,0.0,,RDKit,2026.03.6,2026-09-17,e99d97a3665c237f,RDKit Descriptors.descList; 2D
9,phenol,SMR_VSA9,5.749511833283905,,RDKit,2026.03.6,2026-09-17,e99d97a3665c237f,RDKit Descriptors.descList; 2D
9,phenol,SlogP_VSA1,0.0,,RDKit,2026.03.6,2026-09-17,e99d97a3665c237f,RDKit Descriptors.descList; 2D
9,phenol,SlogP_VSA10,0.0,,RDKit,2026.03.6,2026-09-17,e99d97a3665c237f,RDKit Descriptors.descList; 2D
9,phenol,SlogP_VSA11,5.749511833283905,,RDKit,2026.03.6,2026-09-17,e99d97a3665c237f,RDKit Descriptors.descList; 2D
9,phenol,SlogP_VSA12,0.0,,RDKit,2026.03.6,2026-09-17,e99d97a3665c237f,RDKit Descriptors.descList; 2D
9,phenol,SlogP_VSA2,5.106527394840706,,RDKit,2026.03.6,2026-09-17,e99d97a3665c237f,RDKit Descriptors.descList; 2D
9,phenol,SlogP_VSA3,0.0,,RDKit,2026.03.6,2026-09-17,e99d97a3665c237f,RDKit Descriptors.descList; 2D
9,phenol,SlogP_VSA4,0.0,,RDKit,2026.03.6,2026-09-17,e99d97a3665c237f,RDKit Descriptors.descList; 2D
9,phenol,SlogP_VSA5,0.0,,RDKit,2026.03.6,2026-09-17,e99d97a3665c237f,RDKit Descriptors.descList; 2D
9,phenol,SlogP_VSA6,30.33183534230805,,RDKit,2026.03.6,2026-09-17,e99d97a3665c237f,RDKit Descriptors.descList; 2D
9,phenol,SlogP_VSA7,0.0,,RDKit,2026.03.6,2026-09-17,e99d97a3665c237f,RDKit Descriptors.descList; 2D
9,phenol,SlogP_VSA8,0.0,,RDKit,2026.03.6,2026-09-17,e99d97a3665c237f,RDKit Descriptors.descList; 2D
9,phenol,SlogP_VSA9,0.0,,RDKit,2026.03.6,2026-09-17,e99d97a3665c237f,RDKit Descriptors.descList; 2D
9,phenol,TPSA,20.23,,RDKit,2026.03.6,2026-09-17,e99d97a3665c237f,RDKit Descriptors.descList; 2D
9,phenol,EState_VSA1,0.0,,RDKit,2026.03.6,2026-09-17,e99d97a3665c237f,RDKit Descriptors.descList; 2D
9,phenol,EState_VSA10,0.0,,RDKit,2026.03.6,2026-09-17,e99d97a3665c237f,RDKit Descriptors.descList; 2D
9,phenol,EState_VSA11,0.0,,RDKit,2026.03.6,2026-09-17,e99d97a3665c237f,RDKit Descriptors.descList; 2D
9,phenol,EState_VSA2,0.0,,RDKit,2026.03.6,2026-09-17,e99d97a3665c237f,RDKit Descriptors.descList; 2D
9,phenol,EState_VSA3,5.749511833283905,,RDKit,2026.03.6,2026-09-17,e99d97a3665c237f,RDKit Descriptors.descList; 2D
9,phenol,EState_VSA4,0.0,,RDKit,2026.03.6,2026-09-17,e99d97a3665c237f,RDKit Descriptors.descList; 2D
9,phenol,EState_VSA5,0.0,,RDKit,2026.03.6,2026-09-17,e99d97a3665c237f,RDKit Descriptors.descList; 2D
9,phenol,EState_VSA6,24.26546827384644,,RDKit,2026.03.6,2026-09-17,e99d97a3665c237f,RDKit Descriptors.descList; 2D
9,phenol,EState_VSA7,6.06636706846161,,RDKit,2026.03.6,2026-09-17,e99d97a3665c237f,RDKit Descriptors.descList; 2D
9,phenol,EState_VSA8,0.0,,RDKit,2026.03.6,2026-09-17,e99d97a3665c237f,RDKit Descriptors.descList; 2D
9,phenol,EState_VSA9,5.106527394840706,,RDKit,2026.03.6,2026-09-17,e99d97a3665c237f,RDKit Descriptors.descList; 2D
9,phenol,VSA_EState1,0.0,,RDKit,2026.03.6,2026-09-17,e99d97a3665c237f,RDKit Descriptors.descList; 2D
9,phenol,VSA_EState10,0.0,,RDKit,2026.03.6,2026-09-17,e99d97a3665c237f,RDKit Descriptors.descList; 2D
9,phenol,VSA_EState2,0.0,,RDKit,2026.03.6,2026-09-17,e99d97a3665c237f,RDKit Descriptors.descList; 2D
9,phenol,VSA_EState3,8.632222222222222,,RDKit,2026.03.6,2026-09-17,e99d97a3665c237f,RDKit Descriptors.descList; 2D
9,phenol,VSA_EState4,0.0,,RDKit,2026.03.6,2026-09-17,e99d97a3665c237f,RDKit Descriptors.descList; 2D
9,phenol,VSA_EState5,0.3217592592592595,,RDKit,2026.03.6,2026-09-17,e99d97a3665c237f,RDKit Descriptors.descList; 2D
9,phenol,VSA_EState6,8.712685185185185,,RDKit,2026.03.6,2026-09-17,e99d97a3665c237f,RDKit Descriptors.descList; 2D
9,phenol,VSA_EState7,0.0,,RDKit,2026.03.6,2026-09-17,e99d97a3665c237f,RDKit Descriptors.descList; 2D
9,phenol,VSA_EState8,0.0,,RDKit,2026.03.6,2026-09-17,e99d97a3665c237f,RDKit Descriptors.descList; 2D
9,phenol,VSA_EState9,0.0,,RDKit,2026.03.6,2026-09-17,e99d97a3665c237f,RDKit Descriptors.descList; 2D
9,phenol,FractionCSP3,0.0,,RDKit,2026.03.6,2026-09-17,e99d97a3665c237f,RDKit Descriptors.descList; 2D
9,phenol,HeavyAtomCount,7.0,,RDKit,2026.03.6,2026-09-17,e99d97a3665c237f,RDKit Descriptors.descList; 2D
9,phenol,NHOHCount,1.0,,RDKit,2026.03.6,2026-09-17,e99d97a3665c237f,RDKit Descriptors.descList; 2D
9,phenol,NOCount,1.0,,RDKit,2026.03.6,2026-09-17,e99d97a3665c237f,RDKit Descriptors.descList; 2D
9,phenol,NumAliphaticCarbocycles,0.0,,RDKit,2026.03.6,2026-09-17,e99d97a3665c237f,RDKit Descriptors.descList; 2D
9,phenol,NumAliphaticHeterocycles,0.0,,RDKit,2026.03.6,2026-09-17,e99d97a3665c237f,RDKit Descriptors.descList; 2D
9,phenol,NumAliphaticRings,0.0,,RDKit,2026.03.6,2026-09-17,e99d97a3665c237f,RDKit Descriptors.descList; 2D
9,phenol,NumAmideBonds,0.0,,RDKit,2026.03.6,2026-09-17,e99d97a3665c237f,RDKit Descriptors.descList; 2D
9,phenol,NumAromaticCarbocycles,1.0,,RDKit,2026.03.6,2026-09-17,e99d97a3665c237f,RDKit Descriptors.descList; 2D
9,phenol,NumAromaticHeterocycles,0.0,,RDKit,2026.03.6,2026-09-17,e99d97a3665c237f,RDKit Descriptors.descList; 2D
9,phenol,NumAromaticRings,1.0,,RDKit,2026.03.6,2026-09-17,e99d97a3665c237f,RDKit Descriptors.descList; 2D
9,phenol,NumAtomStereoCenters,0.0,,RDKit,2026.03.6,2026-09-17,e99d97a3665c237f,RDKit Descriptors.descList; 2D
9,phenol,NumBridgeheadAtoms,0.0,,RDKit,2026.03.6,2026-09-17,e99d97a3665c237f,RDKit Descriptors.descList; 2D
9,phenol,NumHAcceptors,1.0,,RDKit,2026.03.6,2026-09-17,e99d97a3665c237f,RDKit Descriptors.descList; 2D
9,phenol,NumHDonors,1.0,,RDKit,2026.03.6,2026-09-17,e99d97a3665c237f,RDKit Descriptors.descList; 2D
9,phenol,NumHeteroatoms,1.0,,RDKit,2026.03.6,2026-09-17,e99d97a3665c237f,RDKit Descriptors.descList; 2D
9,phenol,NumHeterocycles,0.0,,RDKit,2026.03.6,2026-09-17,e99d97a3665c237f,RDKit Descriptors.descList; 2D
9,phenol,NumRotatableBonds,0.0,,RDKit,2026.03.6,2026-09-17,e99d97a3665c237f,RDKit Descriptors.descList; 2D
9,phenol,NumSaturatedCarbocycles,0.0,,RDKit,2026.03.6,2026-09-17,e99d97a3665c237f,RDKit Descriptors.descList; 2D
9,phenol,NumSaturatedHeterocycles,0.0,,RDKit,2026.03.6,2026-09-17,e99d97a3665c237f,RDKit Descriptors.descList; 2D
9,phenol,NumSaturatedRings,0.0,,RDKit,2026.03.6,2026-09-17,e99d97a3665c237f,RDKit Descriptors.descList; 2D
9,phenol,NumSpiroAtoms,0.0,,RDKit,2026.03.6,2026-09-17,e99d97a3665c237f,RDKit Descriptors.descList; 2D
9,phenol,NumUnspecifiedAtomStereoCenters,0.0,,RDKit,2026.03.6,2026-09-17,e99d97a3665c237f,RDKit Descriptors.descList; 2D
9,phenol,Phi,0.9844519012854642,,RDKit,2026.03.6,2026-09-17,e99d97a3665c237f,RDKit Descriptors.descList; 2D
9,phenol,RingCount,1.0,,RDKit,2026.03.6,2026-09-17,e99d97a3665c237f,RDKit Descriptors.descList; 2D
9,phenol,MolLogP,1.3921999999999997,,RDKit,2026.03.6,2026-09-17,e99d97a3665c237f,RDKit Descriptors.descList; 2D
9,phenol,MolMR,28.106799999999993,,RDKit,2026.03.6,2026-09-17,e99d97a3665c237f,RDKit Descriptors.descList; 2D
9,phenol,fr_Al_COO,0.0,,RDKit,2026.03.6,2026-09-17,e99d97a3665c237f,RDKit Descriptors.descList; 2D
9,phenol,fr_Al_OH,0.0,,RDKit,2026.03.6,2026-09-17,e99d97a3665c237f,RDKit Descriptors.descList; 2D
9,phenol,fr_Al_OH_noTert,0.0,,RDKit,2026.03.6,2026-09-17,e99d97a3665c237f,RDKit Descriptors.descList; 2D
9,phenol,fr_ArN,0.0,,RDKit,2026.03.6,2026-09-17,e99d97a3665c237f,RDKit Descriptors.descList; 2D
9,phenol,fr_Ar_COO,0.0,,RDKit,2026.03.6,2026-09-17,e99d97a3665c237f,RDKit Descriptors.descList; 2D
9,phenol,fr_Ar_N,0.0,,RDKit,2026.03.6,2026-09-17,e99d97a3665c237f,RDKit Descriptors.descList; 2D
9,phenol,fr_Ar_NH,0.0,,RDKit,2026.03.6,2026-09-17,e99d97a3665c237f,RDKit Descriptors.descList; 2D
9,phenol,fr_Ar_OH,1.0,,RDKit,2026.03.6,2026-09-17,e99d97a3665c237f,RDKit Descriptors.descList; 2D
9,phenol,fr_COO,0.0,,RDKit,2026.03.6,2026-09-17,e99d97a3665c237f,RDKit Descriptors.descList; 2D
9,phenol,fr_COO2,0.0,,RDKit,2026.03.6,2026-09-17,e99d97a3665c237f,RDKit Descriptors.descList; 2D
9,phenol,fr_C_O,0.0,,RDKit,2026.03.6,2026-09-17,e99d97a3665c237f,RDKit Descriptors.descList; 2D
9,phenol,fr_C_O_noCOO,0.0,,RDKit,2026.03.6,2026-09-17,e99d97a3665c237f,RDKit Descriptors.descList; 2D
9,phenol,fr_C_S,0.0,,RDKit,2026.03.6,2026-09-17,e99d97a3665c237f,RDKit Descriptors.descList; 2D
9,phenol,fr_HOCCN,0.0,,RDKit,2026.03.6,2026-09-17,e99d97a3665c237f,RDKit Descriptors.descList; 2D
9,phenol,fr_Imine,0.0,,RDKit,2026.03.6,2026-09-17,e99d97a3665c237f,RDKit Descriptors.descList; 2D
9,phenol,fr_NH0,0.0,,RDKit,2026.03.6,2026-09-17,e99d97a3665c237f,RDKit Descriptors.descList; 2D
9,phenol,fr_NH1,0.0,,RDKit,2026.03.6,2026-09-17,e99d97a3665c237f,RDKit Descriptors.descList; 2D
9,phenol,fr_NH2,0.0,,RDKit,2026.03.6,2026-09-17,e99d97a3665c237f,RDKit Descriptors.descList; 2D
9,phenol,fr_N_O,0.0,,RDKit,2026.03.6,2026-09-17,e99d97a3665c237f,RDKit Descriptors.descList; 2D
9,phenol,fr_Ndealkylation1,0.0,,RDKit,2026.03.6,2026-09-17,e99d97a3665c237f,RDKit Descriptors.descList; 2D
9,phenol,fr_Ndealkylation2,0.0,,RDKit,2026.03.6,2026-09-17,e99d97a3665c237f,RDKit Descriptors.descList; 2D
9,phenol,fr_Nhpyrrole,0.0,,RDKit,2026.03.6,2026-09-17,e99d97a3665c237f,RDKit Descriptors.descList; 2D
9,phenol,fr_SH,0.0,,RDKit,2026.03.6,2026-09-17,e99d97a3665c237f,RDKit Descriptors.descList; 2D
9,phenol,fr_aldehyde,0.0,,RDKit,2026.03.6,2026-09-17,e99d97a3665c237f,RDKit Descriptors.descList; 2D
9,phenol,fr_alkyl_carbamate,0.0,,RDKit,2026.03.6,2026-09-17,e99d97a3665c237f,RDKit Descriptors.descList; 2D
9,phenol,fr_alkyl_halide,0.0,,RDKit,2026.03.6,2026-09-17,e99d97a3665c237f,RDKit Descriptors.descList; 2D
9,phenol,fr_allylic_oxid,0.0,,RDKit,2026.03.6,2026-09-17,e99d97a3665c237f,RDKit Descriptors.descList; 2D
9,phenol,fr_amide,0.0,,RDKit,2026.03.6,2026-09-17,e99d97a3665c237f,RDKit Descriptors.descList; 2D
9,phenol,fr_amidine,0.0,,RDKit,2026.03.6,2026-09-17,e99d97a3665c237f,RDKit Descriptors.descList; 2D
9,phenol,fr_aniline,0.0,,RDKit,2026.03.6,2026-09-17,e99d97a3665c237f,RDKit Descriptors.descList; 2D
9,phenol,fr_aryl_methyl,0.0,,RDKit,2026.03.6,2026-09-17,e99d97a3665c237f,RDKit Descriptors.descList; 2D
9,phenol,fr_azide,0.0,,RDKit,2026.03.6,2026-09-17,e99d97a3665c237f,RDKit Descriptors.descList; 2D
9,phenol,fr_azo,0.0,,RDKit,2026.03.6,2026-09-17,e99d97a3665c237f,RDKit Descriptors.descList; 2D
9,phenol,fr_barbitur,0.0,,RDKit,2026.03.6,2026-09-17,e99d97a3665c237f,RDKit Descriptors.descList; 2D
9,phenol,fr_benzene,1.0,,RDKit,2026.03.6,2026-09-17,e99d97a3665c237f,RDKit Descriptors.descList; 2D
9,phenol,fr_benzodiazepine,0.0,,RDKit,2026.03.6,2026-09-17,e99d97a3665c237f,RDKit Descriptors.descList; 2D
9,phenol,fr_bicyclic,0.0,,RDKit,2026.03.6,2026-09-17,e99d97a3665c237f,RDKit Descriptors.descList; 2D
9,phenol,fr_diazo,0.0,,RDKit,2026.03.6,2026-09-17,e99d97a3665c237f,RDKit Descriptors.descList; 2D
9,phenol,fr_dihydropyridine,0.0,,RDKit,2026.03.6,2026-09-17,e99d97a3665c237f,RDKit Descriptors.descList; 2D
9,phenol,fr_epoxide,0.0,,RDKit,2026.03.6,2026-09-17,e99d97a3665c237f,RDKit Descriptors.descList; 2D
9,phenol,fr_ester,0.0,,RDKit,2026.03.6,2026-09-17,e99d97a3665c237f,RDKit Descriptors.descList; 2D
9,phenol,fr_ether,0.0,,RDKit,2026.03.6,2026-09-17,e99d97a3665c237f,RDKit Descriptors.descList; 2D
9,phenol,fr_furan,0.0,,RDKit,2026.03.6,2026-09-17,e99d97a3665c237f,RDKit Descriptors.descList; 2D
9,phenol,fr_guanido,0.0,,RDKit,2026.03.6,2026-09-17,e99d97a3665c237f,RDKit Descriptors.descList; 2D
9,phenol,fr_halogen,0.0,,RDKit,2026.03.6,2026-09-17,e99d97a3665c237f,RDKit Descriptors.descList; 2D
9,phenol,fr_hdrzine,0.0,,RDKit,2026.03.6,2026-09-17,e99d97a3665c237f,RDKit Descriptors.descList; 2D
9,phenol,fr_hdrzone,0.0,,RDKit,2026.03.6,2026-09-17,e99d97a3665c237f,RDKit Descriptors.descList; 2D
9,phenol,fr_imidazole,0.0,,RDKit,2026.03.6,2026-09-17,e99d97a3665c237f,RDKit Descriptors.descList; 2D
9,phenol,fr_imide,0.0,,RDKit,2026.03.6,2026-09-17,e99d97a3665c237f,RDKit Descriptors.descList; 2D
9,phenol,fr_isocyan,0.0,,RDKit,2026.03.6,2026-09-17,e99d97a3665c237f,RDKit Descriptors.descList; 2D
9,phenol,fr_isothiocyan,0.0,,RDKit,2026.03.6,2026-09-17,e99d97a3665c237f,RDKit Descriptors.descList; 2D
9,phenol,fr_ketone,0.0,,RDKit,2026.03.6,2026-09-17,e99d97a3665c237f,RDKit Descriptors.descList; 2D
9,phenol,fr_ketone_Topliss,0.0,,RDKit,2026.03.6,2026-09-17,e99d97a3665c237f,RDKit Descriptors.descList; 2D
9,phenol,fr_lactam,0.0,,RDKit,2026.03.6,2026-09-17,e99d97a3665c237f,RDKit Descriptors.descList; 2D
9,phenol,fr_lactone,0.0,,RDKit,2026.03.6,2026-09-17,e99d97a3665c237f,RDKit Descriptors.descList; 2D
9,phenol,fr_methoxy,0.0,,RDKit,2026.03.6,2026-09-17,e99d97a3665c237f,RDKit Descriptors.descList; 2D
9,phenol,fr_morpholine,0.0,,RDKit,2026.03.6,2026-09-17,e99d97a3665c237f,RDKit Descriptors.descList; 2D
9,phenol,fr_nitrile,0.0,,RDKit,2026.03.6,2026-09-17,e99d97a3665c237f,RDKit Descriptors.descList; 2D
9,phenol,fr_nitro,0.0,,RDKit,2026.03.6,2026-09-17,e99d97a3665c237f,RDKit Descriptors.descList; 2D
9,phenol,fr_nitro_arom,0.0,,RDKit,2026.03.6,2026-09-17,e99d97a3665c237f,RDKit Descriptors.descList; 2D
9,phenol,fr_nitro_arom_nonortho,0.0,,RDKit,2026.03.6,2026-09-17,e99d97a3665c237f,RDKit Descriptors.descList; 2D
9,phenol,fr_nitroso,0.0,,RDKit,2026.03.6,2026-09-17,e99d97a3665c237f,RDKit Descriptors.descList; 2D
9,phenol,fr_oxazole,0.0,,RDKit,2026.03.6,2026-09-17,e99d97a3665c237f,RDKit Descriptors.descList; 2D
9,phenol,fr_oxime,0.0,,RDKit,2026.03.6,2026-09-17,e99d97a3665c237f,RDKit Descriptors.descList; 2D
9,phenol,fr_para_hydroxylation,1.0,,RDKit,2026.03.6,2026-09-17,e99d97a3665c237f,RDKit Descriptors.descList; 2D
9,phenol,fr_phenol,1.0,,RDKit,2026.03.6,2026-09-17,e99d97a3665c237f,RDKit Descriptors.descList; 2D
9,phenol,fr_phenol_noOrthoHbond,1.0,,RDKit,2026.03.6,2026-09-17,e99d97a3665c237f,RDKit Descriptors.descList; 2D
9,phenol,fr_phos_acid,0.0,,RDKit,2026.03.6,2026-09-17,e99d97a3665c237f,RDKit Descriptors.descList; 2D
9,phenol,fr_phos_ester,0.0,,RDKit,2026.03.6,2026-09-17,e99d97a3665c237f,RDKit Descriptors.descList; 2D
9,phenol,fr_piperdine,0.0,,RDKit,2026.03.6,2026-09-17,e99d97a3665c237f,RDKit Descriptors.descList; 2D
9,phenol,fr_piperzine,0.0,,RDKit,2026.03.6,2026-09-17,e99d97a3665c237f,RDKit Descriptors.descList; 2D
9,phenol,fr_priamide,0.0,,RDKit,2026.03.6,2026-09-17,e99d97a3665c237f,RDKit Descriptors.descList; 2D
9,phenol,fr_prisulfonamd,0.0,,RDKit,2026.03.6,2026-09-17,e99d97a3665c237f,RDKit Descriptors.descList; 2D
9,phenol,fr_pyridine,0.0,,RDKit,2026.03.6,2026-09-17,e99d97a3665c237f,RDKit Descriptors.descList; 2D
9,phenol,fr_quatN,0.0,,RDKit,2026.03.6,2026-09-17,e99d97a3665c237f,RDKit Descriptors.descList; 2D
9,phenol,fr_sulfide,0.0,,RDKit,2026.03.6,2026-09-17,e99d97a3665c237f,RDKit Descriptors.descList; 2D
9,phenol,fr_sulfonamd,0.0,,RDKit,2026.03.6,2026-09-17,e99d97a3665c237f,RDKit Descriptors.descList; 2D
9,phenol,fr_sulfone,0.0,,RDKit,2026.03.6,2026-09-17,e99d97a3665c237f,RDKit Descriptors.descList; 2D
9,phenol,fr_term_acetylene,0.0,,RDKit,2026.03.6,2026-09-17,e99d97a3665c237f,RDKit Descriptors.descList; 2D
9,phenol,fr_tetrazole,0.0,,RDKit,2026.03.6,2026-09-17,e99d97a3665c237f,RDKit Descriptors.descList; 2D
9,phenol,fr_thiazole,0.0,,RDKit,2026.03.6,2026-09-17,e99d97a3665c237f,RDKit Descriptors.descList; 2D
9,phenol,fr_thiocyan,0.0,,RDKit,2026.03.6,2026-09-17,e99d97a3665c237f,RDKit Descriptors.descList; 2D
9,phenol,fr_thiophene,0.0,,RDKit,2026.03.6,2026-09-17,e99d97a3665c237f,RDKit Descriptors.descList; 2D
9,phenol,fr_unbrch_alkane,0.0,,RDKit,2026.03.6,2026-09-17,e99d97a3665c237f,RDKit Descriptors.descList; 2D
9,phenol,fr_urea,0.0,,RDKit,2026.03.6,2026-09-17,e99d97a3665c237f,RDKit Descriptors.descList; 2D
10,guaiacol,MaxAbsEStateIndex,8.98550925925926,,RDKit,2026.03.6,2026-09-17,e99d97a3665c237f,RDKit Descriptors.descList; 2D
10,guaiacol,MaxEStateIndex,8.98550925925926,,RDKit,2026.03.6,2026-09-17,e99d97a3665c237f,RDKit Descriptors.descList; 2D
10,guaiacol,MinAbsEStateIndex,0.1805555555555558,,RDKit,2026.03.6,2026-09-17,e99d97a3665c237f,RDKit Descriptors.descList; 2D
10,guaiacol,MinEStateIndex,0.1805555555555558,,RDKit,2026.03.6,2026-09-17,e99d97a3665c237f,RDKit Descriptors.descList; 2D
10,guaiacol,qed,0.6127725486570802,,RDKit,2026.03.6,2026-09-17,e99d97a3665c237f,RDKit Descriptors.descList; 2D
10,guaiacol,SPS,9.0,,RDKit,2026.03.6,2026-09-17,e99d97a3665c237f,RDKit Descriptors.descList; 2D
10,guaiacol,MolWt,124.13899999999997,,RDKit,2026.03.6,2026-09-17,e99d97a3665c237f,RDKit Descriptors.descList; 2D
10,guaiacol,HeavyAtomMolWt,116.07499999999997,,RDKit,2026.03.6,2026-09-17,e99d97a3665c237f,RDKit Descriptors.descList; 2D
10,guaiacol,ExactMolWt,124.052429496,,RDKit,2026.03.6,2026-09-17,e99d97a3665c237f,RDKit Descriptors.descList; 2D
10,guaiacol,NumValenceElectrons,48.0,,RDKit,2026.03.6,2026-09-17,e99d97a3665c237f,RDKit Descriptors.descList; 2D
10,guaiacol,NumRadicalElectrons,0.0,,RDKit,2026.03.6,2026-09-17,e99d97a3665c237f,RDKit Descriptors.descList; 2D
10,guaiacol,MaxPartialCharge,0.159973721120165,,RDKit,2026.03.6,2026-09-17,e99d97a3665c237f,RDKit Descriptors.descList; 2D
10,guaiacol,MinPartialCharge,-0.5042548357902157,,RDKit,2026.03.6,2026-09-17,e99d97a3665c237f,RDKit Descriptors.descList; 2D
10,guaiacol,MaxAbsPartialCharge,0.5042548357902157,,RDKit,2026.03.6,2026-09-17,e99d97a3665c237f,RDKit Descriptors.descList; 2D
10,guaiacol,MinAbsPartialCharge,0.159973721120165,,RDKit,2026.03.6,2026-09-17,e99d97a3665c237f,RDKit Descriptors.descList; 2D
10,guaiacol,FpDensityMorgan1,1.3333333333333333,,RDKit,2026.03.6,2026-09-17,e99d97a3665c237f,RDKit Descriptors.descList; 2D
10,guaiacol,FpDensityMorgan2,2.0,,RDKit,2026.03.6,2026-09-17,e99d97a3665c237f,RDKit Descriptors.descList; 2D
10,guaiacol,FpDensityMorgan3,2.4444444444444446,,RDKit,2026.03.6,2026-09-17,e99d97a3665c237f,RDKit Descriptors.descList; 2D
10,guaiacol,BCUT2D_MWHI,16.473959000435126,,RDKit,2026.03.6,2026-09-17,e99d97a3665c237f,RDKit Descriptors.descList; 2D
10,guaiacol,BCUT2D_MWLOW,10.308952917667566,,RDKit,2026.03.6,2026-09-17,e99d97a3665c237f,RDKit Descriptors.descList; 2D
10,guaiacol,BCUT2D_CHGHI,1.9357138577099908,,RDKit,2026.03.6,2026-09-17,e99d97a3665c237f,RDKit Descriptors.descList; 2D
10,guaiacol,BCUT2D_CHGLO,-1.9872980717789168,,RDKit,2026.03.6,2026-09-17,e99d97a3665c237f,RDKit Descriptors.descList; 2D
10,guaiacol,BCUT2D_LOGPHI,2.224673531587158,,RDKit,2026.03.6,2026-09-17,e99d97a3665c237f,RDKit Descriptors.descList; 2D
10,guaiacol,BCUT2D_LOGPLOW,-1.8031102621429882,,RDKit,2026.03.6,2026-09-17,e99d97a3665c237f,RDKit Descriptors.descList; 2D
10,guaiacol,BCUT2D_MRHI,5.370720836721778,,RDKit,2026.03.6,2026-09-17,e99d97a3665c237f,RDKit Descriptors.descList; 2D
10,guaiacol,BCUT2D_MRLOW,0.3732712808331073,,RDKit,2026.03.6,2026-09-17,e99d97a3665c237f,RDKit Descriptors.descList; 2D
10,guaiacol,AvgIpc,1.8934931172271934,,RDKit,2026.03.6,2026-09-17,e99d97a3665c237f,RDKit Descriptors.descList; 2D
10,guaiacol,BalabanJ,3.0065240073265844,,RDKit,2026.03.6,2026-09-17,e99d97a3665c237f,RDKit Descriptors.descList; 2D
10,guaiacol,BertzCT,195.86256853719752,,RDKit,2026.03.6,2026-09-17,e99d97a3665c237f,RDKit Descriptors.descList; 2D
10,guaiacol,Chi0,6.69023444431199,,RDKit,2026.03.6,2026-09-17,e99d97a3665c237f,RDKit Descriptors.descList; 2D
10,guaiacol,Chi0n,5.164862962722324,,RDKit,2026.03.6,2026-09-17,e99d97a3665c237f,RDKit Descriptors.descList; 2D
10,guaiacol,Chi0v,5.164862962722324,,RDKit,2026.03.6,2026-09-17,e99d97a3665c237f,RDKit Descriptors.descList; 2D
10,guaiacol,Chi1,4.342535255101096,,RDKit,2026.03.6,2026-09-17,e99d97a3665c237f,RDKit Descriptors.descList; 2D
10,guaiacol,Chi1n,2.6633295026354,,RDKit,2026.03.6,2026-09-17,e99d97a3665c237f,RDKit Descriptors.descList; 2D
10,guaiacol,Chi1v,2.6633295026354,,RDKit,2026.03.6,2026-09-17,e99d97a3665c237f,RDKit Descriptors.descList; 2D
10,guaiacol,Chi2n,1.6718488391821222,,RDKit,2026.03.6,2026-09-17,e99d97a3665c237f,RDKit Descriptors.descList; 2D
10,guaiacol,Chi2v,1.6718488391821222,,RDKit,2026.03.6,2026-09-17,e99d97a3665c237f,RDKit Descriptors.descList; 2D
10,guaiacol,Chi3n,1.0851702186431136,,RDKit,2026.03.6,2026-09-17,e99d97a3665c237f,RDKit Descriptors.descList; 2D
10,guaiacol,Chi3v,1.0851702186431136,,RDKit,2026.03.6,2026-09-17,e99d97a3665c237f,RDKit Descriptors.descList; 2D
10,guaiacol,Chi4n,0.6297770429967046,,RDKit,2026.03.6,2026-09-17,e99d97a3665c237f,RDKit Descriptors.descList; 2D
10,guaiacol,Chi4v,0.6297770429967046,,RDKit,2026.03.6,2026-09-17,e99d97a3665c237f,RDKit Descriptors.descList; 2D
10,guaiacol,HallKierAlpha,-1.1800000000000002,,RDKit,2026.03.6,2026-09-17,e99d97a3665c237f,RDKit Descriptors.descList; 2D
10,guaiacol,Ipc,130.65102508867633,,RDKit,2026.03.6,2026-09-17,e99d97a3665c237f,RDKit Descriptors.descList; 2D
10,guaiacol,Kappa1,5.947877237851663,,RDKit,2026.03.6,2026-09-17,e99d97a3665c237f,RDKit Descriptors.descList; 2D
10,guaiacol,Kappa2,2.3955617406597787,,RDKit,2026.03.6,2026-09-17,e99d97a3665c237f,RDKit Descriptors.descList; 2D
10,guaiacol,Kappa3,1.1340794947334671,,RDKit,2026.03.6,2026-09-17,e99d97a3665c237f,RDKit Descriptors.descList; 2D
10,guaiacol,LabuteASA,53.704124215596465,,RDKit,2026.03.6,2026-09-17,e99d97a3665c237f,RDKit Descriptors.descList; 2D
10,guaiacol,PEOE_VSA1,9.843390348640755,,RDKit,2026.03.6,2026-09-17,e99d97a3665c237f,RDKit Descriptors.descList; 2D
10,guaiacol,PEOE_VSA10,0.0,,RDKit,2026.03.6,2026-09-17,e99d97a3665c237f,RDKit Descriptors.descList; 2D
10,guaiacol,PEOE_VSA11,11.49902366656781,,RDKit,2026.03.6,2026-09-17,e99d97a3665c237f,RDKit Descriptors.descList; 2D
10,guaiacol,PEOE_VSA12,0.0,,RDKit,2026.03.6,2026-09-17,e99d97a3665c237f,RDKit Descriptors.descList; 2D
10,guaiacol,PEOE_VSA13,0.0,,RDKit,2026.03.6,2026-09-17,e99d97a3665c237f,RDKit Descriptors.descList; 2D
10,guaiacol,PEOE_VSA14,0.0,,RDKit,2026.03.6,2026-09-17,e99d97a3665c237f,RDKit Descriptors.descList; 2D
10,guaiacol,PEOE_VSA2,0.0,,RDKit,2026.03.6,2026-09-17,e99d97a3665c237f,RDKit Descriptors.descList; 2D
10,guaiacol,PEOE_VSA3,0.0,,RDKit,2026.03.6,2026-09-17,e99d97a3665c237f,RDKit Descriptors.descList; 2D
10,guaiacol,PEOE_VSA4,0.0,,RDKit,2026.03.6,2026-09-17,e99d97a3665c237f,RDKit Descriptors.descList; 2D
10,guaiacol,PEOE_VSA5,0.0,,RDKit,2026.03.6,2026-09-17,e99d97a3665c237f,RDKit Descriptors.descList; 2D
10,guaiacol,PEOE_VSA6,12.13273413692322,,RDKit,2026.03.6,2026-09-17,e99d97a3665c237f,RDKit Descriptors.descList; 2D
10,guaiacol,PEOE_VSA7,12.13273413692322,,RDKit,2026.03.6,2026-09-17,e99d97a3665c237f,RDKit Descriptors.descList; 2D
10,guaiacol,PEOE_VSA8,0.0,,RDKit,2026.03.6,2026-09-17,e99d97a3665c237f,RDKit Descriptors.descList; 2D
10,guaiacol,PEOE_VSA9,7.109797541277533,,RDKit,2026.03.6,2026-09-17,e99d97a3665c237f,RDKit Descriptors.descList; 2D
10,guaiacol,SMR_VSA1,9.843390348640755,,RDKit,2026.03.6,2026-09-17,e99d97a3665c237f,RDKit Descriptors.descList; 2D
10,guaiacol,SMR_VSA10,0.0,,RDKit,2026.03.6,2026-09-17,e99d97a3665c237f,RDKit Descriptors.descList; 2D
10,guaiacol,SMR_VSA2,0.0,,RDKit,2026.03.6,2026-09-17,e99d97a3665c237f,RDKit Descriptors.descList; 2D
10,guaiacol,SMR_VSA3,0.0,,RDKit,2026.03.6,2026-09-17,e99d97a3665c237f,RDKit Descriptors.descList; 2D
10,guaiacol,SMR_VSA4,0.0,,RDKit,2026.03.6,2026-09-17,e99d97a3665c237f,RDKit Descriptors.descList; 2D
10,guaiacol,SMR_VSA5,0.0,,RDKit,2026.03.6,2026-09-17,e99d97a3665c237f,RDKit Descriptors.descList; 2D
10,guaiacol,SMR_VSA6,7.109797541277533,,RDKit,2026.03.6,2026-09-17,e99d97a3665c237f,RDKit Descriptors.descList; 2D
10,guaiacol,SMR_VSA7,24.26546827384644,,RDKit,2026.03.6,2026-09-17,e99d97a3665c237f,RDKit Descriptors.descList; 2D
10,guaiacol,SMR_VSA8,0.0,,RDKit,2026.03.6,2026-09-17,e99d97a3665c237f,RDKit Descriptors.descList; 2D
10,guaiacol,SMR_VSA9,11.49902366656781,,RDKit,2026.03.6,2026-09-17,e99d97a3665c237f,RDKit Descriptors.descList; 2D
10,guaiacol,SlogP_VSA1,4.736862953800049,,RDKit,2026.03.6,2026-09-17,e99d97a3665c237f,RDKit Descriptors.descList; 2D
10,guaiacol,SlogP_VSA10,0.0,,RDKit,2026.03.6,2026-09-17,e99d97a3665c237f,RDKit Descriptors.descList; 2D
10,guaiacol,SlogP_VSA11,11.49902366656781,,RDKit,2026.03.6,2026-09-17,e99d97a3665c237f,RDKit Descriptors.descList; 2D
10,guaiacol,SlogP_VSA12,0.0,,RDKit,2026.03.6,2026-09-17,e99d97a3665c237f,RDKit Descriptors.descList; 2D
10,guaiacol,SlogP_VSA2,12.216324936118239,,RDKit,2026.03.6,2026-09-17,e99d97a3665c237f,RDKit Descriptors.descList; 2D
10,guaiacol,SlogP_VSA3,0.0,,RDKit,2026.03.6,2026-09-17,e99d97a3665c237f,RDKit Descriptors.descList; 2D
10,guaiacol,SlogP_VSA4,0.0,,RDKit,2026.03.6,2026-09-17,e99d97a3665c237f,RDKit Descriptors.descList; 2D
10,guaiacol,SlogP_VSA5,0.0,,RDKit,2026.03.6,2026-09-17,e99d97a3665c237f,RDKit Descriptors.descList; 2D
10,guaiacol,SlogP_VSA6,24.26546827384644,,RDKit,2026.03.6,2026-09-17,e99d97a3665c237f,RDKit Descriptors.descList; 2D
10,guaiacol,SlogP_VSA7,0.0,,RDKit,2026.03.6,2026-09-17,e99d97a3665c237f,RDKit Descriptors.descList; 2D
10,guaiacol,SlogP_VSA8,0.0,,RDKit,2026.03.6,2026-09-17,e99d97a3665c237f,RDKit Descriptors.descList; 2D
10,guaiacol,SlogP_VSA9,0.0,,RDKit,2026.03.6,2026-09-17,e99d97a3665c237f,RDKit Descriptors.descList; 2D
10,guaiacol,TPSA,29.46,,RDKit,2026.03.6,2026-09-17,e99d97a3665c237f,RDKit Descriptors.descList; 2D
10,guaiacol,EState_VSA1,0.0,,RDKit,2026.03.6,2026-09-17,e99d97a3665c237f,RDKit Descriptors.descList; 2D
10,guaiacol,EState_VSA10,0.0,,RDKit,2026.03.6,2026-09-17,e99d97a3665c237f,RDKit Descriptors.descList; 2D
10,guaiacol,EState_VSA11,0.0,,RDKit,2026.03.6,2026-09-17,e99d97a3665c237f,RDKit Descriptors.descList; 2D
10,guaiacol,EState_VSA2,5.749511833283905,,RDKit,2026.03.6,2026-09-17,e99d97a3665c237f,RDKit Descriptors.descList; 2D
10,guaiacol,EState_VSA3,5.749511833283905,,RDKit,2026.03.6,2026-09-17,e99d97a3665c237f,RDKit Descriptors.descList; 2D
10,guaiacol,EState_VSA4,0.0,,RDKit,2026.03.6,2026-09-17,e99d97a3665c237f,RDKit Descriptors.descList; 2D
10,guaiacol,EState_VSA5,7.109797541277533,,RDKit,2026.03.6,2026-09-17,e99d97a3665c237f,RDKit Descriptors.descList; 2D
10,guaiacol,EState_VSA6,24.26546827384644,,RDKit,2026.03.6,2026-09-17,e99d97a3665c237f,RDKit Descriptors.descList; 2D
10,guaiacol,EState_VSA7,0.0,,RDKit,2026.03.6,2026-09-17,e99d97a3665c237f,RDKit Descriptors.descList; 2D
10,guaiacol,EState_VSA8,0.0,,RDKit,2026.03.6,2026-09-17,e99d97a3665c237f,RDKit Descriptors.descList; 2D
10,guaiacol,EState_VSA9,9.843390348640755,,RDKit,2026.03.6,2026-09-17,e99d97a3665c237f,RDKit Descriptors.descList; 2D
10,guaiacol,VSA_EState1,4.794953703703704,,RDKit,2026.03.6,2026-09-17,e99d97a3665c237f,RDKit Descriptors.descList; 2D
10,guaiacol,VSA_EState10,0.0,,RDKit,2026.03.6,2026-09-17,e99d97a3665c237f,RDKit Descriptors.descList; 2D
10,guaiacol,VSA_EState2,0.0,,RDKit,2026.03.6,2026-09-17,e99d97a3665c237f,RDKit Descriptors.descList; 2D
10,guaiacol,VSA_EState3,8.98550925925926,,RDKit,2026.03.6,2026-09-17,e99d97a3665c237f,RDKit Descriptors.descList; 2D
10,guaiacol,VSA_EState4,0.0,,RDKit,2026.03.6,2026-09-17,e99d97a3665c237f,RDKit Descriptors.descList; 2D
10,guaiacol,VSA_EState5,0.69212962962963,,RDKit,2026.03.6,2026-09-17,e99d97a3665c237f,RDKit Descriptors.descList; 2D
10,guaiacol,VSA_EState6,6.837870370370371,,RDKit,2026.03.6,2026-09-17,e99d97a3665c237f,RDKit Descriptors.descList; 2D
10,guaiacol,VSA_EState7,0.0,,RDKit,2026.03.6,2026-09-17,e99d97a3665c237f,RDKit Descriptors.descList; 2D
10,guaiacol,VSA_EState8,0.0,,RDKit,2026.03.6,2026-09-17,e99d97a3665c237f,RDKit Descriptors.descList; 2D
10,guaiacol,VSA_EState9,1.5228703703703703,,RDKit,2026.03.6,2026-09-17,e99d97a3665c237f,RDKit Descriptors.descList; 2D
10,guaiacol,FractionCSP3,0.14285714285714285,,RDKit,2026.03.6,2026-09-17,e99d97a3665c237f,RDKit Descriptors.descList; 2D
10,guaiacol,HeavyAtomCount,9.0,,RDKit,2026.03.6,2026-09-17,e99d97a3665c237f,RDKit Descriptors.descList; 2D
10,guaiacol,NHOHCount,1.0,,RDKit,2026.03.6,2026-09-17,e99d97a3665c237f,RDKit Descriptors.descList; 2D
10,guaiacol,NOCount,2.0,,RDKit,2026.03.6,2026-09-17,e99d97a3665c237f,RDKit Descriptors.descList; 2D
10,guaiacol,NumAliphaticCarbocycles,0.0,,RDKit,2026.03.6,2026-09-17,e99d97a3665c237f,RDKit Descriptors.descList; 2D
10,guaiacol,NumAliphaticHeterocycles,0.0,,RDKit,2026.03.6,2026-09-17,e99d97a3665c237f,RDKit Descriptors.descList; 2D
10,guaiacol,NumAliphaticRings,0.0,,RDKit,2026.03.6,2026-09-17,e99d97a3665c237f,RDKit Descriptors.descList; 2D
10,guaiacol,NumAmideBonds,0.0,,RDKit,2026.03.6,2026-09-17,e99d97a3665c237f,RDKit Descriptors.descList; 2D
10,guaiacol,NumAromaticCarbocycles,1.0,,RDKit,2026.03.6,2026-09-17,e99d97a3665c237f,RDKit Descriptors.descList; 2D
10,guaiacol,NumAromaticHeterocycles,0.0,,RDKit,2026.03.6,2026-09-17,e99d97a3665c237f,RDKit Descriptors.descList; 2D
10,guaiacol,NumAromaticRings,1.0,,RDKit,2026.03.6,2026-09-17,e99d97a3665c237f,RDKit Descriptors.descList; 2D
10,guaiacol,NumAtomStereoCenters,0.0,,RDKit,2026.03.6,2026-09-17,e99d97a3665c237f,RDKit Descriptors.descList; 2D
10,guaiacol,NumBridgeheadAtoms,0.0,,RDKit,2026.03.6,2026-09-17,e99d97a3665c237f,RDKit Descriptors.descList; 2D
10,guaiacol,NumHAcceptors,2.0,,RDKit,2026.03.6,2026-09-17,e99d97a3665c237f,RDKit Descriptors.descList; 2D
10,guaiacol,NumHDonors,1.0,,RDKit,2026.03.6,2026-09-17,e99d97a3665c237f,RDKit Descriptors.descList; 2D
10,guaiacol,NumHeteroatoms,2.0,,RDKit,2026.03.6,2026-09-17,e99d97a3665c237f,RDKit Descriptors.descList; 2D
10,guaiacol,NumHeterocycles,0.0,,RDKit,2026.03.6,2026-09-17,e99d97a3665c237f,RDKit Descriptors.descList; 2D
10,guaiacol,NumRotatableBonds,1.0,,RDKit,2026.03.6,2026-09-17,e99d97a3665c237f,RDKit Descriptors.descList; 2D
10,guaiacol,NumSaturatedCarbocycles,0.0,,RDKit,2026.03.6,2026-09-17,e99d97a3665c237f,RDKit Descriptors.descList; 2D
10,guaiacol,NumSaturatedHeterocycles,0.0,,RDKit,2026.03.6,2026-09-17,e99d97a3665c237f,RDKit Descriptors.descList; 2D
10,guaiacol,NumSaturatedRings,0.0,,RDKit,2026.03.6,2026-09-17,e99d97a3665c237f,RDKit Descriptors.descList; 2D
10,guaiacol,NumSpiroAtoms,0.0,,RDKit,2026.03.6,2026-09-17,e99d97a3665c237f,RDKit Descriptors.descList; 2D
10,guaiacol,NumUnspecifiedAtomStereoCenters,0.0,,RDKit,2026.03.6,2026-09-17,e99d97a3665c237f,RDKit Descriptors.descList; 2D
10,guaiacol,Phi,1.5831674610154005,,RDKit,2026.03.6,2026-09-17,e99d97a3665c237f,RDKit Descriptors.descList; 2D
10,guaiacol,RingCount,1.0,,RDKit,2026.03.6,2026-09-17,e99d97a3665c237f,RDKit Descriptors.descList; 2D
10,guaiacol,MolLogP,1.4008,,RDKit,2026.03.6,2026-09-17,e99d97a3665c237f,RDKit Descriptors.descList; 2D
10,guaiacol,MolMR,34.6588,,RDKit,2026.03.6,2026-09-17,e99d97a3665c237f,RDKit Descriptors.descList; 2D
10,guaiacol,fr_Al_COO,0.0,,RDKit,2026.03.6,2026-09-17,e99d97a3665c237f,RDKit Descriptors.descList; 2D
10,guaiacol,fr_Al_OH,0.0,,RDKit,2026.03.6,2026-09-17,e99d97a3665c237f,RDKit Descriptors.descList; 2D
10,guaiacol,fr_Al_OH_noTert,0.0,,RDKit,2026.03.6,2026-09-17,e99d97a3665c237f,RDKit Descriptors.descList; 2D
10,guaiacol,fr_ArN,0.0,,RDKit,2026.03.6,2026-09-17,e99d97a3665c237f,RDKit Descriptors.descList; 2D
10,guaiacol,fr_Ar_COO,0.0,,RDKit,2026.03.6,2026-09-17,e99d97a3665c237f,RDKit Descriptors.descList; 2D
10,guaiacol,fr_Ar_N,0.0,,RDKit,2026.03.6,2026-09-17,e99d97a3665c237f,RDKit Descriptors.descList; 2D
10,guaiacol,fr_Ar_NH,0.0,,RDKit,2026.03.6,2026-09-17,e99d97a3665c237f,RDKit Descriptors.descList; 2D
10,guaiacol,fr_Ar_OH,1.0,,RDKit,2026.03.6,2026-09-17,e99d97a3665c237f,RDKit Descriptors.descList; 2D
10,guaiacol,fr_COO,0.0,,RDKit,2026.03.6,2026-09-17,e99d97a3665c237f,RDKit Descriptors.descList; 2D
10,guaiacol,fr_COO2,0.0,,RDKit,2026.03.6,2026-09-17,e99d97a3665c237f,RDKit Descriptors.descList; 2D
10,guaiacol,fr_C_O,0.0,,RDKit,2026.03.6,2026-09-17,e99d97a3665c237f,RDKit Descriptors.descList; 2D
10,guaiacol,fr_C_O_noCOO,0.0,,RDKit,2026.03.6,2026-09-17,e99d97a3665c237f,RDKit Descriptors.descList; 2D
10,guaiacol,fr_C_S,0.0,,RDKit,2026.03.6,2026-09-17,e99d97a3665c237f,RDKit Descriptors.descList; 2D
10,guaiacol,fr_HOCCN,0.0,,RDKit,2026.03.6,2026-09-17,e99d97a3665c237f,RDKit Descriptors.descList; 2D
10,guaiacol,fr_Imine,0.0,,RDKit,2026.03.6,2026-09-17,e99d97a3665c237f,RDKit Descriptors.descList; 2D
10,guaiacol,fr_NH0,0.0,,RDKit,2026.03.6,2026-09-17,e99d97a3665c237f,RDKit Descriptors.descList; 2D
10,guaiacol,fr_NH1,0.0,,RDKit,2026.03.6,2026-09-17,e99d97a3665c237f,RDKit Descriptors.descList; 2D
10,guaiacol,fr_NH2,0.0,,RDKit,2026.03.6,2026-09-17,e99d97a3665c237f,RDKit Descriptors.descList; 2D
10,guaiacol,fr_N_O,0.0,,RDKit,2026.03.6,2026-09-17,e99d97a3665c237f,RDKit Descriptors.descList; 2D
10,guaiacol,fr_Ndealkylation1,0.0,,RDKit,2026.03.6,2026-09-17,e99d97a3665c237f,RDKit Descriptors.descList; 2D
10,guaiacol,fr_Ndealkylation2,0.0,,RDKit,2026.03.6,2026-09-17,e99d97a3665c237f,RDKit Descriptors.descList; 2D
10,guaiacol,fr_Nhpyrrole,0.0,,RDKit,2026.03.6,2026-09-17,e99d97a3665c237f,RDKit Descriptors.descList; 2D
10,guaiacol,fr_SH,0.0,,RDKit,2026.03.6,2026-09-17,e99d97a3665c237f,RDKit Descriptors.descList; 2D
10,guaiacol,fr_aldehyde,0.0,,RDKit,2026.03.6,2026-09-17,e99d97a3665c237f,RDKit Descriptors.descList; 2D
10,guaiacol,fr_alkyl_carbamate,0.0,,RDKit,2026.03.6,2026-09-17,e99d97a3665c237f,RDKit Descriptors.descList; 2D
10,guaiacol,fr_alkyl_halide,0.0,,RDKit,2026.03.6,2026-09-17,e99d97a3665c237f,RDKit Descriptors.descList; 2D
10,guaiacol,fr_allylic_oxid,0.0,,RDKit,2026.03.6,2026-09-17,e99d97a3665c237f,RDKit Descriptors.descList; 2D
10,guaiacol,fr_amide,0.0,,RDKit,2026.03.6,2026-09-17,e99d97a3665c237f,RDKit Descriptors.descList; 2D
10,guaiacol,fr_amidine,0.0,,RDKit,2026.03.6,2026-09-17,e99d97a3665c237f,RDKit Descriptors.descList; 2D
10,guaiacol,fr_aniline,0.0,,RDKit,2026.03.6,2026-09-17,e99d97a3665c237f,RDKit Descriptors.descList; 2D
10,guaiacol,fr_aryl_methyl,0.0,,RDKit,2026.03.6,2026-09-17,e99d97a3665c237f,RDKit Descriptors.descList; 2D
10,guaiacol,fr_azide,0.0,,RDKit,2026.03.6,2026-09-17,e99d97a3665c237f,RDKit Descriptors.descList; 2D
10,guaiacol,fr_azo,0.0,,RDKit,2026.03.6,2026-09-17,e99d97a3665c237f,RDKit Descriptors.descList; 2D
10,guaiacol,fr_barbitur,0.0,,RDKit,2026.03.6,2026-09-17,e99d97a3665c237f,RDKit Descriptors.descList; 2D
10,guaiacol,fr_benzene,1.0,,RDKit,2026.03.6,2026-09-17,e99d97a3665c237f,RDKit Descriptors.descList; 2D
10,guaiacol,fr_benzodiazepine,0.0,,RDKit,2026.03.6,2026-09-17,e99d97a3665c237f,RDKit Descriptors.descList; 2D
10,guaiacol,fr_bicyclic,0.0,,RDKit,2026.03.6,2026-09-17,e99d97a3665c237f,RDKit Descriptors.descList; 2D
10,guaiacol,fr_diazo,0.0,,RDKit,2026.03.6,2026-09-17,e99d97a3665c237f,RDKit Descriptors.descList; 2D
10,guaiacol,fr_dihydropyridine,0.0,,RDKit,2026.03.6,2026-09-17,e99d97a3665c237f,RDKit Descriptors.descList; 2D
10,guaiacol,fr_epoxide,0.0,,RDKit,2026.03.6,2026-09-17,e99d97a3665c237f,RDKit Descriptors.descList; 2D
10,guaiacol,fr_ester,0.0,,RDKit,2026.03.6,2026-09-17,e99d97a3665c237f,RDKit Descriptors.descList; 2D
10,guaiacol,fr_ether,1.0,,RDKit,2026.03.6,2026-09-17,e99d97a3665c237f,RDKit Descriptors.descList; 2D
10,guaiacol,fr_furan,0.0,,RDKit,2026.03.6,2026-09-17,e99d97a3665c237f,RDKit Descriptors.descList; 2D
10,guaiacol,fr_guanido,0.0,,RDKit,2026.03.6,2026-09-17,e99d97a3665c237f,RDKit Descriptors.descList; 2D
10,guaiacol,fr_halogen,0.0,,RDKit,2026.03.6,2026-09-17,e99d97a3665c237f,RDKit Descriptors.descList; 2D
10,guaiacol,fr_hdrzine,0.0,,RDKit,2026.03.6,2026-09-17,e99d97a3665c237f,RDKit Descriptors.descList; 2D
10,guaiacol,fr_hdrzone,0.0,,RDKit,2026.03.6,2026-09-17,e99d97a3665c237f,RDKit Descriptors.descList; 2D
10,guaiacol,fr_imidazole,0.0,,RDKit,2026.03.6,2026-09-17,e99d97a3665c237f,RDKit Descriptors.descList; 2D
10,guaiacol,fr_imide,0.0,,RDKit,2026.03.6,2026-09-17,e99d97a3665c237f,RDKit Descriptors.descList; 2D
10,guaiacol,fr_isocyan,0.0,,RDKit,2026.03.6,2026-09-17,e99d97a3665c237f,RDKit Descriptors.descList; 2D
10,guaiacol,fr_isothiocyan,0.0,,RDKit,2026.03.6,2026-09-17,e99d97a3665c237f,RDKit Descriptors.descList; 2D
10,guaiacol,fr_ketone,0.0,,RDKit,2026.03.6,2026-09-17,e99d97a3665c237f,RDKit Descriptors.descList; 2D
10,guaiacol,fr_ketone_Topliss,0.0,,RDKit,2026.03.6,2026-09-17,e99d97a3665c237f,RDKit Descriptors.descList; 2D
10,guaiacol,fr_lactam,0.0,,RDKit,2026.03.6,2026-09-17,e99d97a3665c237f,RDKit Descriptors.descList; 2D
10,guaiacol,fr_lactone,0.0,,RDKit,2026.03.6,2026-09-17,e99d97a3665c237f,RDKit Descriptors.descList; 2D
10,guaiacol,fr_methoxy,1.0,,RDKit,2026.03.6,2026-09-17,e99d97a3665c237f,RDKit Descriptors.descList; 2D
10,guaiacol,fr_morpholine,0.0,,RDKit,2026.03.6,2026-09-17,e99d97a3665c237f,RDKit Descriptors.descList; 2D
10,guaiacol,fr_nitrile,0.0,,RDKit,2026.03.6,2026-09-17,e99d97a3665c237f,RDKit Descriptors.descList; 2D
10,guaiacol,fr_nitro,0.0,,RDKit,2026.03.6,2026-09-17,e99d97a3665c237f,RDKit Descriptors.descList; 2D
10,guaiacol,fr_nitro_arom,0.0,,RDKit,2026.03.6,2026-09-17,e99d97a3665c237f,RDKit Descriptors.descList; 2D
10,guaiacol,fr_nitro_arom_nonortho,0.0,,RDKit,2026.03.6,2026-09-17,e99d97a3665c237f,RDKit Descriptors.descList; 2D
10,guaiacol,fr_nitroso,0.0,,RDKit,2026.03.6,2026-09-17,e99d97a3665c237f,RDKit Descriptors.descList; 2D
10,guaiacol,fr_oxazole,0.0,,RDKit,2026.03.6,2026-09-17,e99d97a3665c237f,RDKit Descriptors.descList; 2D
10,guaiacol,fr_oxime,0.0,,RDKit,2026.03.6,2026-09-17,e99d97a3665c237f,RDKit Descriptors.descList; 2D
10,guaiacol,fr_para_hydroxylation,2.0,,RDKit,2026.03.6,2026-09-17,e99d97a3665c237f,RDKit Descriptors.descList; 2D
10,guaiacol,fr_phenol,1.0,,RDKit,2026.03.6,2026-09-17,e99d97a3665c237f,RDKit Descriptors.descList; 2D
10,guaiacol,fr_phenol_noOrthoHbond,1.0,,RDKit,2026.03.6,2026-09-17,e99d97a3665c237f,RDKit Descriptors.descList; 2D
10,guaiacol,fr_phos_acid,0.0,,RDKit,2026.03.6,2026-09-17,e99d97a3665c237f,RDKit Descriptors.descList; 2D
10,guaiacol,fr_phos_ester,0.0,,RDKit,2026.03.6,2026-09-17,e99d97a3665c237f,RDKit Descriptors.descList; 2D
10,guaiacol,fr_piperdine,0.0,,RDKit,2026.03.6,2026-09-17,e99d97a3665c237f,RDKit Descriptors.descList; 2D
10,guaiacol,fr_piperzine,0.0,,RDKit,2026.03.6,2026-09-17,e99d97a3665c237f,RDKit Descriptors.descList; 2D
10,guaiacol,fr_priamide,0.0,,RDKit,2026.03.6,2026-09-17,e99d97a3665c237f,RDKit Descriptors.descList; 2D
10,guaiacol,fr_prisulfonamd,0.0,,RDKit,2026.03.6,2026-09-17,e99d97a3665c237f,RDKit Descriptors.descList; 2D
10,guaiacol,fr_pyridine,0.0,,RDKit,2026.03.6,2026-09-17,e99d97a3665c237f,RDKit Descriptors.descList; 2D
10,guaiacol,fr_quatN,0.0,,RDKit,2026.03.6,2026-09-17,e99d97a3665c237f,RDKit Descriptors.descList; 2D
10,guaiacol,fr_sulfide,0.0,,RDKit,2026.03.6,2026-09-17,e99d97a3665c237f,RDKit Descriptors.descList; 2D
10,guaiacol,fr_sulfonamd,0.0,,RDKit,2026.03.6,2026-09-17,e99d97a3665c237f,RDKit Descriptors.descList; 2D
10,guaiacol,fr_sulfone,0.0,,RDKit,2026.03.6,2026-09-17,e99d97a3665c237f,RDKit Descriptors.descList; 2D
10,guaiacol,fr_term_acetylene,0.0,,RDKit,2026.03.6,2026-09-17,e99d97a3665c237f,RDKit Descriptors.descList; 2D
10,guaiacol,fr_tetrazole,0.0,,RDKit,2026.03.6,2026-09-17,e99d97a3665c237f,RDKit Descriptors.descList; 2D
10,guaiacol,fr_thiazole,0.0,,RDKit,2026.03.6,2026-09-17,e99d97a3665c237f,RDKit Descriptors.descList; 2D
10,guaiacol,fr_thiocyan,0.0,,RDKit,2026.03.6,2026-09-17,e99d97a3665c237f,RDKit Descriptors.descList; 2D
10,guaiacol,fr_thiophene,0.0,,RDKit,2026.03.6,2026-09-17,e99d97a3665c237f,RDKit Descriptors.descList; 2D
10,guaiacol,fr_unbrch_alkane,0.0,,RDKit,2026.03.6,2026-09-17,e99d97a3665c237f,RDKit Descriptors.descList; 2D
10,guaiacol,fr_urea,0.0,,RDKit,2026.03.6,2026-09-17,e99d97a3665c237f,RDKit Descriptors.descList; 2D
11,syringol,MaxAbsEStateIndex,9.338796296296296,,RDKit,2026.03.6,2026-09-17,e99d97a3665c237f,RDKit Descriptors.descList; 2D
11,syringol,MaxEStateIndex,9.338796296296296,,RDKit,2026.03.6,2026-09-17,e99d97a3665c237f,RDKit Descriptors.descList; 2D
11,syringol,MinAbsEStateIndex,0.03935185185185186,,RDKit,2026.03.6,2026-09-17,e99d97a3665c237f,RDKit Descriptors.descList; 2D
11,syringol,MinEStateIndex,0.03935185185185186,,RDKit,2026.03.6,2026-09-17,e99d97a3665c237f,RDKit Descriptors.descList; 2D
11,syringol,qed,0.6994965906696746,,RDKit,2026.03.6,2026-09-17,e99d97a3665c237f,RDKit Descriptors.descList; 2D
11,syringol,SPS,9.272727272727273,,RDKit,2026.03.6,2026-09-17,e99d97a3665c237f,RDKit Descriptors.descList; 2D
11,syringol,MolWt,154.16499999999996,,RDKit,2026.03.6,2026-09-17,e99d97a3665c237f,RDKit Descriptors.descList; 2D
11,syringol,HeavyAtomMolWt,144.08499999999998,,RDKit,2026.03.6,2026-09-17,e99d97a3665c237f,RDKit Descriptors.descList; 2D
11,syringol,ExactMolWt,154.06299418,,RDKit,2026.03.6,2026-09-17,e99d97a3665c237f,RDKit Descriptors.descList; 2D
11,syringol,NumValenceElectrons,60.0,,RDKit,2026.03.6,2026-09-17,e99d97a3665c237f,RDKit Descriptors.descList; 2D
11,syringol,NumRadicalElectrons,0.0,,RDKit,2026.03.6,2026-09-17,e99d97a3665c237f,RDKit Descriptors.descList; 2D
11,syringol,MaxPartialCharge,0.2002294571644853,,RDKit,2026.03.6,2026-09-17,e99d97a3665c237f,RDKit Descriptors.descList; 2D
11,syringol,MinPartialCharge,-0.5016997255218006,,RDKit,2026.03.6,2026-09-17,e99d97a3665c237f,RDKit Descriptors.descList; 2D
11,syringol,MaxAbsPartialCharge,0.5016997255218006,,RDKit,2026.03.6,2026-09-17,e99d97a3665c237f,RDKit Descriptors.descList; 2D
11,syringol,MinAbsPartialCharge,0.2002294571644853,,RDKit,2026.03.6,2026-09-17,e99d97a3665c237f,RDKit Descriptors.descList; 2D
11,syringol,FpDensityMorgan1,1.0909090909090908,,RDKit,2026.03.6,2026-09-17,e99d97a3665c237f,RDKit Descriptors.descList; 2D
11,syringol,FpDensityMorgan2,1.5454545454545454,,RDKit,2026.03.6,2026-09-17,e99d97a3665c237f,RDKit Descriptors.descList; 2D
11,syringol,FpDensityMorgan3,1.9090909090909092,,RDKit,2026.03.6,2026-09-17,e99d97a3665c237f,RDKit Descriptors.descList; 2D
11,syringol,BCUT2D_MWHI,16.491278420780365,,RDKit,2026.03.6,2026-09-17,e99d97a3665c237f,RDKit Descriptors.descList; 2D
11,syringol,BCUT2D_MWLOW,10.275803120566609,,RDKit,2026.03.6,2026-09-17,e99d97a3665c237f,RDKit Descriptors.descList; 2D
11,syringol,BCUT2D_CHGHI,2.0496622995461267,,RDKit,2026.03.6,2026-09-17,e99d97a3665c237f,RDKit Descriptors.descList; 2D
11,syringol,BCUT2D_CHGLO,-2.0565272795174994,,RDKit,2026.03.6,2026-09-17,e99d97a3665c237f,RDKit Descriptors.descList; 2D
11,syringol,BCUT2D_LOGPHI,2.3417479675417106,,RDKit,2026.03.6,2026-09-17,e99d97a3665c237f,RDKit Descriptors.descList; 2D
11,syringol,BCUT2D_LOGPLOW,-1.8682129904966702,,RDKit,2026.03.6,2026-09-17,e99d97a3665c237f,RDKit Descriptors.descList; 2D
11,syringol,BCUT2D_MRHI,5.49097859455616,,RDKit,2026.03.6,2026-09-17,e99d97a3665c237f,RDKit Descriptors.descList; 2D
11,syringol,BCUT2D_MRLOW,0.33967258953903645,,RDKit,2026.03.6,2026-09-17,e99d97a3665c237f,RDKit Descriptors.descList; 2D
11,syringol,AvgIpc,2.0504144813943355,,RDKit,2026.03.6,2026-09-17,e99d97a3665c237f,RDKit Descriptors.descList; 2D
11,syringol,BalabanJ,3.0951982523070996,,RDKit,2026.03.6,2026-09-17,e99d97a3665c237f,RDKit Descriptors.descList; 2D
11,syringol,BertzCT,222.84252842272392,,RDKit,2026.03.6,2026-09-17,e99d97a3665c237f,RDKit Descriptors.descList; 2D
11,syringol,Chi0,8.267584713501616,,RDKit,2026.03.6,2026-09-17,e99d97a3665c237f,RDKit Descriptors.descList; 2D
11,syringol,Chi0n,6.495760983996562,,RDKit,2026.03.6,2026-09-17,e99d97a3665c237f,RDKit Descriptors.descList; 2D
11,syringol,Chi0v,6.495760983996562,,RDKit,2026.03.6,2026-09-17,e99d97a3665c237f,RDKit Descriptors.descList; 2D
11,syringol,Chi1,5.291223660084841,,RDKit,2026.03.6,2026-09-17,e99d97a3665c237f,RDKit Descriptors.descList; 2D
11,syringol,Chi1n,3.1923686049978612,,RDKit,2026.03.6,2026-09-17,e99d97a3665c237f,RDKit Descriptors.descList; 2D
11,syringol,Chi1v,3.1923686049978612,,RDKit,2026.03.6,2026-09-17,e99d97a3665c237f,RDKit Descriptors.descList; 2D
11,syringol,Chi2n,2.0111400514993116,,RDKit,2026.03.6,2026-09-17,e99d97a3665c237f,RDKit Descriptors.descList; 2D
11,syringol,Chi2v,2.0111400514993116,,RDKit,2026.03.6,2026-09-17,e99d97a3665c237f,RDKit Descriptors.descList; 2D
11,syringol,Chi3n,1.4018121032164244,,RDKit,2026.03.6,2026-09-17,e99d97a3665c237f,RDKit Descriptors.descList; 2D
11,syringol,Chi3v,1.4018121032164244,,RDKit,2026.03.6,2026-09-17,e99d97a3665c237f,RDKit Descriptors.descList; 2D
11,syringol,Chi4n,0.8316314141328983,,RDKit,2026.03.6,2026-09-17,e99d97a3665c237f,RDKit Descriptors.descList; 2D
11,syringol,Chi4v,0.8316314141328983,,RDKit,2026.03.6,2026-09-17,e99d97a3665c237f,RDKit Descriptors.descList; 2D
11,syringol,HallKierAlpha,-1.3800000000000001,,RDKit,2026.03.6,2026-09-17,e99d97a3665c237f,RDKit Descriptors.descList; 2D
11,syringol,Ipc,348.57046183703704,,RDKit,2026.03.6,2026-09-17,e99d97a3665c237f,RDKit Descriptors.descList; 2D
11,syringol,Kappa1,7.723950103950104,,RDKit,2026.03.6,2026-09-17,e99d97a3665c237f,RDKit Descriptors.descList; 2D
11,syringol,Kappa2,3.1426679659735632,,RDKit,2026.03.6,2026-09-17,e99d97a3665c237f,RDKit Descriptors.descList; 2D
11,syringol,Kappa3,1.3676066560376265,,RDKit,2026.03.6,2026-09-17,e99d97a3665c237f,RDKit Descriptors.descList; 2D
11,syringol,LabuteASA,65.18261155949995,,RDKit,2026.03.6,2026-09-17,e99d97a3665c237f,RDKit Descriptors.descList; 2D
11,syringol,PEOE_VSA1,14.580253302440804,,RDKit,2026.03.6,2026-09-17,e99d97a3665c237f,RDKit Descriptors.descList; 2D
11,syringol,PEOE_VSA10,0.0,,RDKit,2026.03.6,2026-09-17,e99d97a3665c237f,RDKit Descriptors.descList; 2D
11,syringol,PEOE_VSA11,11.49902366656781,,RDKit,2026.03.6,2026-09-17,e99d97a3665c237f,RDKit Descriptors.descList; 2D
11,syringol,PEOE_VSA12,5.749511833283905,,RDKit,2026.03.6,2026-09-17,e99d97a3665c237f,RDKit Descriptors.descList; 2D
11,syringol,PEOE_VSA13,0.0,,RDKit,2026.03.6,2026-09-17,e99d97a3665c237f,RDKit Descriptors.descList; 2D
11,syringol,PEOE_VSA14,0.0,,RDKit,2026.03.6,2026-09-17,e99d97a3665c237f,RDKit Descriptors.descList; 2D
11,syringol,PEOE_VSA2,0.0,,RDKit,2026.03.6,2026-09-17,e99d97a3665c237f,RDKit Descriptors.descList; 2D
11,syringol,PEOE_VSA3,0.0,,RDKit,2026.03.6,2026-09-17,e99d97a3665c237f,RDKit Descriptors.descList; 2D
11,syringol,PEOE_VSA4,0.0,,RDKit,2026.03.6,2026-09-17,e99d97a3665c237f,RDKit Descriptors.descList; 2D
11,syringol,PEOE_VSA5,0.0,,RDKit,2026.03.6,2026-09-17,e99d97a3665c237f,RDKit Descriptors.descList; 2D
11,syringol,PEOE_VSA6,6.06636706846161,,RDKit,2026.03.6,2026-09-17,e99d97a3665c237f,RDKit Descriptors.descList; 2D
11,syringol,PEOE_VSA7,12.13273413692322,,RDKit,2026.03.6,2026-09-17,e99d97a3665c237f,RDKit Descriptors.descList; 2D
11,syringol,PEOE_VSA8,0.0,,RDKit,2026.03.6,2026-09-17,e99d97a3665c237f,RDKit Descriptors.descList; 2D
11,syringol,PEOE_VSA9,14.219595082555067,,RDKit,2026.03.6,2026-09-17,e99d97a3665c237f,RDKit Descriptors.descList; 2D
11,syringol,SMR_VSA1,14.580253302440804,,RDKit,2026.03.6,2026-09-17,e99d97a3665c237f,RDKit Descriptors.descList; 2D
11,syringol,SMR_VSA10,0.0,,RDKit,2026.03.6,2026-09-17,e99d97a3665c237f,RDKit Descriptors.descList; 2D
11,syringol,SMR_VSA2,0.0,,RDKit,2026.03.6,2026-09-17,e99d97a3665c237f,RDKit Descriptors.descList; 2D
11,syringol,SMR_VSA3,0.0,,RDKit,2026.03.6,2026-09-17,e99d97a3665c237f,RDKit Descriptors.descList; 2D
11,syringol,SMR_VSA4,0.0,,RDKit,2026.03.6,2026-09-17,e99d97a3665c237f,RDKit Descriptors.descList; 2D
11,syringol,SMR_VSA5,0.0,,RDKit,2026.03.6,2026-09-17,e99d97a3665c237f,RDKit Descriptors.descList; 2D
11,syringol,SMR_VSA6,14.219595082555067,,RDKit,2026.03.6,2026-09-17,e99d97a3665c237f,RDKit Descriptors.descList; 2D
11,syringol,SMR_VSA7,18.19910120538483,,RDKit,2026.03.6,2026-09-17,e99d97a3665c237f,RDKit Descriptors.descList; 2D
11,syringol,SMR_VSA8,0.0,,RDKit,2026.03.6,2026-09-17,e99d97a3665c237f,RDKit Descriptors.descList; 2D
11,syringol,SMR_VSA9,17.248535499851716,,RDKit,2026.03.6,2026-09-17,e99d97a3665c237f,RDKit Descriptors.descList; 2D
11,syringol,SlogP_VSA1,9.473725907600098,,RDKit,2026.03.6,2026-09-17,e99d97a3665c237f,RDKit Descriptors.descList; 2D
11,syringol,SlogP_VSA10,0.0,,RDKit,2026.03.6,2026-09-17,e99d97a3665c237f,RDKit Descriptors.descList; 2D
11,syringol,SlogP_VSA11,17.248535499851716,,RDKit,2026.03.6,2026-09-17,e99d97a3665c237f,RDKit Descriptors.descList; 2D
11,syringol,SlogP_VSA12,0.0,,RDKit,2026.03.6,2026-09-17,e99d97a3665c237f,RDKit Descriptors.descList; 2D
11,syringol,SlogP_VSA2,19.32612247739577,,RDKit,2026.03.6,2026-09-17,e99d97a3665c237f,RDKit Descriptors.descList; 2D
11,syringol,SlogP_VSA3,0.0,,RDKit,2026.03.6,2026-09-17,e99d97a3665c237f,RDKit Descriptors.descList; 2D
11,syringol,SlogP_VSA4,0.0,,RDKit,2026.03.6,2026-09-17,e99d97a3665c237f,RDKit Descriptors.descList; 2D
11,syringol,SlogP_VSA5,0.0,,RDKit,2026.03.6,2026-09-17,e99d97a3665c237f,RDKit Descriptors.descList; 2D
11,syringol,SlogP_VSA6,18.19910120538483,,RDKit,2026.03.6,2026-09-17,e99d97a3665c237f,RDKit Descriptors.descList; 2D
11,syringol,SlogP_VSA7,0.0,,RDKit,2026.03.6,2026-09-17,e99d97a3665c237f,RDKit Descriptors.descList; 2D
11,syringol,SlogP_VSA8,0.0,,RDKit,2026.03.6,2026-09-17,e99d97a3665c237f,RDKit Descriptors.descList; 2D
11,syringol,SlogP_VSA9,0.0,,RDKit,2026.03.6,2026-09-17,e99d97a3665c237f,RDKit Descriptors.descList; 2D
11,syringol,TPSA,38.69,,RDKit,2026.03.6,2026-09-17,e99d97a3665c237f,RDKit Descriptors.descList; 2D
11,syringol,EState_VSA1,0.0,,RDKit,2026.03.6,2026-09-17,e99d97a3665c237f,RDKit Descriptors.descList; 2D
11,syringol,EState_VSA10,5.106527394840706,,RDKit,2026.03.6,2026-09-17,e99d97a3665c237f,RDKit Descriptors.descList; 2D
11,syringol,EState_VSA11,0.0,,RDKit,2026.03.6,2026-09-17,e99d97a3665c237f,RDKit Descriptors.descList; 2D
11,syringol,EState_VSA2,5.749511833283905,,RDKit,2026.03.6,2026-09-17,e99d97a3665c237f,RDKit Descriptors.descList; 2D
11,syringol,EState_VSA3,11.49902366656781,,RDKit,2026.03.6,2026-09-17,e99d97a3665c237f,RDKit Descriptors.descList; 2D
11,syringol,EState_VSA4,0.0,,RDKit,2026.03.6,2026-09-17,e99d97a3665c237f,RDKit Descriptors.descList; 2D
11,syringol,EState_VSA5,14.219595082555067,,RDKit,2026.03.6,2026-09-17,e99d97a3665c237f,RDKit Descriptors.descList; 2D
11,syringol,EState_VSA6,18.19910120538483,,RDKit,2026.03.6,2026-09-17,e99d97a3665c237f,RDKit Descriptors.descList; 2D
11,syringol,EState_VSA7,0.0,,RDKit,2026.03.6,2026-09-17,e99d97a3665c237f,RDKit Descriptors.descList; 2D
11,syringol,EState_VSA8,0.0,,RDKit,2026.03.6,2026-09-17,e99d97a3665c237f,RDKit Descriptors.descList; 2D
11,syringol,EState_VSA9,9.473725907600098,,RDKit,2026.03.6,2026-09-17,e99d97a3665c237f,RDKit Descriptors.descList; 2D
11,syringol,VSA_EState1,9.714907407407408,,RDKit,2026.03.6,2026-09-17,e99d97a3665c237f,RDKit Descriptors.descList; 2D
11,syringol,VSA_EState10,0.0,,RDKit,2026.03.6,2026-09-17,e99d97a3665c237f,RDKit Descriptors.descList; 2D
11,syringol,VSA_EState2,0.0,,RDKit,2026.03.6,2026-09-17,e99d97a3665c237f,RDKit Descriptors.descList; 2D
11,syringol,VSA_EState3,9.338796296296296,,RDKit,2026.03.6,2026-09-17,e99d97a3665c237f,RDKit Descriptors.descList; 2D
11,syringol,VSA_EState4,0.0,,RDKit,2026.03.6,2026-09-17,e99d97a3665c237f,RDKit Descriptors.descList; 2D
11,syringol,VSA_EState5,0.8807407407407413,,RDKit,2026.03.6,2026-09-17,e99d97a3665c237f,RDKit Descriptors.descList; 2D
11,syringol,VSA_EState6,5.076481481481482,,RDKit,2026.03.6,2026-09-17,e99d97a3665c237f,RDKit Descriptors.descList; 2D
11,syringol,VSA_EState7,0.0,,RDKit,2026.03.6,2026-09-17,e99d97a3665c237f,RDKit Descriptors.descList; 2D
11,syringol,VSA_EState8,0.0,,RDKit,2026.03.6,2026-09-17,e99d97a3665c237f,RDKit Descriptors.descList; 2D
11,syringol,VSA_EState9,2.989074074074074,,RDKit,2026.03.6,2026-09-17,e99d97a3665c237f,RDKit Descriptors.descList; 2D
11,syringol,FractionCSP3,0.25,,RDKit,2026.03.6,2026-09-17,e99d97a3665c237f,RDKit Descriptors.descList; 2D
11,syringol,HeavyAtomCount,11.0,,RDKit,2026.03.6,2026-09-17,e99d97a3665c237f,RDKit Descriptors.descList; 2D
11,syringol,NHOHCount,1.0,,RDKit,2026.03.6,2026-09-17,e99d97a3665c237f,RDKit Descriptors.descList; 2D
11,syringol,NOCount,3.0,,RDKit,2026.03.6,2026-09-17,e99d97a3665c237f,RDKit Descriptors.descList; 2D
11,syringol,NumAliphaticCarbocycles,0.0,,RDKit,2026.03.6,2026-09-17,e99d97a3665c237f,RDKit Descriptors.descList; 2D
11,syringol,NumAliphaticHeterocycles,0.0,,RDKit,2026.03.6,2026-09-17,e99d97a3665c237f,RDKit Descriptors.descList; 2D
11,syringol,NumAliphaticRings,0.0,,RDKit,2026.03.6,2026-09-17,e99d97a3665c237f,RDKit Descriptors.descList; 2D
11,syringol,NumAmideBonds,0.0,,RDKit,2026.03.6,2026-09-17,e99d97a3665c237f,RDKit Descriptors.descList; 2D
11,syringol,NumAromaticCarbocycles,1.0,,RDKit,2026.03.6,2026-09-17,e99d97a3665c237f,RDKit Descriptors.descList; 2D
11,syringol,NumAromaticHeterocycles,0.0,,RDKit,2026.03.6,2026-09-17,e99d97a3665c237f,RDKit Descriptors.descList; 2D
11,syringol,NumAromaticRings,1.0,,RDKit,2026.03.6,2026-09-17,e99d97a3665c237f,RDKit Descriptors.descList; 2D
11,syringol,NumAtomStereoCenters,0.0,,RDKit,2026.03.6,2026-09-17,e99d97a3665c237f,RDKit Descriptors.descList; 2D
11,syringol,NumBridgeheadAtoms,0.0,,RDKit,2026.03.6,2026-09-17,e99d97a3665c237f,RDKit Descriptors.descList; 2D
11,syringol,NumHAcceptors,3.0,,RDKit,2026.03.6,2026-09-17,e99d97a3665c237f,RDKit Descriptors.descList; 2D
11,syringol,NumHDonors,1.0,,RDKit,2026.03.6,2026-09-17,e99d97a3665c237f,RDKit Descriptors.descList; 2D
11,syringol,NumHeteroatoms,3.0,,RDKit,2026.03.6,2026-09-17,e99d97a3665c237f,RDKit Descriptors.descList; 2D
11,syringol,NumHeterocycles,0.0,,RDKit,2026.03.6,2026-09-17,e99d97a3665c237f,RDKit Descriptors.descList; 2D
11,syringol,NumRotatableBonds,2.0,,RDKit,2026.03.6,2026-09-17,e99d97a3665c237f,RDKit Descriptors.descList; 2D
11,syringol,NumSaturatedCarbocycles,0.0,,RDKit,2026.03.6,2026-09-17,e99d97a3665c237f,RDKit Descriptors.descList; 2D
11,syringol,NumSaturatedHeterocycles,0.0,,RDKit,2026.03.6,2026-09-17,e99d97a3665c237f,RDKit Descriptors.descList; 2D
11,syringol,NumSaturatedRings,0.0,,RDKit,2026.03.6,2026-09-17,e99d97a3665c237f,RDKit Descriptors.descList; 2D
11,syringol,NumSpiroAtoms,0.0,,RDKit,2026.03.6,2026-09-17,e99d97a3665c237f,RDKit Descriptors.descList; 2D
11,syringol,NumUnspecifiedAtomStereoCenters,0.0,,RDKit,2026.03.6,2026-09-17,e99d97a3665c237f,RDKit Descriptors.descList; 2D
11,syringol,Phi,2.2067100511329243,,RDKit,2026.03.6,2026-09-17,e99d97a3665c237f,RDKit Descriptors.descList; 2D
11,syringol,RingCount,1.0,,RDKit,2026.03.6,2026-09-17,e99d97a3665c237f,RDKit Descriptors.descList; 2D
11,syringol,MolLogP,1.4093999999999995,,RDKit,2026.03.6,2026-09-17,e99d97a3665c237f,RDKit Descriptors.descList; 2D
11,syringol,MolMR,41.21080000000002,,RDKit,2026.03.6,2026-09-17,e99d97a3665c237f,RDKit Descriptors.descList; 2D
11,syringol,fr_Al_COO,0.0,,RDKit,2026.03.6,2026-09-17,e99d97a3665c237f,RDKit Descriptors.descList; 2D
11,syringol,fr_Al_OH,0.0,,RDKit,2026.03.6,2026-09-17,e99d97a3665c237f,RDKit Descriptors.descList; 2D
11,syringol,fr_Al_OH_noTert,0.0,,RDKit,2026.03.6,2026-09-17,e99d97a3665c237f,RDKit Descriptors.descList; 2D
11,syringol,fr_ArN,0.0,,RDKit,2026.03.6,2026-09-17,e99d97a3665c237f,RDKit Descriptors.descList; 2D
11,syringol,fr_Ar_COO,0.0,,RDKit,2026.03.6,2026-09-17,e99d97a3665c237f,RDKit Descriptors.descList; 2D
11,syringol,fr_Ar_N,0.0,,RDKit,2026.03.6,2026-09-17,e99d97a3665c237f,RDKit Descriptors.descList; 2D
11,syringol,fr_Ar_NH,0.0,,RDKit,2026.03.6,2026-09-17,e99d97a3665c237f,RDKit Descriptors.descList; 2D
11,syringol,fr_Ar_OH,1.0,,RDKit,2026.03.6,2026-09-17,e99d97a3665c237f,RDKit Descriptors.descList; 2D
11,syringol,fr_COO,0.0,,RDKit,2026.03.6,2026-09-17,e99d97a3665c237f,RDKit Descriptors.descList; 2D
11,syringol,fr_COO2,0.0,,RDKit,2026.03.6,2026-09-17,e99d97a3665c237f,RDKit Descriptors.descList; 2D
11,syringol,fr_C_O,0.0,,RDKit,2026.03.6,2026-09-17,e99d97a3665c237f,RDKit Descriptors.descList; 2D
11,syringol,fr_C_O_noCOO,0.0,,RDKit,2026.03.6,2026-09-17,e99d97a3665c237f,RDKit Descriptors.descList; 2D
11,syringol,fr_C_S,0.0,,RDKit,2026.03.6,2026-09-17,e99d97a3665c237f,RDKit Descriptors.descList; 2D
11,syringol,fr_HOCCN,0.0,,RDKit,2026.03.6,2026-09-17,e99d97a3665c237f,RDKit Descriptors.descList; 2D
11,syringol,fr_Imine,0.0,,RDKit,2026.03.6,2026-09-17,e99d97a3665c237f,RDKit Descriptors.descList; 2D
11,syringol,fr_NH0,0.0,,RDKit,2026.03.6,2026-09-17,e99d97a3665c237f,RDKit Descriptors.descList; 2D
11,syringol,fr_NH1,0.0,,RDKit,2026.03.6,2026-09-17,e99d97a3665c237f,RDKit Descriptors.descList; 2D
11,syringol,fr_NH2,0.0,,RDKit,2026.03.6,2026-09-17,e99d97a3665c237f,RDKit Descriptors.descList; 2D
11,syringol,fr_N_O,0.0,,RDKit,2026.03.6,2026-09-17,e99d97a3665c237f,RDKit Descriptors.descList; 2D
11,syringol,fr_Ndealkylation1,0.0,,RDKit,2026.03.6,2026-09-17,e99d97a3665c237f,RDKit Descriptors.descList; 2D
11,syringol,fr_Ndealkylation2,0.0,,RDKit,2026.03.6,2026-09-17,e99d97a3665c237f,RDKit Descriptors.descList; 2D
11,syringol,fr_Nhpyrrole,0.0,,RDKit,2026.03.6,2026-09-17,e99d97a3665c237f,RDKit Descriptors.descList; 2D
11,syringol,fr_SH,0.0,,RDKit,2026.03.6,2026-09-17,e99d97a3665c237f,RDKit Descriptors.descList; 2D
11,syringol,fr_aldehyde,0.0,,RDKit,2026.03.6,2026-09-17,e99d97a3665c237f,RDKit Descriptors.descList; 2D
11,syringol,fr_alkyl_carbamate,0.0,,RDKit,2026.03.6,2026-09-17,e99d97a3665c237f,RDKit Descriptors.descList; 2D
11,syringol,fr_alkyl_halide,0.0,,RDKit,2026.03.6,2026-09-17,e99d97a3665c237f,RDKit Descriptors.descList; 2D
11,syringol,fr_allylic_oxid,0.0,,RDKit,2026.03.6,2026-09-17,e99d97a3665c237f,RDKit Descriptors.descList; 2D
11,syringol,fr_amide,0.0,,RDKit,2026.03.6,2026-09-17,e99d97a3665c237f,RDKit Descriptors.descList; 2D
11,syringol,fr_amidine,0.0,,RDKit,2026.03.6,2026-09-17,e99d97a3665c237f,RDKit Descriptors.descList; 2D
11,syringol,fr_aniline,0.0,,RDKit,2026.03.6,2026-09-17,e99d97a3665c237f,RDKit Descriptors.descList; 2D
11,syringol,fr_aryl_methyl,0.0,,RDKit,2026.03.6,2026-09-17,e99d97a3665c237f,RDKit Descriptors.descList; 2D
11,syringol,fr_azide,0.0,,RDKit,2026.03.6,2026-09-17,e99d97a3665c237f,RDKit Descriptors.descList; 2D
11,syringol,fr_azo,0.0,,RDKit,2026.03.6,2026-09-17,e99d97a3665c237f,RDKit Descriptors.descList; 2D
11,syringol,fr_barbitur,0.0,,RDKit,2026.03.6,2026-09-17,e99d97a3665c237f,RDKit Descriptors.descList; 2D
11,syringol,fr_benzene,1.0,,RDKit,2026.03.6,2026-09-17,e99d97a3665c237f,RDKit Descriptors.descList; 2D
11,syringol,fr_benzodiazepine,0.0,,RDKit,2026.03.6,2026-09-17,e99d97a3665c237f,RDKit Descriptors.descList; 2D
11,syringol,fr_bicyclic,0.0,,RDKit,2026.03.6,2026-09-17,e99d97a3665c237f,RDKit Descriptors.descList; 2D
11,syringol,fr_diazo,0.0,,RDKit,2026.03.6,2026-09-17,e99d97a3665c237f,RDKit Descriptors.descList; 2D
11,syringol,fr_dihydropyridine,0.0,,RDKit,2026.03.6,2026-09-17,e99d97a3665c237f,RDKit Descriptors.descList; 2D
11,syringol,fr_epoxide,0.0,,RDKit,2026.03.6,2026-09-17,e99d97a3665c237f,RDKit Descriptors.descList; 2D
11,syringol,fr_ester,0.0,,RDKit,2026.03.6,2026-09-17,e99d97a3665c237f,RDKit Descriptors.descList; 2D
11,syringol,fr_ether,2.0,,RDKit,2026.03.6,2026-09-17,e99d97a3665c237f,RDKit Descriptors.descList; 2D
11,syringol,fr_furan,0.0,,RDKit,2026.03.6,2026-09-17,e99d97a3665c237f,RDKit Descriptors.descList; 2D
11,syringol,fr_guanido,0.0,,RDKit,2026.03.6,2026-09-17,e99d97a3665c237f,RDKit Descriptors.descList; 2D
11,syringol,fr_halogen,0.0,,RDKit,2026.03.6,2026-09-17,e99d97a3665c237f,RDKit Descriptors.descList; 2D
11,syringol,fr_hdrzine,0.0,,RDKit,2026.03.6,2026-09-17,e99d97a3665c237f,RDKit Descriptors.descList; 2D
11,syringol,fr_hdrzone,0.0,,RDKit,2026.03.6,2026-09-17,e99d97a3665c237f,RDKit Descriptors.descList; 2D
11,syringol,fr_imidazole,0.0,,RDKit,2026.03.6,2026-09-17,e99d97a3665c237f,RDKit Descriptors.descList; 2D
11,syringol,fr_imide,0.0,,RDKit,2026.03.6,2026-09-17,e99d97a3665c237f,RDKit Descriptors.descList; 2D
11,syringol,fr_isocyan,0.0,,RDKit,2026.03.6,2026-09-17,e99d97a3665c237f,RDKit Descriptors.descList; 2D
11,syringol,fr_isothiocyan,0.0,,RDKit,2026.03.6,2026-09-17,e99d97a3665c237f,RDKit Descriptors.descList; 2D
11,syringol,fr_ketone,0.0,,RDKit,2026.03.6,2026-09-17,e99d97a3665c237f,RDKit Descriptors.descList; 2D
11,syringol,fr_ketone_Topliss,0.0,,RDKit,2026.03.6,2026-09-17,e99d97a3665c237f,RDKit Descriptors.descList; 2D
11,syringol,fr_lactam,0.0,,RDKit,2026.03.6,2026-09-17,e99d97a3665c237f,RDKit Descriptors.descList; 2D
11,syringol,fr_lactone,0.0,,RDKit,2026.03.6,2026-09-17,e99d97a3665c237f,RDKit Descriptors.descList; 2D
11,syringol,fr_methoxy,2.0,,RDKit,2026.03.6,2026-09-17,e99d97a3665c237f,RDKit Descriptors.descList; 2D
11,syringol,fr_morpholine,0.0,,RDKit,2026.03.6,2026-09-17,e99d97a3665c237f,RDKit Descriptors.descList; 2D
11,syringol,fr_nitrile,0.0,,RDKit,2026.03.6,2026-09-17,e99d97a3665c237f,RDKit Descriptors.descList; 2D
11,syringol,fr_nitro,0.0,,RDKit,2026.03.6,2026-09-17,e99d97a3665c237f,RDKit Descriptors.descList; 2D
11,syringol,fr_nitro_arom,0.0,,RDKit,2026.03.6,2026-09-17,e99d97a3665c237f,RDKit Descriptors.descList; 2D
11,syringol,fr_nitro_arom_nonortho,0.0,,RDKit,2026.03.6,2026-09-17,e99d97a3665c237f,RDKit Descriptors.descList; 2D
11,syringol,fr_nitroso,0.0,,RDKit,2026.03.6,2026-09-17,e99d97a3665c237f,RDKit Descriptors.descList; 2D
11,syringol,fr_oxazole,0.0,,RDKit,2026.03.6,2026-09-17,e99d97a3665c237f,RDKit Descriptors.descList; 2D
11,syringol,fr_oxime,0.0,,RDKit,2026.03.6,2026-09-17,e99d97a3665c237f,RDKit Descriptors.descList; 2D
11,syringol,fr_para_hydroxylation,1.0,,RDKit,2026.03.6,2026-09-17,e99d97a3665c237f,RDKit Descriptors.descList; 2D
11,syringol,fr_phenol,1.0,,RDKit,2026.03.6,2026-09-17,e99d97a3665c237f,RDKit Descriptors.descList; 2D
11,syringol,fr_phenol_noOrthoHbond,1.0,,RDKit,2026.03.6,2026-09-17,e99d97a3665c237f,RDKit Descriptors.descList; 2D
11,syringol,fr_phos_acid,0.0,,RDKit,2026.03.6,2026-09-17,e99d97a3665c237f,RDKit Descriptors.descList; 2D
11,syringol,fr_phos_ester,0.0,,RDKit,2026.03.6,2026-09-17,e99d97a3665c237f,RDKit Descriptors.descList; 2D
11,syringol,fr_piperdine,0.0,,RDKit,2026.03.6,2026-09-17,e99d97a3665c237f,RDKit Descriptors.descList; 2D
11,syringol,fr_piperzine,0.0,,RDKit,2026.03.6,2026-09-17,e99d97a3665c237f,RDKit Descriptors.descList; 2D
11,syringol,fr_priamide,0.0,,RDKit,2026.03.6,2026-09-17,e99d97a3665c237f,RDKit Descriptors.descList; 2D
11,syringol,fr_prisulfonamd,0.0,,RDKit,2026.03.6,2026-09-17,e99d97a3665c237f,RDKit Descriptors.descList; 2D
11,syringol,fr_pyridine,0.0,,RDKit,2026.03.6,2026-09-17,e99d97a3665c237f,RDKit Descriptors.descList; 2D
11,syringol,fr_quatN,0.0,,RDKit,2026.03.6,2026-09-17,e99d97a3665c237f,RDKit Descriptors.descList; 2D
11,syringol,fr_sulfide,0.0,,RDKit,2026.03.6,2026-09-17,e99d97a3665c237f,RDKit Descriptors.descList; 2D
11,syringol,fr_sulfonamd,0.0,,RDKit,2026.03.6,2026-09-17,e99d97a3665c237f,RDKit Descriptors.descList; 2D
11,syringol,fr_sulfone,0.0,,RDKit,2026.03.6,2026-09-17,e99d97a3665c237f,RDKit Descriptors.descList; 2D
11,syringol,fr_term_acetylene,0.0,,RDKit,2026.03.6,2026-09-17,e99d97a3665c237f,RDKit Descriptors.descList; 2D
11,syringol,fr_tetrazole,0.0,,RDKit,2026.03.6,2026-09-17,e99d97a3665c237f,RDKit Descriptors.descList; 2D
11,syringol,fr_thiazole,0.0,,RDKit,2026.03.6,2026-09-17,e99d97a3665c237f,RDKit Descriptors.descList; 2D
11,syringol,fr_thiocyan,0.0,,RDKit,2026.03.6,2026-09-17,e99d97a3665c237f,RDKit Descriptors.descList; 2D
11,syringol,fr_thiophene,0.0,,RDKit,2026.03.6,2026-09-17,e99d97a3665c237f,RDKit Descriptors.descList; 2D
11,syringol,fr_unbrch_alkane,0.0,,RDKit,2026.03.6,2026-09-17,e99d97a3665c237f,RDKit Descriptors.descList; 2D
11,syringol,fr_urea,0.0,,RDKit,2026.03.6,2026-09-17,e99d97a3665c237f,RDKit Descriptors.descList; 2D
12,catechol,MaxAbsEStateIndex,8.66925925925926,,RDKit,2026.03.6,2026-09-17,e99d97a3665c237f,RDKit Descriptors.descList; 2D
12,catechol,MaxEStateIndex,8.66925925925926,,RDKit,2026.03.6,2026-09-17,e99d97a3665c237f,RDKit Descriptors.descList; 2D
12,catechol,MinAbsEStateIndex,0.07638888888888862,,RDKit,2026.03.6,2026-09-17,e99d97a3665c237f,RDKit Descriptors.descList; 2D
12,catechol,MinEStateIndex,-0.07638888888888862,,RDKit,2026.03.6,2026-09-17,e99d97a3665c237f,RDKit Descriptors.descList; 2D
12,catechol,qed,0.49072766890152064,,RDKit,2026.03.6,2026-09-17,e99d97a3665c237f,RDKit Descriptors.descList; 2D
12,catechol,SPS,9.0,,RDKit,2026.03.6,2026-09-17,e99d97a3665c237f,RDKit Descriptors.descList; 2D
12,catechol,MolWt,110.11199999999997,,RDKit,2026.03.6,2026-09-17,e99d97a3665c237f,RDKit Descriptors.descList; 2D
12,catechol,HeavyAtomMolWt,104.06399999999998,,RDKit,2026.03.6,2026-09-17,e99d97a3665c237f,RDKit Descriptors.descList; 2D
12,catechol,ExactMolWt,110.036779432,,RDKit,2026.03.6,2026-09-17,e99d97a3665c237f,RDKit Descriptors.descList; 2D
12,catechol,NumValenceElectrons,42.0,,RDKit,2026.03.6,2026-09-17,e99d97a3665c237f,RDKit Descriptors.descList; 2D
12,catechol,NumRadicalElectrons,0.0,,RDKit,2026.03.6,2026-09-17,e99d97a3665c237f,RDKit Descriptors.descList; 2D
12,catechol,MaxPartialCharge,0.15688318072542773,,RDKit,2026.03.6,2026-09-17,e99d97a3665c237f,RDKit Descriptors.descList; 2D
12,catechol,MinPartialCharge,-0.5042601246702529,,RDKit,2026.03.6,2026-09-17,e99d97a3665c237f,RDKit Descriptors.descList; 2D
12,catechol,MaxAbsPartialCharge,0.5042601246702529,,RDKit,2026.03.6,2026-09-17,e99d97a3665c237f,RDKit Descriptors.descList; 2D
12,catechol,MinAbsPartialCharge,0.15688318072542773,,RDKit,2026.03.6,2026-09-17,e99d97a3665c237f,RDKit Descriptors.descList; 2D
12,catechol,FpDensityMorgan1,0.875,,RDKit,2026.03.6,2026-09-17,e99d97a3665c237f,RDKit Descriptors.descList; 2D
12,catechol,FpDensityMorgan2,1.25,,RDKit,2026.03.6,2026-09-17,e99d97a3665c237f,RDKit Descriptors.descList; 2D
12,catechol,FpDensityMorgan3,1.5,,RDKit,2026.03.6,2026-09-17,e99d97a3665c237f,RDKit Descriptors.descList; 2D
12,catechol,BCUT2D_MWHI,16.302830100913635,,RDKit,2026.03.6,2026-09-17,e99d97a3665c237f,RDKit Descriptors.descList; 2D
12,catechol,BCUT2D_MWLOW,10.313164061008466,,RDKit,2026.03.6,2026-09-17,e99d97a3665c237f,RDKit Descriptors.descList; 2D
12,catechol,BCUT2D_CHGHI,1.8978964788777544,,RDKit,2026.03.6,2026-09-17,e99d97a3665c237f,RDKit Descriptors.descList; 2D
12,catechol,BCUT2D_CHGLO,-1.9063627889389623,,RDKit,2026.03.6,2026-09-17,e99d97a3665c237f,RDKit Descriptors.descList; 2D
12,catechol,BCUT2D_LOGPHI,2.207958039037639,,RDKit,2026.03.6,2026-09-17,e99d97a3665c237f,RDKit Descriptors.descList; 2D
12,catechol,BCUT2D_LOGPLOW,-1.6263455095172539,,RDKit,2026.03.6,2026-09-17,e99d97a3665c237f,RDKit Descriptors.descList; 2D
12,catechol,BCUT2D_MRHI,5.3560785271823095,,RDKit,2026.03.6,2026-09-17,e99d97a3665c237f,RDKit Descriptors.descList; 2D
12,catechol,BCUT2D_MRLOW,0.40354324049410345,,RDKit,2026.03.6,2026-09-17,e99d97a3665c237f,RDKit Descriptors.descList; 2D
12,catechol,AvgIpc,1.7681772153059907,,RDKit,2026.03.6,2026-09-17,e99d97a3665c237f,RDKit Descriptors.descList; 2D
12,catechol,BalabanJ,3.1348615113454477,,RDKit,2026.03.6,2026-09-17,e99d97a3665c237f,RDKit Descriptors.descList; 2D
12,catechol,BertzCT,162.63833891467198,,RDKit,2026.03.6,2026-09-17,e99d97a3665c237f,RDKit Descriptors.descList; 2D
12,catechol,Chi0,5.983127663125442,,RDKit,2026.03.6,2026-09-17,e99d97a3665c237f,RDKit Descriptors.descList; 2D
12,catechol,Chi0n,4.20382826775842,,RDKit,2026.03.6,2026-09-17,e99d97a3665c237f,RDKit Descriptors.descList; 2D
12,catechol,Chi0v,4.20382826775842,,RDKit,2026.03.6,2026-09-17,e99d97a3665c237f,RDKit Descriptors.descList; 2D
12,catechol,Chi1,3.8045304526403108,,RDKit,2026.03.6,2026-09-17,e99d97a3665c237f,RDKit Descriptors.descList; 2D
12,catechol,Chi1n,2.274563864689584,,RDKit,2026.03.6,2026-09-17,e99d97a3665c237f,RDKit Descriptors.descList; 2D
12,catechol,Chi1v,2.274563864689584,,RDKit,2026.03.6,2026-09-17,e99d97a3665c237f,RDKit Descriptors.descList; 2D
12,catechol,Chi2n,1.4887143348850373,,RDKit,2026.03.6,2026-09-17,e99d97a3665c237f,RDKit Descriptors.descList; 2D
12,catechol,Chi2v,1.4887143348850373,,RDKit,2026.03.6,2026-09-17,e99d97a3665c237f,RDKit Descriptors.descList; 2D
12,catechol,Chi3n,0.8817318442145531,,RDKit,2026.03.6,2026-09-17,e99d97a3665c237f,RDKit Descriptors.descList; 2D
12,catechol,Chi3v,0.8817318442145531,,RDKit,2026.03.6,2026-09-17,e99d97a3665c237f,RDKit Descriptors.descList; 2D
12,catechol,Chi4n,0.4641630966733666,,RDKit,2026.03.6,2026-09-17,e99d97a3665c237f,RDKit Descriptors.descList; 2D
12,catechol,Chi4v,0.4641630966733666,,RDKit,2026.03.6,2026-09-17,e99d97a3665c237f,RDKit Descriptors.descList; 2D
12,catechol,HallKierAlpha,-1.18,,RDKit,2026.03.6,2026-09-17,e99d97a3665c237f,RDKit Descriptors.descList; 2D
12,catechol,Ipc,72.49526582754562,,RDKit,2026.03.6,2026-09-17,e99d97a3665c237f,RDKit Descriptors.descList; 2D
12,catechol,Kappa1,4.966627565982405,,RDKit,2026.03.6,2026-09-17,e99d97a3665c237f,RDKit Descriptors.descList; 2D
12,catechol,Kappa2,1.7381205361963379,,RDKit,2026.03.6,2026-09-17,e99d97a3665c237f,RDKit Descriptors.descList; 2D
12,catechol,Kappa3,0.7293748574130688,,RDKit,2026.03.6,2026-09-17,e99d97a3665c237f,RDKit Descriptors.descList; 2D
12,catechol,LabuteASA,47.01987062388899,,RDKit,2026.03.6,2026-09-17,e99d97a3665c237f,RDKit Descriptors.descList; 2D
12,catechol,PEOE_VSA1,10.213054789681411,,RDKit,2026.03.6,2026-09-17,e99d97a3665c237f,RDKit Descriptors.descList; 2D
12,catechol,PEOE_VSA10,0.0,,RDKit,2026.03.6,2026-09-17,e99d97a3665c237f,RDKit Descriptors.descList; 2D
12,catechol,PEOE_VSA11,11.49902366656781,,RDKit,2026.03.6,2026-09-17,e99d97a3665c237f,RDKit Descriptors.descList; 2D
12,catechol,PEOE_VSA12,0.0,,RDKit,2026.03.6,2026-09-17,e99d97a3665c237f,RDKit Descriptors.descList; 2D
12,catechol,PEOE_VSA13,0.0,,RDKit,2026.03.6,2026-09-17,e99d97a3665c237f,RDKit Descriptors.descList; 2D
12,catechol,PEOE_VSA14,0.0,,RDKit,2026.03.6,2026-09-17,e99d97a3665c237f,RDKit Descriptors.descList; 2D
12,catechol,PEOE_VSA2,0.0,,RDKit,2026.03.6,2026-09-17,e99d97a3665c237f,RDKit Descriptors.descList; 2D
12,catechol,PEOE_VSA3,0.0,,RDKit,2026.03.6,2026-09-17,e99d97a3665c237f,RDKit Descriptors.descList; 2D
12,catechol,PEOE_VSA4,0.0,,RDKit,2026.03.6,2026-09-17,e99d97a3665c237f,RDKit Descriptors.descList; 2D
12,catechol,PEOE_VSA5,0.0,,RDKit,2026.03.6,2026-09-17,e99d97a3665c237f,RDKit Descriptors.descList; 2D
12,catechol,PEOE_VSA6,12.13273413692322,,RDKit,2026.03.6,2026-09-17,e99d97a3665c237f,RDKit Descriptors.descList; 2D
12,catechol,PEOE_VSA7,12.13273413692322,,RDKit,2026.03.6,2026-09-17,e99d97a3665c237f,RDKit Descriptors.descList; 2D
12,catechol,PEOE_VSA8,0.0,,RDKit,2026.03.6,2026-09-17,e99d97a3665c237f,RDKit Descriptors.descList; 2D
12,catechol,PEOE_VSA9,0.0,,RDKit,2026.03.6,2026-09-17,e99d97a3665c237f,RDKit Descriptors.descList; 2D
12,catechol,SMR_VSA1,10.213054789681411,,RDKit,2026.03.6,2026-09-17,e99d97a3665c237f,RDKit Descriptors.descList; 2D
12,catechol,SMR_VSA10,0.0,,RDKit,2026.03.6,2026-09-17,e99d97a3665c237f,RDKit Descriptors.descList; 2D
12,catechol,SMR_VSA2,0.0,,RDKit,2026.03.6,2026-09-17,e99d97a3665c237f,RDKit Descriptors.descList; 2D
12,catechol,SMR_VSA3,0.0,,RDKit,2026.03.6,2026-09-17,e99d97a3665c237f,RDKit Descriptors.descList; 2D
12,catechol,SMR_VSA4,0.0,,RDKit,2026.03.6,2026-09-17,e99d97a3665c237f,RDKit Descriptors.descList; 2D
12,catechol,SMR_VSA5,0.0,,RDKit,2026.03.6,2026-09-17,e99d97a3665c237f,RDKit Descriptors.descList; 2D
12,catechol,SMR_VSA6,0.0,,RDKit,2026.03.6,2026-09-17,e99d97a3665c237f,RDKit Descriptors.descList; 2D
12,catechol,SMR_VSA7,24.26546827384644,,RDKit,2026.03.6,2026-09-17,e99d97a3665c237f,RDKit Descriptors.descList; 2D
12,catechol,SMR_VSA8,0.0,,RDKit,2026.03.6,2026-09-17,e99d97a3665c237f,RDKit Descriptors.descList; 2D
12,catechol,SMR_VSA9,11.49902366656781,,RDKit,2026.03.6,2026-09-17,e99d97a3665c237f,RDKit Descriptors.descList; 2D
12,catechol,SlogP_VSA1,0.0,,RDKit,2026.03.6,2026-09-17,e99d97a3665c237f,RDKit Descriptors.descList; 2D
12,catechol,SlogP_VSA10,0.0,,RDKit,2026.03.6,2026-09-17,e99d97a3665c237f,RDKit Descriptors.descList; 2D
12,catechol,SlogP_VSA11,11.49902366656781,,RDKit,2026.03.6,2026-09-17,e99d97a3665c237f,RDKit Descriptors.descList; 2D
12,catechol,SlogP_VSA12,0.0,,RDKit,2026.03.6,2026-09-17,e99d97a3665c237f,RDKit Descriptors.descList; 2D
12,catechol,SlogP_VSA2,10.213054789681411,,RDKit,2026.03.6,2026-09-17,e99d97a3665c237f,RDKit Descriptors.descList; 2D
12,catechol,SlogP_VSA3,0.0,,RDKit,2026.03.6,2026-09-17,e99d97a3665c237f,RDKit Descriptors.descList; 2D
12,catechol,SlogP_VSA4,0.0,,RDKit,2026.03.6,2026-09-17,e99d97a3665c237f,RDKit Descriptors.descList; 2D
12,catechol,SlogP_VSA5,0.0,,RDKit,2026.03.6,2026-09-17,e99d97a3665c237f,RDKit Descriptors.descList; 2D
12,catechol,SlogP_VSA6,24.26546827384644,,RDKit,2026.03.6,2026-09-17,e99d97a3665c237f,RDKit Descriptors.descList; 2D
12,catechol,SlogP_VSA7,0.0,,RDKit,2026.03.6,2026-09-17,e99d97a3665c237f,RDKit Descriptors.descList; 2D
12,catechol,SlogP_VSA8,0.0,,RDKit,2026.03.6,2026-09-17,e99d97a3665c237f,RDKit Descriptors.descList; 2D
12,catechol,SlogP_VSA9,0.0,,RDKit,2026.03.6,2026-09-17,e99d97a3665c237f,RDKit Descriptors.descList; 2D
12,catechol,TPSA,40.46,,RDKit,2026.03.6,2026-09-17,e99d97a3665c237f,RDKit Descriptors.descList; 2D
12,catechol,EState_VSA1,0.0,,RDKit,2026.03.6,2026-09-17,e99d97a3665c237f,RDKit Descriptors.descList; 2D
12,catechol,EState_VSA10,0.0,,RDKit,2026.03.6,2026-09-17,e99d97a3665c237f,RDKit Descriptors.descList; 2D
12,catechol,EState_VSA11,0.0,,RDKit,2026.03.6,2026-09-17,e99d97a3665c237f,RDKit Descriptors.descList; 2D
12,catechol,EState_VSA2,11.49902366656781,,RDKit,2026.03.6,2026-09-17,e99d97a3665c237f,RDKit Descriptors.descList; 2D
12,catechol,EState_VSA3,0.0,,RDKit,2026.03.6,2026-09-17,e99d97a3665c237f,RDKit Descriptors.descList; 2D
12,catechol,EState_VSA4,0.0,,RDKit,2026.03.6,2026-09-17,e99d97a3665c237f,RDKit Descriptors.descList; 2D
12,catechol,EState_VSA5,12.13273413692322,,RDKit,2026.03.6,2026-09-17,e99d97a3665c237f,RDKit Descriptors.descList; 2D
12,catechol,EState_VSA6,12.13273413692322,,RDKit,2026.03.6,2026-09-17,e99d97a3665c237f,RDKit Descriptors.descList; 2D
12,catechol,EState_VSA7,0.0,,RDKit,2026.03.6,2026-09-17,e99d97a3665c237f,RDKit Descriptors.descList; 2D
12,catechol,EState_VSA8,0.0,,RDKit,2026.03.6,2026-09-17,e99d97a3665c237f,RDKit Descriptors.descList; 2D
12,catechol,EState_VSA9,10.213054789681411,,RDKit,2026.03.6,2026-09-17,e99d97a3665c237f,RDKit Descriptors.descList; 2D
12,catechol,VSA_EState1,0.0,,RDKit,2026.03.6,2026-09-17,e99d97a3665c237f,RDKit Descriptors.descList; 2D
12,catechol,VSA_EState10,0.0,,RDKit,2026.03.6,2026-09-17,e99d97a3665c237f,RDKit Descriptors.descList; 2D
12,catechol,VSA_EState2,0.0,,RDKit,2026.03.6,2026-09-17,e99d97a3665c237f,RDKit Descriptors.descList; 2D
12,catechol,VSA_EState3,17.33851851851852,,RDKit,2026.03.6,2026-09-17,e99d97a3665c237f,RDKit Descriptors.descList; 2D
12,catechol,VSA_EState4,0.0,,RDKit,2026.03.6,2026-09-17,e99d97a3665c237f,RDKit Descriptors.descList; 2D
12,catechol,VSA_EState5,-0.15277777777777724,,RDKit,2026.03.6,2026-09-17,e99d97a3665c237f,RDKit Descriptors.descList; 2D
12,catechol,VSA_EState6,6.147592592592593,,RDKit,2026.03.6,2026-09-17,e99d97a3665c237f,RDKit Descriptors.descList; 2D
12,catechol,VSA_EState7,0.0,,RDKit,2026.03.6,2026-09-17,e99d97a3665c237f,RDKit Descriptors.descList; 2D
12,catechol,VSA_EState8,0.0,,RDKit,2026.03.6,2026-09-17,e99d97a3665c237f,RDKit Descriptors.descList; 2D
12,catechol,VSA_EState9,0.0,,RDKit,2026.03.6,2026-09-17,e99d97a3665c237f,RDKit Descriptors.descList; 2D
12,catechol,FractionCSP3,0.0,,RDKit,2026.03.6,2026-09-17,e99d97a3665c237f,RDKit Descriptors.descList; 2D
12,catechol,HeavyAtomCount,8.0,,RDKit,2026.03.6,2026-09-17,e99d97a3665c237f,RDKit Descriptors.descList; 2D
12,catechol,NHOHCount,2.0,,RDKit,2026.03.6,2026-09-17,e99d97a3665c237f,RDKit Descriptors.descList; 2D
12,catechol,NOCount,2.0,,RDKit,2026.03.6,2026-09-17,e99d97a3665c237f,RDKit Descriptors.descList; 2D
12,catechol,NumAliphaticCarbocycles,0.0,,RDKit,2026.03.6,2026-09-17,e99d97a3665c237f,RDKit Descriptors.descList; 2D
12,catechol,NumAliphaticHeterocycles,0.0,,RDKit,2026.03.6,2026-09-17,e99d97a3665c237f,RDKit Descriptors.descList; 2D
12,catechol,NumAliphaticRings,0.0,,RDKit,2026.03.6,2026-09-17,e99d97a3665c237f,RDKit Descriptors.descList; 2D
12,catechol,NumAmideBonds,0.0,,RDKit,2026.03.6,2026-09-17,e99d97a3665c237f,RDKit Descriptors.descList; 2D
12,catechol,NumAromaticCarbocycles,1.0,,RDKit,2026.03.6,2026-09-17,e99d97a3665c237f,RDKit Descriptors.descList; 2D
12,catechol,NumAromaticHeterocycles,0.0,,RDKit,2026.03.6,2026-09-17,e99d97a3665c237f,RDKit Descriptors.descList; 2D
12,catechol,NumAromaticRings,1.0,,RDKit,2026.03.6,2026-09-17,e99d97a3665c237f,RDKit Descriptors.descList; 2D
12,catechol,NumAtomStereoCenters,0.0,,RDKit,2026.03.6,2026-09-17,e99d97a3665c237f,RDKit Descriptors.descList; 2D
12,catechol,NumBridgeheadAtoms,0.0,,RDKit,2026.03.6,2026-09-17,e99d97a3665c237f,RDKit Descriptors.descList; 2D
12,catechol,NumHAcceptors,2.0,,RDKit,2026.03.6,2026-09-17,e99d97a3665c237f,RDKit Descriptors.descList; 2D
12,catechol,NumHDonors,2.0,,RDKit,2026.03.6,2026-09-17,e99d97a3665c237f,RDKit Descriptors.descList; 2D
12,catechol,NumHeteroatoms,2.0,,RDKit,2026.03.6,2026-09-17,e99d97a3665c237f,RDKit Descriptors.descList; 2D
12,catechol,NumHeterocycles,0.0,,RDKit,2026.03.6,2026-09-17,e99d97a3665c237f,RDKit Descriptors.descList; 2D
12,catechol,NumRotatableBonds,0.0,,RDKit,2026.03.6,2026-09-17,e99d97a3665c237f,RDKit Descriptors.descList; 2D
12,catechol,NumSaturatedCarbocycles,0.0,,RDKit,2026.03.6,2026-09-17,e99d97a3665c237f,RDKit Descriptors.descList; 2D
12,catechol,NumSaturatedHeterocycles,0.0,,RDKit,2026.03.6,2026-09-17,e99d97a3665c237f,RDKit Descriptors.descList; 2D
12,catechol,NumSaturatedRings,0.0,,RDKit,2026.03.6,2026-09-17,e99d97a3665c237f,RDKit Descriptors.descList; 2D
12,catechol,NumSpiroAtoms,0.0,,RDKit,2026.03.6,2026-09-17,e99d97a3665c237f,RDKit Descriptors.descList; 2D
12,catechol,NumUnspecifiedAtomStereoCenters,0.0,,RDKit,2026.03.6,2026-09-17,e99d97a3665c237f,RDKit Descriptors.descList; 2D
12,catechol,Phi,1.0790746710091061,,RDKit,2026.03.6,2026-09-17,e99d97a3665c237f,RDKit Descriptors.descList; 2D
12,catechol,RingCount,1.0,,RDKit,2026.03.6,2026-09-17,e99d97a3665c237f,RDKit Descriptors.descList; 2D
12,catechol,MolLogP,1.0977999999999994,,RDKit,2026.03.6,2026-09-17,e99d97a3665c237f,RDKit Descriptors.descList; 2D
12,catechol,MolMR,29.771599999999992,,RDKit,2026.03.6,2026-09-17,e99d97a3665c237f,RDKit Descriptors.descList; 2D
12,catechol,fr_Al_COO,0.0,,RDKit,2026.03.6,2026-09-17,e99d97a3665c237f,RDKit Descriptors.descList; 2D
12,catechol,fr_Al_OH,0.0,,RDKit,2026.03.6,2026-09-17,e99d97a3665c237f,RDKit Descriptors.descList; 2D
12,catechol,fr_Al_OH_noTert,0.0,,RDKit,2026.03.6,2026-09-17,e99d97a3665c237f,RDKit Descriptors.descList; 2D
12,catechol,fr_ArN,0.0,,RDKit,2026.03.6,2026-09-17,e99d97a3665c237f,RDKit Descriptors.descList; 2D
12,catechol,fr_Ar_COO,0.0,,RDKit,2026.03.6,2026-09-17,e99d97a3665c237f,RDKit Descriptors.descList; 2D
12,catechol,fr_Ar_N,0.0,,RDKit,2026.03.6,2026-09-17,e99d97a3665c237f,RDKit Descriptors.descList; 2D
12,catechol,fr_Ar_NH,0.0,,RDKit,2026.03.6,2026-09-17,e99d97a3665c237f,RDKit Descriptors.descList; 2D
12,catechol,fr_Ar_OH,2.0,,RDKit,2026.03.6,2026-09-17,e99d97a3665c237f,RDKit Descriptors.descList; 2D
12,catechol,fr_COO,0.0,,RDKit,2026.03.6,2026-09-17,e99d97a3665c237f,RDKit Descriptors.descList; 2D
12,catechol,fr_COO2,0.0,,RDKit,2026.03.6,2026-09-17,e99d97a3665c237f,RDKit Descriptors.descList; 2D
12,catechol,fr_C_O,0.0,,RDKit,2026.03.6,2026-09-17,e99d97a3665c237f,RDKit Descriptors.descList; 2D
12,catechol,fr_C_O_noCOO,0.0,,RDKit,2026.03.6,2026-09-17,e99d97a3665c237f,RDKit Descriptors.descList; 2D
12,catechol,fr_C_S,0.0,,RDKit,2026.03.6,2026-09-17,e99d97a3665c237f,RDKit Descriptors.descList; 2D
12,catechol,fr_HOCCN,0.0,,RDKit,2026.03.6,2026-09-17,e99d97a3665c237f,RDKit Descriptors.descList; 2D
12,catechol,fr_Imine,0.0,,RDKit,2026.03.6,2026-09-17,e99d97a3665c237f,RDKit Descriptors.descList; 2D
12,catechol,fr_NH0,0.0,,RDKit,2026.03.6,2026-09-17,e99d97a3665c237f,RDKit Descriptors.descList; 2D
12,catechol,fr_NH1,0.0,,RDKit,2026.03.6,2026-09-17,e99d97a3665c237f,RDKit Descriptors.descList; 2D
12,catechol,fr_NH2,0.0,,RDKit,2026.03.6,2026-09-17,e99d97a3665c237f,RDKit Descriptors.descList; 2D
12,catechol,fr_N_O,0.0,,RDKit,2026.03.6,2026-09-17,e99d97a3665c237f,RDKit Descriptors.descList; 2D
12,catechol,fr_Ndealkylation1,0.0,,RDKit,2026.03.6,2026-09-17,e99d97a3665c237f,RDKit Descriptors.descList; 2D
12,catechol,fr_Ndealkylation2,0.0,,RDKit,2026.03.6,2026-09-17,e99d97a3665c237f,RDKit Descriptors.descList; 2D
12,catechol,fr_Nhpyrrole,0.0,,RDKit,2026.03.6,2026-09-17,e99d97a3665c237f,RDKit Descriptors.descList; 2D
12,catechol,fr_SH,0.0,,RDKit,2026.03.6,2026-09-17,e99d97a3665c237f,RDKit Descriptors.descList; 2D
12,catechol,fr_aldehyde,0.0,,RDKit,2026.03.6,2026-09-17,e99d97a3665c237f,RDKit Descriptors.descList; 2D
12,catechol,fr_alkyl_carbamate,0.0,,RDKit,2026.03.6,2026-09-17,e99d97a3665c237f,RDKit Descriptors.descList; 2D
12,catechol,fr_alkyl_halide,0.0,,RDKit,2026.03.6,2026-09-17,e99d97a3665c237f,RDKit Descriptors.descList; 2D
12,catechol,fr_allylic_oxid,0.0,,RDKit,2026.03.6,2026-09-17,e99d97a3665c237f,RDKit Descriptors.descList; 2D
12,catechol,fr_amide,0.0,,RDKit,2026.03.6,2026-09-17,e99d97a3665c237f,RDKit Descriptors.descList; 2D
12,catechol,fr_amidine,0.0,,RDKit,2026.03.6,2026-09-17,e99d97a3665c237f,RDKit Descriptors.descList; 2D
12,catechol,fr_aniline,0.0,,RDKit,2026.03.6,2026-09-17,e99d97a3665c237f,RDKit Descriptors.descList; 2D
12,catechol,fr_aryl_methyl,0.0,,RDKit,2026.03.6,2026-09-17,e99d97a3665c237f,RDKit Descriptors.descList; 2D
12,catechol,fr_azide,0.0,,RDKit,2026.03.6,2026-09-17,e99d97a3665c237f,RDKit Descriptors.descList; 2D
12,catechol,fr_azo,0.0,,RDKit,2026.03.6,2026-09-17,e99d97a3665c237f,RDKit Descriptors.descList; 2D
12,catechol,fr_barbitur,0.0,,RDKit,2026.03.6,2026-09-17,e99d97a3665c237f,RDKit Descriptors.descList; 2D
12,catechol,fr_benzene,1.0,,RDKit,2026.03.6,2026-09-17,e99d97a3665c237f,RDKit Descriptors.descList; 2D
12,catechol,fr_benzodiazepine,0.0,,RDKit,2026.03.6,2026-09-17,e99d97a3665c237f,RDKit Descriptors.descList; 2D
12,catechol,fr_bicyclic,0.0,,RDKit,2026.03.6,2026-09-17,e99d97a3665c237f,RDKit Descriptors.descList; 2D
12,catechol,fr_diazo,0.0,,RDKit,2026.03.6,2026-09-17,e99d97a3665c237f,RDKit Descriptors.descList; 2D
12,catechol,fr_dihydropyridine,0.0,,RDKit,2026.03.6,2026-09-17,e99d97a3665c237f,RDKit Descriptors.descList; 2D
12,catechol,fr_epoxide,0.0,,RDKit,2026.03.6,2026-09-17,e99d97a3665c237f,RDKit Descriptors.descList; 2D
12,catechol,fr_ester,0.0,,RDKit,2026.03.6,2026-09-17,e99d97a3665c237f,RDKit Descriptors.descList; 2D
12,catechol,fr_ether,0.0,,RDKit,2026.03.6,2026-09-17,e99d97a3665c237f,RDKit Descriptors.descList; 2D
12,catechol,fr_furan,0.0,,RDKit,2026.03.6,2026-09-17,e99d97a3665c237f,RDKit Descriptors.descList; 2D
12,catechol,fr_guanido,0.0,,RDKit,2026.03.6,2026-09-17,e99d97a3665c237f,RDKit Descriptors.descList; 2D
12,catechol,fr_halogen,0.0,,RDKit,2026.03.6,2026-09-17,e99d97a3665c237f,RDKit Descriptors.descList; 2D
12,catechol,fr_hdrzine,0.0,,RDKit,2026.03.6,2026-09-17,e99d97a3665c237f,RDKit Descriptors.descList; 2D
12,catechol,fr_hdrzone,0.0,,RDKit,2026.03.6,2026-09-17,e99d97a3665c237f,RDKit Descriptors.descList; 2D
12,catechol,fr_imidazole,0.0,,RDKit,2026.03.6,2026-09-17,e99d97a3665c237f,RDKit Descriptors.descList; 2D
12,catechol,fr_imide,0.0,,RDKit,2026.03.6,2026-09-17,e99d97a3665c237f,RDKit Descriptors.descList; 2D
12,catechol,fr_isocyan,0.0,,RDKit,2026.03.6,2026-09-17,e99d97a3665c237f,RDKit Descriptors.descList; 2D
12,catechol,fr_isothiocyan,0.0,,RDKit,2026.03.6,2026-09-17,e99d97a3665c237f,RDKit Descriptors.descList; 2D
12,catechol,fr_ketone,0.0,,RDKit,2026.03.6,2026-09-17,e99d97a3665c237f,RDKit Descriptors.descList; 2D
12,catechol,fr_ketone_Topliss,0.0,,RDKit,2026.03.6,2026-09-17,e99d97a3665c237f,RDKit Descriptors.descList; 2D
12,catechol,fr_lactam,0.0,,RDKit,2026.03.6,2026-09-17,e99d97a3665c237f,RDKit Descriptors.descList; 2D
12,catechol,fr_lactone,0.0,,RDKit,2026.03.6,2026-09-17,e99d97a3665c237f,RDKit Descriptors.descList; 2D
12,catechol,fr_methoxy,0.0,,RDKit,2026.03.6,2026-09-17,e99d97a3665c237f,RDKit Descriptors.descList; 2D
12,catechol,fr_morpholine,0.0,,RDKit,2026.03.6,2026-09-17,e99d97a3665c237f,RDKit Descriptors.descList; 2D
12,catechol,fr_nitrile,0.0,,RDKit,2026.03.6,2026-09-17,e99d97a3665c237f,RDKit Descriptors.descList; 2D
12,catechol,fr_nitro,0.0,,RDKit,2026.03.6,2026-09-17,e99d97a3665c237f,RDKit Descriptors.descList; 2D
12,catechol,fr_nitro_arom,0.0,,RDKit,2026.03.6,2026-09-17,e99d97a3665c237f,RDKit Descriptors.descList; 2D
12,catechol,fr_nitro_arom_nonortho,0.0,,RDKit,2026.03.6,2026-09-17,e99d97a3665c237f,RDKit Descriptors.descList; 2D
12,catechol,fr_nitroso,0.0,,RDKit,2026.03.6,2026-09-17,e99d97a3665c237f,RDKit Descriptors.descList; 2D
12,catechol,fr_oxazole,0.0,,RDKit,2026.03.6,2026-09-17,e99d97a3665c237f,RDKit Descriptors.descList; 2D
12,catechol,fr_oxime,0.0,,RDKit,2026.03.6,2026-09-17,e99d97a3665c237f,RDKit Descriptors.descList; 2D
12,catechol,fr_para_hydroxylation,2.0,,RDKit,2026.03.6,2026-09-17,e99d97a3665c237f,RDKit Descriptors.descList; 2D
12,catechol,fr_phenol,2.0,,RDKit,2026.03.6,2026-09-17,e99d97a3665c237f,RDKit Descriptors.descList; 2D
12,catechol,fr_phenol_noOrthoHbond,2.0,,RDKit,2026.03.6,2026-09-17,e99d97a3665c237f,RDKit Descriptors.descList; 2D
12,catechol,fr_phos_acid,0.0,,RDKit,2026.03.6,2026-09-17,e99d97a3665c237f,RDKit Descriptors.descList; 2D
12,catechol,fr_phos_ester,0.0,,RDKit,2026.03.6,2026-09-17,e99d97a3665c237f,RDKit Descriptors.descList; 2D
12,catechol,fr_piperdine,0.0,,RDKit,2026.03.6,2026-09-17,e99d97a3665c237f,RDKit Descriptors.descList; 2D
12,catechol,fr_piperzine,0.0,,RDKit,2026.03.6,2026-09-17,e99d97a3665c237f,RDKit Descriptors.descList; 2D
12,catechol,fr_priamide,0.0,,RDKit,2026.03.6,2026-09-17,e99d97a3665c237f,RDKit Descriptors.descList; 2D
12,catechol,fr_prisulfonamd,0.0,,RDKit,2026.03.6,2026-09-17,e99d97a3665c237f,RDKit Descriptors.descList; 2D
12,catechol,fr_pyridine,0.0,,RDKit,2026.03.6,2026-09-17,e99d97a3665c237f,RDKit Descriptors.descList; 2D
12,catechol,fr_quatN,0.0,,RDKit,2026.03.6,2026-09-17,e99d97a3665c237f,RDKit Descriptors.descList; 2D
12,catechol,fr_sulfide,0.0,,RDKit,2026.03.6,2026-09-17,e99d97a3665c237f,RDKit Descriptors.descList; 2D
12,catechol,fr_sulfonamd,0.0,,RDKit,2026.03.6,2026-09-17,e99d97a3665c237f,RDKit Descriptors.descList; 2D
12,catechol,fr_sulfone,0.0,,RDKit,2026.03.6,2026-09-17,e99d97a3665c237f,RDKit Descriptors.descList; 2D
12,catechol,fr_term_acetylene,0.0,,RDKit,2026.03.6,2026-09-17,e99d97a3665c237f,RDKit Descriptors.descList; 2D
12,catechol,fr_tetrazole,0.0,,RDKit,2026.03.6,2026-09-17,e99d97a3665c237f,RDKit Descriptors.descList; 2D
12,catechol,fr_thiazole,0.0,,RDKit,2026.03.6,2026-09-17,e99d97a3665c237f,RDKit Descriptors.descList; 2D
12,catechol,fr_thiocyan,0.0,,RDKit,2026.03.6,2026-09-17,e99d97a3665c237f,RDKit Descriptors.descList; 2D
12,catechol,fr_thiophene,0.0,,RDKit,2026.03.6,2026-09-17,e99d97a3665c237f,RDKit Descriptors.descList; 2D
12,catechol,fr_unbrch_alkane,0.0,,RDKit,2026.03.6,2026-09-17,e99d97a3665c237f,RDKit Descriptors.descList; 2D
12,catechol,fr_urea,0.0,,RDKit,2026.03.6,2026-09-17,e99d97a3665c237f,RDKit Descriptors.descList; 2D
13,cyclohexane,MaxAbsEStateIndex,1.5,,RDKit,2026.03.6,2026-09-17,e99d97a3665c237f,RDKit Descriptors.descList; 2D
13,cyclohexane,MaxEStateIndex,1.5,,RDKit,2026.03.6,2026-09-17,e99d97a3665c237f,RDKit Descriptors.descList; 2D
13,cyclohexane,MinAbsEStateIndex,1.5,,RDKit,2026.03.6,2026-09-17,e99d97a3665c237f,RDKit Descriptors.descList; 2D
13,cyclohexane,MinEStateIndex,1.5,,RDKit,2026.03.6,2026-09-17,e99d97a3665c237f,RDKit Descriptors.descList; 2D
13,cyclohexane,qed,0.42231618686094674,,RDKit,2026.03.6,2026-09-17,e99d97a3665c237f,RDKit Descriptors.descList; 2D
13,cyclohexane,SPS,24.0,,RDKit,2026.03.6,2026-09-17,e99d97a3665c237f,RDKit Descriptors.descList; 2D
13,cyclohexane,MolWt,84.162,,RDKit,2026.03.6,2026-09-17,e99d97a3665c237f,RDKit Descriptors.descList; 2D
13,cyclohexane,HeavyAtomMolWt,72.06599999999999,,RDKit,2026.03.6,2026-09-17,e99d97a3665c237f,RDKit Descriptors.descList; 2D
13,cyclohexane,ExactMolWt,84.093900384,,RDKit,2026.03.6,2026-09-17,e99d97a3665c237f,RDKit Descriptors.descList; 2D
13,cyclohexane,NumValenceElectrons,36.0,,RDKit,2026.03.6,2026-09-17,e99d97a3665c237f,RDKit Descriptors.descList; 2D
13,cyclohexane,NumRadicalElectrons,0.0,,RDKit,2026.03.6,2026-09-17,e99d97a3665c237f,RDKit Descriptors.descList; 2D
13,cyclohexane,MaxPartialCharge,-0.0533059727891157,,RDKit,2026.03.6,2026-09-17,e99d97a3665c237f,RDKit Descriptors.descList; 2D
13,cyclohexane,MinPartialCharge,-0.0533059727891157,,RDKit,2026.03.6,2026-09-17,e99d97a3665c237f,RDKit Descriptors.descList; 2D
13,cyclohexane,MaxAbsPartialCharge,0.0533059727891157,,RDKit,2026.03.6,2026-09-17,e99d97a3665c237f,RDKit Descriptors.descList; 2D
13,cyclohexane,MinAbsPartialCharge,0.0533059727891157,,RDKit,2026.03.6,2026-09-17,e99d97a3665c237f,RDKit Descriptors.descList; 2D
13,cyclohexane,FpDensityMorgan1,0.3333333333333333,,RDKit,2026.03.6,2026-09-17,e99d97a3665c237f,RDKit Descriptors.descList; 2D
13,cyclohexane,FpDensityMorgan2,0.5,,RDKit,2026.03.6,2026-09-17,e99d97a3665c237f,RDKit Descriptors.descList; 2D
13,cyclohexane,FpDensityMorgan3,0.6666666666666666,,RDKit,2026.03.6,2026-09-17,e99d97a3665c237f,RDKit Descriptors.descList; 2D
13,cyclohexane,BCUT2D_MWHI,14.014,,RDKit,2026.03.6,2026-09-17,e99d97a3665c237f,RDKit Descriptors.descList; 2D
13,cyclohexane,BCUT2D_MWLOW,10.012,,RDKit,2026.03.6,2026-09-17,e99d97a3665c237f,RDKit Descriptors.descList; 2D
13,cyclohexane,BCUT2D_CHGHI,1.9496940272108838,,RDKit,2026.03.6,2026-09-17,e99d97a3665c237f,RDKit Descriptors.descList; 2D
13,cyclohexane,BCUT2D_CHGLO,-2.052305972789116,,RDKit,2026.03.6,2026-09-17,e99d97a3665c237f,RDKit Descriptors.descList; 2D
13,cyclohexane,BCUT2D_LOGPHI,2.1470999999999996,,RDKit,2026.03.6,2026-09-17,e99d97a3665c237f,RDKit Descriptors.descList; 2D
13,cyclohexane,BCUT2D_LOGPLOW,-1.8548999999999998,,RDKit,2026.03.6,2026-09-17,e99d97a3665c237f,RDKit Descriptors.descList; 2D
13,cyclohexane,BCUT2D_MRHI,4.506,,RDKit,2026.03.6,2026-09-17,e99d97a3665c237f,RDKit Descriptors.descList; 2D
13,cyclohexane,BCUT2D_MRLOW,0.5039999999999998,,RDKit,2026.03.6,2026-09-17,e99d97a3665c237f,RDKit Descriptors.descList; 2D
13,cyclohexane,AvgIpc,1.719973094021975,,RDKit,2026.03.6,2026-09-17,e99d97a3665c237f,RDKit Descriptors.descList; 2D
13,cyclohexane,BalabanJ,2.0,,RDKit,2026.03.6,2026-09-17,e99d97a3665c237f,RDKit Descriptors.descList; 2D
13,cyclohexane,BertzCT,15.509775004326936,,RDKit,2026.03.6,2026-09-17,e99d97a3665c237f,RDKit Descriptors.descList; 2D
13,cyclohexane,Chi0,4.242640687119286,,RDKit,2026.03.6,2026-09-17,e99d97a3665c237f,RDKit Descriptors.descList; 2D
13,cyclohexane,Chi0n,4.242640687119285,,RDKit,2026.03.6,2026-09-17,e99d97a3665c237f,RDKit Descriptors.descList; 2D
13,cyclohexane,Chi0v,4.242640687119285,,RDKit,2026.03.6,2026-09-17,e99d97a3665c237f,RDKit Descriptors.descList; 2D
13,cyclohexane,Chi1,3.0,,RDKit,2026.03.6,2026-09-17,e99d97a3665c237f,RDKit Descriptors.descList; 2D
13,cyclohexane,Chi1n,2.9999999999999996,,RDKit,2026.03.6,2026-09-17,e99d97a3665c237f,RDKit Descriptors.descList; 2D
13,cyclohexane,Chi1v,2.9999999999999996,,RDKit,2026.03.6,2026-09-17,e99d97a3665c237f,RDKit Descriptors.descList; 2D
13,cyclohexane,Chi2n,2.121320343559642,,RDKit,2026.03.6,2026-09-17,e99d97a3665c237f,RDKit Descriptors.descList; 2D
13,cyclohexane,Chi2v,2.121320343559642,,RDKit,2026.03.6,2026-09-17,e99d97a3665c237f,RDKit Descriptors.descList; 2D
13,cyclohexane,Chi3n,1.4999999999999996,,RDKit,2026.03.6,2026-09-17,e99d97a3665c237f,RDKit Descriptors.descList; 2D
13,cyclohexane,Chi3v,1.4999999999999996,,RDKit,2026.03.6,2026-09-17,e99d97a3665c237f,RDKit Descriptors.descList; 2D
13,cyclohexane,Chi4n,1.0606601717798207,,RDKit,2026.03.6,2026-09-17,e99d97a3665c237f,RDKit Descriptors.descList; 2D
13,cyclohexane,Chi4v,1.0606601717798207,,RDKit,2026.03.6,2026-09-17,e99d97a3665c237f,RDKit Descriptors.descList; 2D
13,cyclohexane,HallKierAlpha,0.0,,RDKit,2026.03.6,2026-09-17,e99d97a3665c237f,RDKit Descriptors.descList; 2D
13,cyclohexane,Ipc,34.3994618804395,,RDKit,2026.03.6,2026-09-17,e99d97a3665c237f,RDKit Descriptors.descList; 2D
13,cyclohexane,Kappa1,4.166666666666667,,RDKit,2026.03.6,2026-09-17,e99d97a3665c237f,RDKit Descriptors.descList; 2D
13,cyclohexane,Kappa2,2.2222222222222223,,RDKit,2026.03.6,2026-09-17,e99d97a3665c237f,RDKit Descriptors.descList; 2D
13,cyclohexane,Kappa3,1.0,,RDKit,2026.03.6,2026-09-17,e99d97a3665c237f,RDKit Descriptors.descList; 2D
13,cyclohexane,LabuteASA,39.55813044628337,,RDKit,2026.03.6,2026-09-17,e99d97a3665c237f,RDKit Descriptors.descList; 2D
13,cyclohexane,PEOE_VSA1,0.0,,RDKit,2026.03.6,2026-09-17,e99d97a3665c237f,RDKit Descriptors.descList; 2D
13,cyclohexane,PEOE_VSA10,0.0,,RDKit,2026.03.6,2026-09-17,e99d97a3665c237f,RDKit Descriptors.descList; 2D
13,cyclohexane,PEOE_VSA11,0.0,,RDKit,2026.03.6,2026-09-17,e99d97a3665c237f,RDKit Descriptors.descList; 2D
13,cyclohexane,PEOE_VSA12,0.0,,RDKit,2026.03.6,2026-09-17,e99d97a3665c237f,RDKit Descriptors.descList; 2D
13,cyclohexane,PEOE_VSA13,0.0,,RDKit,2026.03.6,2026-09-17,e99d97a3665c237f,RDKit Descriptors.descList; 2D
13,cyclohexane,PEOE_VSA14,0.0,,RDKit,2026.03.6,2026-09-17,e99d97a3665c237f,RDKit Descriptors.descList; 2D
13,cyclohexane,PEOE_VSA2,0.0,,RDKit,2026.03.6,2026-09-17,e99d97a3665c237f,RDKit Descriptors.descList; 2D
13,cyclohexane,PEOE_VSA3,0.0,,RDKit,2026.03.6,2026-09-17,e99d97a3665c237f,RDKit Descriptors.descList; 2D
13,cyclohexane,PEOE_VSA4,0.0,,RDKit,2026.03.6,2026-09-17,e99d97a3665c237f,RDKit Descriptors.descList; 2D
13,cyclohexane,PEOE_VSA5,0.0,,RDKit,2026.03.6,2026-09-17,e99d97a3665c237f,RDKit Descriptors.descList; 2D
13,cyclohexane,PEOE_VSA6,38.524929737556064,,RDKit,2026.03.6,2026-09-17,e99d97a3665c237f,RDKit Descriptors.descList; 2D
13,cyclohexane,PEOE_VSA7,0.0,,RDKit,2026.03.6,2026-09-17,e99d97a3665c237f,RDKit Descriptors.descList; 2D
13,cyclohexane,PEOE_VSA8,0.0,,RDKit,2026.03.6,2026-09-17,e99d97a3665c237f,RDKit Descriptors.descList; 2D
13,cyclohexane,PEOE_VSA9,0.0,,RDKit,2026.03.6,2026-09-17,e99d97a3665c237f,RDKit Descriptors.descList; 2D
13,cyclohexane,SMR_VSA1,0.0,,RDKit,2026.03.6,2026-09-17,e99d97a3665c237f,RDKit Descriptors.descList; 2D
13,cyclohexane,SMR_VSA10,0.0,,RDKit,2026.03.6,2026-09-17,e99d97a3665c237f,RDKit Descriptors.descList; 2D
13,cyclohexane,SMR_VSA2,0.0,,RDKit,2026.03.6,2026-09-17,e99d97a3665c237f,RDKit Descriptors.descList; 2D
13,cyclohexane,SMR_VSA3,0.0,,RDKit,2026.03.6,2026-09-17,e99d97a3665c237f,RDKit Descriptors.descList; 2D
13,cyclohexane,SMR_VSA4,0.0,,RDKit,2026.03.6,2026-09-17,e99d97a3665c237f,RDKit Descriptors.descList; 2D
13,cyclohexane,SMR_VSA5,38.524929737556064,,RDKit,2026.03.6,2026-09-17,e99d97a3665c237f,RDKit Descriptors.descList; 2D
13,cyclohexane,SMR_VSA6,0.0,,RDKit,2026.03.6,2026-09-17,e99d97a3665c237f,RDKit Descriptors.descList; 2D
13,cyclohexane,SMR_VSA7,0.0,,RDKit,2026.03.6,2026-09-17,e99d97a3665c237f,RDKit Descriptors.descList; 2D
13,cyclohexane,SMR_VSA8,0.0,,RDKit,2026.03.6,2026-09-17,e99d97a3665c237f,RDKit Descriptors.descList; 2D
13,cyclohexane,SMR_VSA9,0.0,,RDKit,2026.03.6,2026-09-17,e99d97a3665c237f,RDKit Descriptors.descList; 2D
13,cyclohexane,SlogP_VSA1,0.0,,RDKit,2026.03.6,2026-09-17,e99d97a3665c237f,RDKit Descriptors.descList; 2D
13,cyclohexane,SlogP_VSA10,0.0,,RDKit,2026.03.6,2026-09-17,e99d97a3665c237f,RDKit Descriptors.descList; 2D
13,cyclohexane,SlogP_VSA11,0.0,,RDKit,2026.03.6,2026-09-17,e99d97a3665c237f,RDKit Descriptors.descList; 2D
13,cyclohexane,SlogP_VSA12,0.0,,RDKit,2026.03.6,2026-09-17,e99d97a3665c237f,RDKit Descriptors.descList; 2D
13,cyclohexane,SlogP_VSA2,0.0,,RDKit,2026.03.6,2026-09-17,e99d97a3665c237f,RDKit Descriptors.descList; 2D
13,cyclohexane,SlogP_VSA3,0.0,,RDKit,2026.03.6,2026-09-17,e99d97a3665c237f,RDKit Descriptors.descList; 2D
13,cyclohexane,SlogP_VSA4,0.0,,RDKit,2026.03.6,2026-09-17,e99d97a3665c237f,RDKit Descriptors.descList; 2D
13,cyclohexane,SlogP_VSA5,38.524929737556064,,RDKit,2026.03.6,2026-09-17,e99d97a3665c237f,RDKit Descriptors.descList; 2D
13,cyclohexane,SlogP_VSA6,0.0,,RDKit,2026.03.6,2026-09-17,e99d97a3665c237f,RDKit Descriptors.descList; 2D
13,cyclohexane,SlogP_VSA7,0.0,,RDKit,2026.03.6,2026-09-17,e99d97a3665c237f,RDKit Descriptors.descList; 2D
13,cyclohexane,SlogP_VSA8,0.0,,RDKit,2026.03.6,2026-09-17,e99d97a3665c237f,RDKit Descriptors.descList; 2D
13,cyclohexane,SlogP_VSA9,0.0,,RDKit,2026.03.6,2026-09-17,e99d97a3665c237f,RDKit Descriptors.descList; 2D
13,cyclohexane,TPSA,0.0,,RDKit,2026.03.6,2026-09-17,e99d97a3665c237f,RDKit Descriptors.descList; 2D
13,cyclohexane,EState_VSA1,0.0,,RDKit,2026.03.6,2026-09-17,e99d97a3665c237f,RDKit Descriptors.descList; 2D
13,cyclohexane,EState_VSA10,0.0,,RDKit,2026.03.6,2026-09-17,e99d97a3665c237f,RDKit Descriptors.descList; 2D
13,cyclohexane,EState_VSA11,0.0,,RDKit,2026.03.6,2026-09-17,e99d97a3665c237f,RDKit Descriptors.descList; 2D
13,cyclohexane,EState_VSA2,0.0,,RDKit,2026.03.6,2026-09-17,e99d97a3665c237f,RDKit Descriptors.descList; 2D
13,cyclohexane,EState_VSA3,0.0,,RDKit,2026.03.6,2026-09-17,e99d97a3665c237f,RDKit Descriptors.descList; 2D
13,cyclohexane,EState_VSA4,0.0,,RDKit,2026.03.6,2026-09-17,e99d97a3665c237f,RDKit Descriptors.descList; 2D
13,cyclohexane,EState_VSA5,38.524929737556064,,RDKit,2026.03.6,2026-09-17,e99d97a3665c237f,RDKit Descriptors.descList; 2D
13,cyclohexane,EState_VSA6,0.0,,RDKit,2026.03.6,2026-09-17,e99d97a3665c237f,RDKit Descriptors.descList; 2D
13,cyclohexane,EState_VSA7,0.0,,RDKit,2026.03.6,2026-09-17,e99d97a3665c237f,RDKit Descriptors.descList; 2D
13,cyclohexane,EState_VSA8,0.0,,RDKit,2026.03.6,2026-09-17,e99d97a3665c237f,RDKit Descriptors.descList; 2D
13,cyclohexane,EState_VSA9,0.0,,RDKit,2026.03.6,2026-09-17,e99d97a3665c237f,RDKit Descriptors.descList; 2D
13,cyclohexane,VSA_EState1,0.0,,RDKit,2026.03.6,2026-09-17,e99d97a3665c237f,RDKit Descriptors.descList; 2D
13,cyclohexane,VSA_EState10,0.0,,RDKit,2026.03.6,2026-09-17,e99d97a3665c237f,RDKit Descriptors.descList; 2D
13,cyclohexane,VSA_EState2,0.0,,RDKit,2026.03.6,2026-09-17,e99d97a3665c237f,RDKit Descriptors.descList; 2D
13,cyclohexane,VSA_EState3,0.0,,RDKit,2026.03.6,2026-09-17,e99d97a3665c237f,RDKit Descriptors.descList; 2D
13,cyclohexane,VSA_EState4,0.0,,RDKit,2026.03.6,2026-09-17,e99d97a3665c237f,RDKit Descriptors.descList; 2D
13,cyclohexane,VSA_EState5,0.0,,RDKit,2026.03.6,2026-09-17,e99d97a3665c237f,RDKit Descriptors.descList; 2D
13,cyclohexane,VSA_EState6,0.0,,RDKit,2026.03.6,2026-09-17,e99d97a3665c237f,RDKit Descriptors.descList; 2D
13,cyclohexane,VSA_EState7,9.0,,RDKit,2026.03.6,2026-09-17,e99d97a3665c237f,RDKit Descriptors.descList; 2D
13,cyclohexane,VSA_EState8,0.0,,RDKit,2026.03.6,2026-09-17,e99d97a3665c237f,RDKit Descriptors.descList; 2D
13,cyclohexane,VSA_EState9,0.0,,RDKit,2026.03.6,2026-09-17,e99d97a3665c237f,RDKit Descriptors.descList; 2D
13,cyclohexane,FractionCSP3,1.0,,RDKit,2026.03.6,2026-09-17,e99d97a3665c237f,RDKit Descriptors.descList; 2D
13,cyclohexane,HeavyAtomCount,6.0,,RDKit,2026.03.6,2026-09-17,e99d97a3665c237f,RDKit Descriptors.descList; 2D
13,cyclohexane,NHOHCount,0.0,,RDKit,2026.03.6,2026-09-17,e99d97a3665c237f,RDKit Descriptors.descList; 2D
13,cyclohexane,NOCount,0.0,,RDKit,2026.03.6,2026-09-17,e99d97a3665c237f,RDKit Descriptors.descList; 2D
13,cyclohexane,NumAliphaticCarbocycles,1.0,,RDKit,2026.03.6,2026-09-17,e99d97a3665c237f,RDKit Descriptors.descList; 2D
13,cyclohexane,NumAliphaticHeterocycles,0.0,,RDKit,2026.03.6,2026-09-17,e99d97a3665c237f,RDKit Descriptors.descList; 2D
13,cyclohexane,NumAliphaticRings,1.0,,RDKit,2026.03.6,2026-09-17,e99d97a3665c237f,RDKit Descriptors.descList; 2D
13,cyclohexane,NumAmideBonds,0.0,,RDKit,2026.03.6,2026-09-17,e99d97a3665c237f,RDKit Descriptors.descList; 2D
13,cyclohexane,NumAromaticCarbocycles,0.0,,RDKit,2026.03.6,2026-09-17,e99d97a3665c237f,RDKit Descriptors.descList; 2D
13,cyclohexane,NumAromaticHeterocycles,0.0,,RDKit,2026.03.6,2026-09-17,e99d97a3665c237f,RDKit Descriptors.descList; 2D
13,cyclohexane,NumAromaticRings,0.0,,RDKit,2026.03.6,2026-09-17,e99d97a3665c237f,RDKit Descriptors.descList; 2D
13,cyclohexane,NumAtomStereoCenters,0.0,,RDKit,2026.03.6,2026-09-17,e99d97a3665c237f,RDKit Descriptors.descList; 2D
13,cyclohexane,NumBridgeheadAtoms,0.0,,RDKit,2026.03.6,2026-09-17,e99d97a3665c237f,RDKit Descriptors.descList; 2D
13,cyclohexane,NumHAcceptors,0.0,,RDKit,2026.03.6,2026-09-17,e99d97a3665c237f,RDKit Descriptors.descList; 2D
13,cyclohexane,NumHDonors,0.0,,RDKit,2026.03.6,2026-09-17,e99d97a3665c237f,RDKit Descriptors.descList; 2D
13,cyclohexane,NumHeteroatoms,0.0,,RDKit,2026.03.6,2026-09-17,e99d97a3665c237f,RDKit Descriptors.descList; 2D
13,cyclohexane,NumHeterocycles,0.0,,RDKit,2026.03.6,2026-09-17,e99d97a3665c237f,RDKit Descriptors.descList; 2D
13,cyclohexane,NumRotatableBonds,0.0,,RDKit,2026.03.6,2026-09-17,e99d97a3665c237f,RDKit Descriptors.descList; 2D
13,cyclohexane,NumSaturatedCarbocycles,1.0,,RDKit,2026.03.6,2026-09-17,e99d97a3665c237f,RDKit Descriptors.descList; 2D
13,cyclohexane,NumSaturatedHeterocycles,0.0,,RDKit,2026.03.6,2026-09-17,e99d97a3665c237f,RDKit Descriptors.descList; 2D
13,cyclohexane,NumSaturatedRings,1.0,,RDKit,2026.03.6,2026-09-17,e99d97a3665c237f,RDKit Descriptors.descList; 2D
13,cyclohexane,NumSpiroAtoms,0.0,,RDKit,2026.03.6,2026-09-17,e99d97a3665c237f,RDKit Descriptors.descList; 2D
13,cyclohexane,NumUnspecifiedAtomStereoCenters,0.0,,RDKit,2026.03.6,2026-09-17,e99d97a3665c237f,RDKit Descriptors.descList; 2D
13,cyclohexane,Phi,1.5432098765432098,,RDKit,2026.03.6,2026-09-17,e99d97a3665c237f,RDKit Descriptors.descList; 2D
13,cyclohexane,RingCount,1.0,,RDKit,2026.03.6,2026-09-17,e99d97a3665c237f,RDKit Descriptors.descList; 2D
13,cyclohexane,MolLogP,2.3406000000000002,,RDKit,2026.03.6,2026-09-17,e99d97a3665c237f,RDKit Descriptors.descList; 2D
13,cyclohexane,MolMR,27.701999999999984,,RDKit,2026.03.6,2026-09-17,e99d97a3665c237f,RDKit Descriptors.descList; 2D
13,cyclohexane,fr_Al_COO,0.0,,RDKit,2026.03.6,2026-09-17,e99d97a3665c237f,RDKit Descriptors.descList; 2D
13,cyclohexane,fr_Al_OH,0.0,,RDKit,2026.03.6,2026-09-17,e99d97a3665c237f,RDKit Descriptors.descList; 2D
13,cyclohexane,fr_Al_OH_noTert,0.0,,RDKit,2026.03.6,2026-09-17,e99d97a3665c237f,RDKit Descriptors.descList; 2D
13,cyclohexane,fr_ArN,0.0,,RDKit,2026.03.6,2026-09-17,e99d97a3665c237f,RDKit Descriptors.descList; 2D
13,cyclohexane,fr_Ar_COO,0.0,,RDKit,2026.03.6,2026-09-17,e99d97a3665c237f,RDKit Descriptors.descList; 2D
13,cyclohexane,fr_Ar_N,0.0,,RDKit,2026.03.6,2026-09-17,e99d97a3665c237f,RDKit Descriptors.descList; 2D
13,cyclohexane,fr_Ar_NH,0.0,,RDKit,2026.03.6,2026-09-17,e99d97a3665c237f,RDKit Descriptors.descList; 2D
13,cyclohexane,fr_Ar_OH,0.0,,RDKit,2026.03.6,2026-09-17,e99d97a3665c237f,RDKit Descriptors.descList; 2D
13,cyclohexane,fr_COO,0.0,,RDKit,2026.03.6,2026-09-17,e99d97a3665c237f,RDKit Descriptors.descList; 2D
13,cyclohexane,fr_COO2,0.0,,RDKit,2026.03.6,2026-09-17,e99d97a3665c237f,RDKit Descriptors.descList; 2D
13,cyclohexane,fr_C_O,0.0,,RDKit,2026.03.6,2026-09-17,e99d97a3665c237f,RDKit Descriptors.descList; 2D
13,cyclohexane,fr_C_O_noCOO,0.0,,RDKit,2026.03.6,2026-09-17,e99d97a3665c237f,RDKit Descriptors.descList; 2D
13,cyclohexane,fr_C_S,0.0,,RDKit,2026.03.6,2026-09-17,e99d97a3665c237f,RDKit Descriptors.descList; 2D
13,cyclohexane,fr_HOCCN,0.0,,RDKit,2026.03.6,2026-09-17,e99d97a3665c237f,RDKit Descriptors.descList; 2D
13,cyclohexane,fr_Imine,0.0,,RDKit,2026.03.6,2026-09-17,e99d97a3665c237f,RDKit Descriptors.descList; 2D
13,cyclohexane,fr_NH0,0.0,,RDKit,2026.03.6,2026-09-17,e99d97a3665c237f,RDKit Descriptors.descList; 2D
13,cyclohexane,fr_NH1,0.0,,RDKit,2026.03.6,2026-09-17,e99d97a3665c237f,RDKit Descriptors.descList; 2D
13,cyclohexane,fr_NH2,0.0,,RDKit,2026.03.6,2026-09-17,e99d97a3665c237f,RDKit Descriptors.descList; 2D
13,cyclohexane,fr_N_O,0.0,,RDKit,2026.03.6,2026-09-17,e99d97a3665c237f,RDKit Descriptors.descList; 2D
13,cyclohexane,fr_Ndealkylation1,0.0,,RDKit,2026.03.6,2026-09-17,e99d97a3665c237f,RDKit Descriptors.descList; 2D
13,cyclohexane,fr_Ndealkylation2,0.0,,RDKit,2026.03.6,2026-09-17,e99d97a3665c237f,RDKit Descriptors.descList; 2D
13,cyclohexane,fr_Nhpyrrole,0.0,,RDKit,2026.03.6,2026-09-17,e99d97a3665c237f,RDKit Descriptors.descList; 2D
13,cyclohexane,fr_SH,0.0,,RDKit,2026.03.6,2026-09-17,e99d97a3665c237f,RDKit Descriptors.descList; 2D
13,cyclohexane,fr_aldehyde,0.0,,RDKit,2026.03.6,2026-09-17,e99d97a3665c237f,RDKit Descriptors.descList; 2D
13,cyclohexane,fr_alkyl_carbamate,0.0,,RDKit,2026.03.6,2026-09-17,e99d97a3665c237f,RDKit Descriptors.descList; 2D
13,cyclohexane,fr_alkyl_halide,0.0,,RDKit,2026.03.6,2026-09-17,e99d97a3665c237f,RDKit Descriptors.descList; 2D
13,cyclohexane,fr_allylic_oxid,0.0,,RDKit,2026.03.6,2026-09-17,e99d97a3665c237f,RDKit Descriptors.descList; 2D
13,cyclohexane,fr_amide,0.0,,RDKit,2026.03.6,2026-09-17,e99d97a3665c237f,RDKit Descriptors.descList; 2D
13,cyclohexane,fr_amidine,0.0,,RDKit,2026.03.6,2026-09-17,e99d97a3665c237f,RDKit Descriptors.descList; 2D
13,cyclohexane,fr_aniline,0.0,,RDKit,2026.03.6,2026-09-17,e99d97a3665c237f,RDKit Descriptors.descList; 2D
13,cyclohexane,fr_aryl_methyl,0.0,,RDKit,2026.03.6,2026-09-17,e99d97a3665c237f,RDKit Descriptors.descList; 2D
13,cyclohexane,fr_azide,0.0,,RDKit,2026.03.6,2026-09-17,e99d97a3665c237f,RDKit Descriptors.descList; 2D
13,cyclohexane,fr_azo,0.0,,RDKit,2026.03.6,2026-09-17,e99d97a3665c237f,RDKit Descriptors.descList; 2D
13,cyclohexane,fr_barbitur,0.0,,RDKit,2026.03.6,2026-09-17,e99d97a3665c237f,RDKit Descriptors.descList; 2D
13,cyclohexane,fr_benzene,0.0,,RDKit,2026.03.6,2026-09-17,e99d97a3665c237f,RDKit Descriptors.descList; 2D
13,cyclohexane,fr_benzodiazepine,0.0,,RDKit,2026.03.6,2026-09-17,e99d97a3665c237f,RDKit Descriptors.descList; 2D
13,cyclohexane,fr_bicyclic,0.0,,RDKit,2026.03.6,2026-09-17,e99d97a3665c237f,RDKit Descriptors.descList; 2D
13,cyclohexane,fr_diazo,0.0,,RDKit,2026.03.6,2026-09-17,e99d97a3665c237f,RDKit Descriptors.descList; 2D
13,cyclohexane,fr_dihydropyridine,0.0,,RDKit,2026.03.6,2026-09-17,e99d97a3665c237f,RDKit Descriptors.descList; 2D
13,cyclohexane,fr_epoxide,0.0,,RDKit,2026.03.6,2026-09-17,e99d97a3665c237f,RDKit Descriptors.descList; 2D
13,cyclohexane,fr_ester,0.0,,RDKit,2026.03.6,2026-09-17,e99d97a3665c237f,RDKit Descriptors.descList; 2D
13,cyclohexane,fr_ether,0.0,,RDKit,2026.03.6,2026-09-17,e99d97a3665c237f,RDKit Descriptors.descList; 2D
13,cyclohexane,fr_furan,0.0,,RDKit,2026.03.6,2026-09-17,e99d97a3665c237f,RDKit Descriptors.descList; 2D
13,cyclohexane,fr_guanido,0.0,,RDKit,2026.03.6,2026-09-17,e99d97a3665c237f,RDKit Descriptors.descList; 2D
13,cyclohexane,fr_halogen,0.0,,RDKit,2026.03.6,2026-09-17,e99d97a3665c237f,RDKit Descriptors.descList; 2D
13,cyclohexane,fr_hdrzine,0.0,,RDKit,2026.03.6,2026-09-17,e99d97a3665c237f,RDKit Descriptors.descList; 2D
13,cyclohexane,fr_hdrzone,0.0,,RDKit,2026.03.6,2026-09-17,e99d97a3665c237f,RDKit Descriptors.descList; 2D
13,cyclohexane,fr_imidazole,0.0,,RDKit,2026.03.6,2026-09-17,e99d97a3665c237f,RDKit Descriptors.descList; 2D
13,cyclohexane,fr_imide,0.0,,RDKit,2026.03.6,2026-09-17,e99d97a3665c237f,RDKit Descriptors.descList; 2D
13,cyclohexane,fr_isocyan,0.0,,RDKit,2026.03.6,2026-09-17,e99d97a3665c237f,RDKit Descriptors.descList; 2D
13,cyclohexane,fr_isothiocyan,0.0,,RDKit,2026.03.6,2026-09-17,e99d97a3665c237f,RDKit Descriptors.descList; 2D
13,cyclohexane,fr_ketone,0.0,,RDKit,2026.03.6,2026-09-17,e99d97a3665c237f,RDKit Descriptors.descList; 2D
13,cyclohexane,fr_ketone_Topliss,0.0,,RDKit,2026.03.6,2026-09-17,e99d97a3665c237f,RDKit Descriptors.descList; 2D
13,cyclohexane,fr_lactam,0.0,,RDKit,2026.03.6,2026-09-17,e99d97a3665c237f,RDKit Descriptors.descList; 2D
13,cyclohexane,fr_lactone,0.0,,RDKit,2026.03.6,2026-09-17,e99d97a3665c237f,RDKit Descriptors.descList; 2D
13,cyclohexane,fr_methoxy,0.0,,RDKit,2026.03.6,2026-09-17,e99d97a3665c237f,RDKit Descriptors.descList; 2D
13,cyclohexane,fr_morpholine,0.0,,RDKit,2026.03.6,2026-09-17,e99d97a3665c237f,RDKit Descriptors.descList; 2D
13,cyclohexane,fr_nitrile,0.0,,RDKit,2026.03.6,2026-09-17,e99d97a3665c237f,RDKit Descriptors.descList; 2D
13,cyclohexane,fr_nitro,0.0,,RDKit,2026.03.6,2026-09-17,e99d97a3665c237f,RDKit Descriptors.descList; 2D
13,cyclohexane,fr_nitro_arom,0.0,,RDKit,2026.03.6,2026-09-17,e99d97a3665c237f,RDKit Descriptors.descList; 2D
13,cyclohexane,fr_nitro_arom_nonortho,0.0,,RDKit,2026.03.6,2026-09-17,e99d97a3665c237f,RDKit Descriptors.descList; 2D
13,cyclohexane,fr_nitroso,0.0,,RDKit,2026.03.6,2026-09-17,e99d97a3665c237f,RDKit Descriptors.descList; 2D
13,cyclohexane,fr_oxazole,0.0,,RDKit,2026.03.6,2026-09-17,e99d97a3665c237f,RDKit Descriptors.descList; 2D
13,cyclohexane,fr_oxime,0.0,,RDKit,2026.03.6,2026-09-17,e99d97a3665c237f,RDKit Descriptors.descList; 2D
13,cyclohexane,fr_para_hydroxylation,0.0,,RDKit,2026.03.6,2026-09-17,e99d97a3665c237f,RDKit Descriptors.descList; 2D
13,cyclohexane,fr_phenol,0.0,,RDKit,2026.03.6,2026-09-17,e99d97a3665c237f,RDKit Descriptors.descList; 2D
13,cyclohexane,fr_phenol_noOrthoHbond,0.0,,RDKit,2026.03.6,2026-09-17,e99d97a3665c237f,RDKit Descriptors.descList; 2D
13,cyclohexane,fr_phos_acid,0.0,,RDKit,2026.03.6,2026-09-17,e99d97a3665c237f,RDKit Descriptors.descList; 2D
13,cyclohexane,fr_phos_ester,0.0,,RDKit,2026.03.6,2026-09-17,e99d97a3665c237f,RDKit Descriptors.descList; 2D
13,cyclohexane,fr_piperdine,0.0,,RDKit,2026.03.6,2026-09-17,e99d97a3665c237f,RDKit Descriptors.descList; 2D
13,cyclohexane,fr_piperzine,0.0,,RDKit,2026.03.6,2026-09-17,e99d97a3665c237f,RDKit Descriptors.descList; 2D
13,cyclohexane,fr_priamide,0.0,,RDKit,2026.03.6,2026-09-17,e99d97a3665c237f,RDKit Descriptors.descList; 2D
13,cyclohexane,fr_prisulfonamd,0.0,,RDKit,2026.03.6,2026-09-17,e99d97a3665c237f,RDKit Descriptors.descList; 2D
13,cyclohexane,fr_pyridine,0.0,,RDKit,2026.03.6,2026-09-17,e99d97a3665c237f,RDKit Descriptors.descList; 2D
13,cyclohexane,fr_quatN,0.0,,RDKit,2026.03.6,2026-09-17,e99d97a3665c237f,RDKit Descriptors.descList; 2D
13,cyclohexane,fr_sulfide,0.0,,RDKit,2026.03.6,2026-09-17,e99d97a3665c237f,RDKit Descriptors.descList; 2D
13,cyclohexane,fr_sulfonamd,0.0,,RDKit,2026.03.6,2026-09-17,e99d97a3665c237f,RDKit Descriptors.descList; 2D
13,cyclohexane,fr_sulfone,0.0,,RDKit,2026.03.6,2026-09-17,e99d97a3665c237f,RDKit Descriptors.descList; 2D
13,cyclohexane,fr_term_acetylene,0.0,,RDKit,2026.03.6,2026-09-17,e99d97a3665c237f,RDKit Descriptors.descList; 2D
13,cyclohexane,fr_tetrazole,0.0,,RDKit,2026.03.6,2026-09-17,e99d97a3665c237f,RDKit Descriptors.descList; 2D
13,cyclohexane,fr_thiazole,0.0,,RDKit,2026.03.6,2026-09-17,e99d97a3665c237f,RDKit Descriptors.descList; 2D
13,cyclohexane,fr_thiocyan,0.0,,RDKit,2026.03.6,2026-09-17,e99d97a3665c237f,RDKit Descriptors.descList; 2D
13,cyclohexane,fr_thiophene,0.0,,RDKit,2026.03.6,2026-09-17,e99d97a3665c237f,RDKit Descriptors.descList; 2D
13,cyclohexane,fr_unbrch_alkane,0.0,,RDKit,2026.03.6,2026-09-17,e99d97a3665c237f,RDKit Descriptors.descList; 2D
13,cyclohexane,fr_urea,0.0,,RDKit,2026.03.6,2026-09-17,e99d97a3665c237f,RDKit Descriptors.descList; 2D
14,gamma-valerolactone,MaxAbsEStateIndex,10.23125,,RDKit,2026.03.6,2026-09-17,e99d97a3665c237f,RDKit Descriptors.descList; 2D
14,gamma-valerolactone,MaxEStateIndex,10.23125,,RDKit,2026.03.6,2026-09-17,e99d97a3665c237f,RDKit Descriptors.descList; 2D
14,gamma-valerolactone,MinAbsEStateIndex,0.04861111111111094,,RDKit,2026.03.6,2026-09-17,e99d97a3665c237f,RDKit Descriptors.descList; 2D
14,gamma-valerolactone,MinEStateIndex,-0.04861111111111094,,RDKit,2026.03.6,2026-09-17,e99d97a3665c237f,RDKit Descriptors.descList; 2D
14,gamma-valerolactone,qed,0.4189428687308838,,RDKit,2026.03.6,2026-09-17,e99d97a3665c237f,RDKit Descriptors.descList; 2D
14,gamma-valerolactone,SPS,30.428571428571427,,RDKit,2026.03.6,2026-09-17,e99d97a3665c237f,RDKit Descriptors.descList; 2D
14,gamma-valerolactone,MolWt,100.11699999999999,,RDKit,2026.03.6,2026-09-17,e99d97a3665c237f,RDKit Descriptors.descList; 2D
14,gamma-valerolactone,HeavyAtomMolWt,92.05299999999998,,RDKit,2026.03.6,2026-09-17,e99d97a3665c237f,RDKit Descriptors.descList; 2D
14,gamma-valerolactone,ExactMolWt,100.052429496,,RDKit,2026.03.6,2026-09-17,e99d97a3665c237f,RDKit Descriptors.descList; 2D
14,gamma-valerolactone,NumValenceElectrons,40.0,,RDKit,2026.03.6,2026-09-17,e99d97a3665c237f,RDKit Descriptors.descList; 2D
14,gamma-valerolactone,NumRadicalElectrons,0.0,,RDKit,2026.03.6,2026-09-17,e99d97a3665c237f,RDKit Descriptors.descList; 2D
14,gamma-valerolactone,MaxPartialCharge,0.3056876596821109,,RDKit,2026.03.6,2026-09-17,e99d97a3665c237f,RDKit Descriptors.descList; 2D
14,gamma-valerolactone,MinPartialCharge,-0.46264003197434184,,RDKit,2026.03.6,2026-09-17,e99d97a3665c237f,RDKit Descriptors.descList; 2D
14,gamma-valerolactone,MaxAbsPartialCharge,0.46264003197434184,,RDKit,2026.03.6,2026-09-17,e99d97a3665c237f,RDKit Descriptors.descList; 2D
14,gamma-valerolactone,MinAbsPartialCharge,0.3056876596821109,,RDKit,2026.03.6,2026-09-17,e99d97a3665c237f,RDKit Descriptors.descList; 2D
14,gamma-valerolactone,FpDensityMorgan1,1.8571428571428572,,RDKit,2026.03.6,2026-09-17,e99d97a3665c237f,RDKit Descriptors.descList; 2D
14,gamma-valerolactone,FpDensityMorgan2,2.5714285714285716,,RDKit,2026.03.6,2026-09-17,e99d97a3665c237f,RDKit Descriptors.descList; 2D
14,gamma-valerolactone,FpDensityMorgan3,2.7142857142857144,,RDKit,2026.03.6,2026-09-17,e99d97a3665c237f,RDKit Descriptors.descList; 2D
14,gamma-valerolactone,BCUT2D_MWHI,16.54776222740221,,RDKit,2026.03.6,2026-09-17,e99d97a3665c237f,RDKit Descriptors.descList; 2D
14,gamma-valerolactone,BCUT2D_MWLOW,10.263225331505746,,RDKit,2026.03.6,2026-09-17,e99d97a3665c237f,RDKit Descriptors.descList; 2D
14,gamma-valerolactone,BCUT2D_CHGHI,2.170484770565788,,RDKit,2026.03.6,2026-09-17,e99d97a3665c237f,RDKit Descriptors.descList; 2D
14,gamma-valerolactone,BCUT2D_CHGLO,-1.9517131628252842,,RDKit,2026.03.6,2026-09-17,e99d97a3665c237f,RDKit Descriptors.descList; 2D
14,gamma-valerolactone,BCUT2D_LOGPHI,2.108060679082464,,RDKit,2026.03.6,2026-09-17,e99d97a3665c237f,RDKit Descriptors.descList; 2D
14,gamma-valerolactone,BCUT2D_LOGPLOW,-1.9834456516493986,,RDKit,2026.03.6,2026-09-17,e99d97a3665c237f,RDKit Descriptors.descList; 2D
14,gamma-valerolactone,BCUT2D_MRHI,5.7079666891375895,,RDKit,2026.03.6,2026-09-17,e99d97a3665c237f,RDKit Descriptors.descList; 2D
14,gamma-valerolactone,BCUT2D_MRLOW,-0.14029754438163577,,RDKit,2026.03.6,2026-09-17,e99d97a3665c237f,RDKit Descriptors.descList; 2D
14,gamma-valerolactone,AvgIpc,1.8668193111659015,,RDKit,2026.03.6,2026-09-17,e99d97a3665c237f,RDKit Descriptors.descList; 2D
14,gamma-valerolactone,BalabanJ,2.39706714269016,,RDKit,2026.03.6,2026-09-17,e99d97a3665c237f,RDKit Descriptors.descList; 2D
14,gamma-valerolactone,BertzCT,88.08094399727418,,RDKit,2026.03.6,2026-09-17,e99d97a3665c237f,RDKit Descriptors.descList; 2D
14,gamma-valerolactone,Chi0,5.276020881938894,,RDKit,2026.03.6,2026-09-17,e99d97a3665c237f,RDKit Descriptors.descList; 2D
14,gamma-valerolactone,Chi0n,4.3080604124904465,,RDKit,2026.03.6,2026-09-17,e99d97a3665c237f,RDKit Descriptors.descList; 2D
14,gamma-valerolactone,Chi0v,4.3080604124904465,,RDKit,2026.03.6,2026-09-17,e99d97a3665c237f,RDKit Descriptors.descList; 2D
14,gamma-valerolactone,Chi1,3.287693700234704,,RDKit,2026.03.6,2026-09-17,e99d97a3665c237f,RDKit Descriptors.descList; 2D
14,gamma-valerolactone,Chi1n,2.483102501106141,,RDKit,2026.03.6,2026-09-17,e99d97a3665c237f,RDKit Descriptors.descList; 2D
14,gamma-valerolactone,Chi1v,2.483102501106141,,RDKit,2026.03.6,2026-09-17,e99d97a3665c237f,RDKit Descriptors.descList; 2D
14,gamma-valerolactone,Chi2n,1.8391519502467628,,RDKit,2026.03.6,2026-09-17,e99d97a3665c237f,RDKit Descriptors.descList; 2D
14,gamma-valerolactone,Chi2v,1.8391519502467628,,RDKit,2026.03.6,2026-09-17,e99d97a3665c237f,RDKit Descriptors.descList; 2D
14,gamma-valerolactone,Chi3n,1.0876182966188024,,RDKit,2026.03.6,2026-09-17,e99d97a3665c237f,RDKit Descriptors.descList; 2D
14,gamma-valerolactone,Chi3v,1.0876182966188024,,RDKit,2026.03.6,2026-09-17,e99d97a3665c237f,RDKit Descriptors.descList; 2D
14,gamma-valerolactone,Chi4n,0.6633575045284709,,RDKit,2026.03.6,2026-09-17,e99d97a3665c237f,RDKit Descriptors.descList; 2D
14,gamma-valerolactone,Chi4v,0.6633575045284709,,RDKit,2026.03.6,2026-09-17,e99d97a3665c237f,RDKit Descriptors.descList; 2D
14,gamma-valerolactone,HallKierAlpha,-0.53,,RDKit,2026.03.6,2026-09-17,e99d97a3665c237f,RDKit Descriptors.descList; 2D
14,gamma-valerolactone,Ipc,46.670482779147534,,RDKit,2026.03.6,2026-09-17,e99d97a3665c237f,RDKit Descriptors.descList; 2D
14,gamma-valerolactone,Kappa1,4.624559505409582,,RDKit,2026.03.6,2026-09-17,e99d97a3665c237f,RDKit Descriptors.descList; 2D
14,gamma-valerolactone,Kappa2,1.5234757718400516,,RDKit,2026.03.6,2026-09-17,e99d97a3665c237f,RDKit Descriptors.descList; 2D
14,gamma-valerolactone,Kappa3,0.9180777352946504,,RDKit,2026.03.6,2026-09-17,e99d97a3665c237f,RDKit Descriptors.descList; 2D
14,gamma-valerolactone,LabuteASA,42.4682556614374,,RDKit,2026.03.6,2026-09-17,e99d97a3665c237f,RDKit Descriptors.descList; 2D
14,gamma-valerolactone,PEOE_VSA1,4.736862953800049,,RDKit,2026.03.6,2026-09-17,e99d97a3665c237f,RDKit Descriptors.descList; 2D
14,gamma-valerolactone,PEOE_VSA10,0.0,,RDKit,2026.03.6,2026-09-17,e99d97a3665c237f,RDKit Descriptors.descList; 2D
14,gamma-valerolactone,PEOE_VSA11,0.0,,RDKit,2026.03.6,2026-09-17,e99d97a3665c237f,RDKit Descriptors.descList; 2D
14,gamma-valerolactone,PEOE_VSA12,0.0,,RDKit,2026.03.6,2026-09-17,e99d97a3665c237f,RDKit Descriptors.descList; 2D
14,gamma-valerolactone,PEOE_VSA13,0.0,,RDKit,2026.03.6,2026-09-17,e99d97a3665c237f,RDKit Descriptors.descList; 2D
14,gamma-valerolactone,PEOE_VSA14,5.969305287951849,,RDKit,2026.03.6,2026-09-17,e99d97a3665c237f,RDKit Descriptors.descList; 2D
14,gamma-valerolactone,PEOE_VSA2,4.794537184071822,,RDKit,2026.03.6,2026-09-17,e99d97a3665c237f,RDKit Descriptors.descList; 2D
14,gamma-valerolactone,PEOE_VSA3,0.0,,RDKit,2026.03.6,2026-09-17,e99d97a3665c237f,RDKit Descriptors.descList; 2D
14,gamma-valerolactone,PEOE_VSA4,0.0,,RDKit,2026.03.6,2026-09-17,e99d97a3665c237f,RDKit Descriptors.descList; 2D
14,gamma-valerolactone,PEOE_VSA5,0.0,,RDKit,2026.03.6,2026-09-17,e99d97a3665c237f,RDKit Descriptors.descList; 2D
14,gamma-valerolactone,PEOE_VSA6,0.0,,RDKit,2026.03.6,2026-09-17,e99d97a3665c237f,RDKit Descriptors.descList; 2D
14,gamma-valerolactone,PEOE_VSA7,13.344558822616634,,RDKit,2026.03.6,2026-09-17,e99d97a3665c237f,RDKit Descriptors.descList; 2D
14,gamma-valerolactone,PEOE_VSA8,6.4208216229260096,,RDKit,2026.03.6,2026-09-17,e99d97a3665c237f,RDKit Descriptors.descList; 2D
14,gamma-valerolactone,PEOE_VSA9,6.103966387748303,,RDKit,2026.03.6,2026-09-17,e99d97a3665c237f,RDKit Descriptors.descList; 2D
14,gamma-valerolactone,SMR_VSA1,9.53140013787187,,RDKit,2026.03.6,2026-09-17,e99d97a3665c237f,RDKit Descriptors.descList; 2D
14,gamma-valerolactone,SMR_VSA10,5.969305287951849,,RDKit,2026.03.6,2026-09-17,e99d97a3665c237f,RDKit Descriptors.descList; 2D
14,gamma-valerolactone,SMR_VSA2,0.0,,RDKit,2026.03.6,2026-09-17,e99d97a3665c237f,RDKit Descriptors.descList; 2D
14,gamma-valerolactone,SMR_VSA3,0.0,,RDKit,2026.03.6,2026-09-17,e99d97a3665c237f,RDKit Descriptors.descList; 2D
14,gamma-valerolactone,SMR_VSA4,0.0,,RDKit,2026.03.6,2026-09-17,e99d97a3665c237f,RDKit Descriptors.descList; 2D
14,gamma-valerolactone,SMR_VSA5,25.869346833290944,,RDKit,2026.03.6,2026-09-17,e99d97a3665c237f,RDKit Descriptors.descList; 2D
14,gamma-valerolactone,SMR_VSA6,0.0,,RDKit,2026.03.6,2026-09-17,e99d97a3665c237f,RDKit Descriptors.descList; 2D
14,gamma-valerolactone,SMR_VSA7,0.0,,RDKit,2026.03.6,2026-09-17,e99d97a3665c237f,RDKit Descriptors.descList; 2D
14,gamma-valerolactone,SMR_VSA8,0.0,,RDKit,2026.03.6,2026-09-17,e99d97a3665c237f,RDKit Descriptors.descList; 2D
14,gamma-valerolactone,SMR_VSA9,0.0,,RDKit,2026.03.6,2026-09-17,e99d97a3665c237f,RDKit Descriptors.descList; 2D
14,gamma-valerolactone,SlogP_VSA1,0.0,,RDKit,2026.03.6,2026-09-17,e99d97a3665c237f,RDKit Descriptors.descList; 2D
14,gamma-valerolactone,SlogP_VSA10,0.0,,RDKit,2026.03.6,2026-09-17,e99d97a3665c237f,RDKit Descriptors.descList; 2D
14,gamma-valerolactone,SlogP_VSA11,0.0,,RDKit,2026.03.6,2026-09-17,e99d97a3665c237f,RDKit Descriptors.descList; 2D
14,gamma-valerolactone,SlogP_VSA12,0.0,,RDKit,2026.03.6,2026-09-17,e99d97a3665c237f,RDKit Descriptors.descList; 2D
14,gamma-valerolactone,SlogP_VSA2,12.073271675700152,,RDKit,2026.03.6,2026-09-17,e99d97a3665c237f,RDKit Descriptors.descList; 2D
14,gamma-valerolactone,SlogP_VSA3,9.53140013787187,,RDKit,2026.03.6,2026-09-17,e99d97a3665c237f,RDKit Descriptors.descList; 2D
14,gamma-valerolactone,SlogP_VSA4,0.0,,RDKit,2026.03.6,2026-09-17,e99d97a3665c237f,RDKit Descriptors.descList; 2D
14,gamma-valerolactone,SlogP_VSA5,19.765380445542643,,RDKit,2026.03.6,2026-09-17,e99d97a3665c237f,RDKit Descriptors.descList; 2D
14,gamma-valerolactone,SlogP_VSA6,0.0,,RDKit,2026.03.6,2026-09-17,e99d97a3665c237f,RDKit Descriptors.descList; 2D
14,gamma-valerolactone,SlogP_VSA7,0.0,,RDKit,2026.03.6,2026-09-17,e99d97a3665c237f,RDKit Descriptors.descList; 2D
14,gamma-valerolactone,SlogP_VSA8,0.0,,RDKit,2026.03.6,2026-09-17,e99d97a3665c237f,RDKit Descriptors.descList; 2D
14,gamma-valerolactone,SlogP_VSA9,0.0,,RDKit,2026.03.6,2026-09-17,e99d97a3665c237f,RDKit Descriptors.descList; 2D
14,gamma-valerolactone,TPSA,26.3,,RDKit,2026.03.6,2026-09-17,e99d97a3665c237f,RDKit Descriptors.descList; 2D
14,gamma-valerolactone,EState_VSA1,0.0,,RDKit,2026.03.6,2026-09-17,e99d97a3665c237f,RDKit Descriptors.descList; 2D
14,gamma-valerolactone,EState_VSA10,4.794537184071822,,RDKit,2026.03.6,2026-09-17,e99d97a3665c237f,RDKit Descriptors.descList; 2D
14,gamma-valerolactone,EState_VSA11,0.0,,RDKit,2026.03.6,2026-09-17,e99d97a3665c237f,RDKit Descriptors.descList; 2D
14,gamma-valerolactone,EState_VSA2,12.073271675700152,,RDKit,2026.03.6,2026-09-17,e99d97a3665c237f,RDKit Descriptors.descList; 2D
14,gamma-valerolactone,EState_VSA3,6.4208216229260096,,RDKit,2026.03.6,2026-09-17,e99d97a3665c237f,RDKit Descriptors.descList; 2D
14,gamma-valerolactone,EState_VSA4,6.4208216229260096,,RDKit,2026.03.6,2026-09-17,e99d97a3665c237f,RDKit Descriptors.descList; 2D
14,gamma-valerolactone,EState_VSA5,0.0,,RDKit,2026.03.6,2026-09-17,e99d97a3665c237f,RDKit Descriptors.descList; 2D
14,gamma-valerolactone,EState_VSA6,0.0,,RDKit,2026.03.6,2026-09-17,e99d97a3665c237f,RDKit Descriptors.descList; 2D
14,gamma-valerolactone,EState_VSA7,6.923737199690624,,RDKit,2026.03.6,2026-09-17,e99d97a3665c237f,RDKit Descriptors.descList; 2D
14,gamma-valerolactone,EState_VSA8,0.0,,RDKit,2026.03.6,2026-09-17,e99d97a3665c237f,RDKit Descriptors.descList; 2D
14,gamma-valerolactone,EState_VSA9,4.736862953800049,,RDKit,2026.03.6,2026-09-17,e99d97a3665c237f,RDKit Descriptors.descList; 2D
14,gamma-valerolactone,VSA_EState1,4.722222222222222,,RDKit,2026.03.6,2026-09-17,e99d97a3665c237f,RDKit Descriptors.descList; 2D
14,gamma-valerolactone,VSA_EState10,0.0,,RDKit,2026.03.6,2026-09-17,e99d97a3665c237f,RDKit Descriptors.descList; 2D
14,gamma-valerolactone,VSA_EState2,10.23125,,RDKit,2026.03.6,2026-09-17,e99d97a3665c237f,RDKit Descriptors.descList; 2D
14,gamma-valerolactone,VSA_EState3,0.0,,RDKit,2026.03.6,2026-09-17,e99d97a3665c237f,RDKit Descriptors.descList; 2D
14,gamma-valerolactone,VSA_EState4,0.0,,RDKit,2026.03.6,2026-09-17,e99d97a3665c237f,RDKit Descriptors.descList; 2D
14,gamma-valerolactone,VSA_EState5,-0.04861111111111094,,RDKit,2026.03.6,2026-09-17,e99d97a3665c237f,RDKit Descriptors.descList; 2D
14,gamma-valerolactone,VSA_EState6,0.0,,RDKit,2026.03.6,2026-09-17,e99d97a3665c237f,RDKit Descriptors.descList; 2D
14,gamma-valerolactone,VSA_EState7,1.6875,,RDKit,2026.03.6,2026-09-17,e99d97a3665c237f,RDKit Descriptors.descList; 2D
14,gamma-valerolactone,VSA_EState8,1.9076388888888889,,RDKit,2026.03.6,2026-09-17,e99d97a3665c237f,RDKit Descriptors.descList; 2D
14,gamma-valerolactone,VSA_EState9,0.0,,RDKit,2026.03.6,2026-09-17,e99d97a3665c237f,RDKit Descriptors.descList; 2D
14,gamma-valerolactone,FractionCSP3,0.8,,RDKit,2026.03.6,2026-09-17,e99d97a3665c237f,RDKit Descriptors.descList; 2D
14,gamma-valerolactone,HeavyAtomCount,7.0,,RDKit,2026.03.6,2026-09-17,e99d97a3665c237f,RDKit Descriptors.descList; 2D
14,gamma-valerolactone,NHOHCount,0.0,,RDKit,2026.03.6,2026-09-17,e99d97a3665c237f,RDKit Descriptors.descList; 2D
14,gamma-valerolactone,NOCount,2.0,,RDKit,2026.03.6,2026-09-17,e99d97a3665c237f,RDKit Descriptors.descList; 2D
14,gamma-valerolactone,NumAliphaticCarbocycles,0.0,,RDKit,2026.03.6,2026-09-17,e99d97a3665c237f,RDKit Descriptors.descList; 2D
14,gamma-valerolactone,NumAliphaticHeterocycles,1.0,,RDKit,2026.03.6,2026-09-17,e99d97a3665c237f,RDKit Descriptors.descList; 2D
14,gamma-valerolactone,NumAliphaticRings,1.0,,RDKit,2026.03.6,2026-09-17,e99d97a3665c237f,RDKit Descriptors.descList; 2D
14,gamma-valerolactone,NumAmideBonds,0.0,,RDKit,2026.03.6,2026-09-17,e99d97a3665c237f,RDKit Descriptors.descList; 2D
14,gamma-valerolactone,NumAromaticCarbocycles,0.0,,RDKit,2026.03.6,2026-09-17,e99d97a3665c237f,RDKit Descriptors.descList; 2D
14,gamma-valerolactone,NumAromaticHeterocycles,0.0,,RDKit,2026.03.6,2026-09-17,e99d97a3665c237f,RDKit Descriptors.descList; 2D
14,gamma-valerolactone,NumAromaticRings,0.0,,RDKit,2026.03.6,2026-09-17,e99d97a3665c237f,RDKit Descriptors.descList; 2D
14,gamma-valerolactone,NumAtomStereoCenters,1.0,,RDKit,2026.03.6,2026-09-17,e99d97a3665c237f,RDKit Descriptors.descList; 2D
14,gamma-valerolactone,NumBridgeheadAtoms,0.0,,RDKit,2026.03.6,2026-09-17,e99d97a3665c237f,RDKit Descriptors.descList; 2D
14,gamma-valerolactone,NumHAcceptors,2.0,,RDKit,2026.03.6,2026-09-17,e99d97a3665c237f,RDKit Descriptors.descList; 2D
14,gamma-valerolactone,NumHDonors,0.0,,RDKit,2026.03.6,2026-09-17,e99d97a3665c237f,RDKit Descriptors.descList; 2D
14,gamma-valerolactone,NumHeteroatoms,2.0,,RDKit,2026.03.6,2026-09-17,e99d97a3665c237f,RDKit Descriptors.descList; 2D
14,gamma-valerolactone,NumHeterocycles,1.0,,RDKit,2026.03.6,2026-09-17,e99d97a3665c237f,RDKit Descriptors.descList; 2D
14,gamma-valerolactone,NumRotatableBonds,0.0,,RDKit,2026.03.6,2026-09-17,e99d97a3665c237f,RDKit Descriptors.descList; 2D
14,gamma-valerolactone,NumSaturatedCarbocycles,0.0,,RDKit,2026.03.6,2026-09-17,e99d97a3665c237f,RDKit Descriptors.descList; 2D
14,gamma-valerolactone,NumSaturatedHeterocycles,1.0,,RDKit,2026.03.6,2026-09-17,e99d97a3665c237f,RDKit Descriptors.descList; 2D
14,gamma-valerolactone,NumSaturatedRings,1.0,,RDKit,2026.03.6,2026-09-17,e99d97a3665c237f,RDKit Descriptors.descList; 2D
14,gamma-valerolactone,NumSpiroAtoms,0.0,,RDKit,2026.03.6,2026-09-17,e99d97a3665c237f,RDKit Descriptors.descList; 2D
14,gamma-valerolactone,NumUnspecifiedAtomStereoCenters,1.0,,RDKit,2026.03.6,2026-09-17,e99d97a3665c237f,RDKit Descriptors.descList; 2D
14,gamma-valerolactone,Phi,1.0064863374177302,,RDKit,2026.03.6,2026-09-17,e99d97a3665c237f,RDKit Descriptors.descList; 2D
14,gamma-valerolactone,RingCount,1.0,,RDKit,2026.03.6,2026-09-17,e99d97a3665c237f,RDKit Descriptors.descList; 2D
14,gamma-valerolactone,MolLogP,0.7119,,RDKit,2026.03.6,2026-09-17,e99d97a3665c237f,RDKit Descriptors.descList; 2D
14,gamma-valerolactone,MolMR,24.78799999999999,,RDKit,2026.03.6,2026-09-17,e99d97a3665c237f,RDKit Descriptors.descList; 2D
14,gamma-valerolactone,fr_Al_COO,0.0,,RDKit,2026.03.6,2026-09-17,e99d97a3665c237f,RDKit Descriptors.descList; 2D
14,gamma-valerolactone,fr_Al_OH,0.0,,RDKit,2026.03.6,2026-09-17,e99d97a3665c237f,RDKit Descriptors.descList; 2D
14,gamma-valerolactone,fr_Al_OH_noTert,0.0,,RDKit,2026.03.6,2026-09-17,e99d97a3665c237f,RDKit Descriptors.descList; 2D
14,gamma-valerolactone,fr_ArN,0.0,,RDKit,2026.03.6,2026-09-17,e99d97a3665c237f,RDKit Descriptors.descList; 2D
14,gamma-valerolactone,fr_Ar_COO,0.0,,RDKit,2026.03.6,2026-09-17,e99d97a3665c237f,RDKit Descriptors.descList; 2D
14,gamma-valerolactone,fr_Ar_N,0.0,,RDKit,2026.03.6,2026-09-17,e99d97a3665c237f,RDKit Descriptors.descList; 2D
14,gamma-valerolactone,fr_Ar_NH,0.0,,RDKit,2026.03.6,2026-09-17,e99d97a3665c237f,RDKit Descriptors.descList; 2D
14,gamma-valerolactone,fr_Ar_OH,0.0,,RDKit,2026.03.6,2026-09-17,e99d97a3665c237f,RDKit Descriptors.descList; 2D
14,gamma-valerolactone,fr_COO,0.0,,RDKit,2026.03.6,2026-09-17,e99d97a3665c237f,RDKit Descriptors.descList; 2D
14,gamma-valerolactone,fr_COO2,0.0,,RDKit,2026.03.6,2026-09-17,e99d97a3665c237f,RDKit Descriptors.descList; 2D
14,gamma-valerolactone,fr_C_O,1.0,,RDKit,2026.03.6,2026-09-17,e99d97a3665c237f,RDKit Descriptors.descList; 2D
14,gamma-valerolactone,fr_C_O_noCOO,1.0,,RDKit,2026.03.6,2026-09-17,e99d97a3665c237f,RDKit Descriptors.descList; 2D
14,gamma-valerolactone,fr_C_S,0.0,,RDKit,2026.03.6,2026-09-17,e99d97a3665c237f,RDKit Descriptors.descList; 2D
14,gamma-valerolactone,fr_HOCCN,0.0,,RDKit,2026.03.6,2026-09-17,e99d97a3665c237f,RDKit Descriptors.descList; 2D
14,gamma-valerolactone,fr_Imine,0.0,,RDKit,2026.03.6,2026-09-17,e99d97a3665c237f,RDKit Descriptors.descList; 2D
14,gamma-valerolactone,fr_NH0,0.0,,RDKit,2026.03.6,2026-09-17,e99d97a3665c237f,RDKit Descriptors.descList; 2D
14,gamma-valerolactone,fr_NH1,0.0,,RDKit,2026.03.6,2026-09-17,e99d97a3665c237f,RDKit Descriptors.descList; 2D
14,gamma-valerolactone,fr_NH2,0.0,,RDKit,2026.03.6,2026-09-17,e99d97a3665c237f,RDKit Descriptors.descList; 2D
14,gamma-valerolactone,fr_N_O,0.0,,RDKit,2026.03.6,2026-09-17,e99d97a3665c237f,RDKit Descriptors.descList; 2D
14,gamma-valerolactone,fr_Ndealkylation1,0.0,,RDKit,2026.03.6,2026-09-17,e99d97a3665c237f,RDKit Descriptors.descList; 2D
14,gamma-valerolactone,fr_Ndealkylation2,0.0,,RDKit,2026.03.6,2026-09-17,e99d97a3665c237f,RDKit Descriptors.descList; 2D
14,gamma-valerolactone,fr_Nhpyrrole,0.0,,RDKit,2026.03.6,2026-09-17,e99d97a3665c237f,RDKit Descriptors.descList; 2D
14,gamma-valerolactone,fr_SH,0.0,,RDKit,2026.03.6,2026-09-17,e99d97a3665c237f,RDKit Descriptors.descList; 2D
14,gamma-valerolactone,fr_aldehyde,0.0,,RDKit,2026.03.6,2026-09-17,e99d97a3665c237f,RDKit Descriptors.descList; 2D
14,gamma-valerolactone,fr_alkyl_carbamate,0.0,,RDKit,2026.03.6,2026-09-17,e99d97a3665c237f,RDKit Descriptors.descList; 2D
14,gamma-valerolactone,fr_alkyl_halide,0.0,,RDKit,2026.03.6,2026-09-17,e99d97a3665c237f,RDKit Descriptors.descList; 2D
14,gamma-valerolactone,fr_allylic_oxid,0.0,,RDKit,2026.03.6,2026-09-17,e99d97a3665c237f,RDKit Descriptors.descList; 2D
14,gamma-valerolactone,fr_amide,0.0,,RDKit,2026.03.6,2026-09-17,e99d97a3665c237f,RDKit Descriptors.descList; 2D
14,gamma-valerolactone,fr_amidine,0.0,,RDKit,2026.03.6,2026-09-17,e99d97a3665c237f,RDKit Descriptors.descList; 2D
14,gamma-valerolactone,fr_aniline,0.0,,RDKit,2026.03.6,2026-09-17,e99d97a3665c237f,RDKit Descriptors.descList; 2D
14,gamma-valerolactone,fr_aryl_methyl,0.0,,RDKit,2026.03.6,2026-09-17,e99d97a3665c237f,RDKit Descriptors.descList; 2D
14,gamma-valerolactone,fr_azide,0.0,,RDKit,2026.03.6,2026-09-17,e99d97a3665c237f,RDKit Descriptors.descList; 2D
14,gamma-valerolactone,fr_azo,0.0,,RDKit,2026.03.6,2026-09-17,e99d97a3665c237f,RDKit Descriptors.descList; 2D
14,gamma-valerolactone,fr_barbitur,0.0,,RDKit,2026.03.6,2026-09-17,e99d97a3665c237f,RDKit Descriptors.descList; 2D
14,gamma-valerolactone,fr_benzene,0.0,,RDKit,2026.03.6,2026-09-17,e99d97a3665c237f,RDKit Descriptors.descList; 2D
14,gamma-valerolactone,fr_benzodiazepine,0.0,,RDKit,2026.03.6,2026-09-17,e99d97a3665c237f,RDKit Descriptors.descList; 2D
14,gamma-valerolactone,fr_bicyclic,0.0,,RDKit,2026.03.6,2026-09-17,e99d97a3665c237f,RDKit Descriptors.descList; 2D
14,gamma-valerolactone,fr_diazo,0.0,,RDKit,2026.03.6,2026-09-17,e99d97a3665c237f,RDKit Descriptors.descList; 2D
14,gamma-valerolactone,fr_dihydropyridine,0.0,,RDKit,2026.03.6,2026-09-17,e99d97a3665c237f,RDKit Descriptors.descList; 2D
14,gamma-valerolactone,fr_epoxide,0.0,,RDKit,2026.03.6,2026-09-17,e99d97a3665c237f,RDKit Descriptors.descList; 2D
14,gamma-valerolactone,fr_ester,1.0,,RDKit,2026.03.6,2026-09-17,e99d97a3665c237f,RDKit Descriptors.descList; 2D
14,gamma-valerolactone,fr_ether,1.0,,RDKit,2026.03.6,2026-09-17,e99d97a3665c237f,RDKit Descriptors.descList; 2D
14,gamma-valerolactone,fr_furan,0.0,,RDKit,2026.03.6,2026-09-17,e99d97a3665c237f,RDKit Descriptors.descList; 2D
14,gamma-valerolactone,fr_guanido,0.0,,RDKit,2026.03.6,2026-09-17,e99d97a3665c237f,RDKit Descriptors.descList; 2D
14,gamma-valerolactone,fr_halogen,0.0,,RDKit,2026.03.6,2026-09-17,e99d97a3665c237f,RDKit Descriptors.descList; 2D
14,gamma-valerolactone,fr_hdrzine,0.0,,RDKit,2026.03.6,2026-09-17,e99d97a3665c237f,RDKit Descriptors.descList; 2D
14,gamma-valerolactone,fr_hdrzone,0.0,,RDKit,2026.03.6,2026-09-17,e99d97a3665c237f,RDKit Descriptors.descList; 2D
14,gamma-valerolactone,fr_imidazole,0.0,,RDKit,2026.03.6,2026-09-17,e99d97a3665c237f,RDKit Descriptors.descList; 2D
14,gamma-valerolactone,fr_imide,0.0,,RDKit,2026.03.6,2026-09-17,e99d97a3665c237f,RDKit Descriptors.descList; 2D
14,gamma-valerolactone,fr_isocyan,0.0,,RDKit,2026.03.6,2026-09-17,e99d97a3665c237f,RDKit Descriptors.descList; 2D
14,gamma-valerolactone,fr_isothiocyan,0.0,,RDKit,2026.03.6,2026-09-17,e99d97a3665c237f,RDKit Descriptors.descList; 2D
14,gamma-valerolactone,fr_ketone,0.0,,RDKit,2026.03.6,2026-09-17,e99d97a3665c237f,RDKit Descriptors.descList; 2D
14,gamma-valerolactone,fr_ketone_Topliss,0.0,,RDKit,2026.03.6,2026-09-17,e99d97a3665c237f,RDKit Descriptors.descList; 2D
14,gamma-valerolactone,fr_lactam,0.0,,RDKit,2026.03.6,2026-09-17,e99d97a3665c237f,RDKit Descriptors.descList; 2D
14,gamma-valerolactone,fr_lactone,1.0,,RDKit,2026.03.6,2026-09-17,e99d97a3665c237f,RDKit Descriptors.descList; 2D
14,gamma-valerolactone,fr_methoxy,0.0,,RDKit,2026.03.6,2026-09-17,e99d97a3665c237f,RDKit Descriptors.descList; 2D
14,gamma-valerolactone,fr_morpholine,0.0,,RDKit,2026.03.6,2026-09-17,e99d97a3665c237f,RDKit Descriptors.descList; 2D
14,gamma-valerolactone,fr_nitrile,0.0,,RDKit,2026.03.6,2026-09-17,e99d97a3665c237f,RDKit Descriptors.descList; 2D
14,gamma-valerolactone,fr_nitro,0.0,,RDKit,2026.03.6,2026-09-17,e99d97a3665c237f,RDKit Descriptors.descList; 2D
14,gamma-valerolactone,fr_nitro_arom,0.0,,RDKit,2026.03.6,2026-09-17,e99d97a3665c237f,RDKit Descriptors.descList; 2D
14,gamma-valerolactone,fr_nitro_arom_nonortho,0.0,,RDKit,2026.03.6,2026-09-17,e99d97a3665c237f,RDKit Descriptors.descList; 2D
14,gamma-valerolactone,fr_nitroso,0.0,,RDKit,2026.03.6,2026-09-17,e99d97a3665c237f,RDKit Descriptors.descList; 2D
14,gamma-valerolactone,fr_oxazole,0.0,,RDKit,2026.03.6,2026-09-17,e99d97a3665c237f,RDKit Descriptors.descList; 2D
14,gamma-valerolactone,fr_oxime,0.0,,RDKit,2026.03.6,2026-09-17,e99d97a3665c237f,RDKit Descriptors.descList; 2D
14,gamma-valerolactone,fr_para_hydroxylation,0.0,,RDKit,2026.03.6,2026-09-17,e99d97a3665c237f,RDKit Descriptors.descList; 2D
14,gamma-valerolactone,fr_phenol,0.0,,RDKit,2026.03.6,2026-09-17,e99d97a3665c237f,RDKit Descriptors.descList; 2D
14,gamma-valerolactone,fr_phenol_noOrthoHbond,0.0,,RDKit,2026.03.6,2026-09-17,e99d97a3665c237f,RDKit Descriptors.descList; 2D
14,gamma-valerolactone,fr_phos_acid,0.0,,RDKit,2026.03.6,2026-09-17,e99d97a3665c237f,RDKit Descriptors.descList; 2D
14,gamma-valerolactone,fr_phos_ester,0.0,,RDKit,2026.03.6,2026-09-17,e99d97a3665c237f,RDKit Descriptors.descList; 2D
14,gamma-valerolactone,fr_piperdine,0.0,,RDKit,2026.03.6,2026-09-17,e99d97a3665c237f,RDKit Descriptors.descList; 2D
14,gamma-valerolactone,fr_piperzine,0.0,,RDKit,2026.03.6,2026-09-17,e99d97a3665c237f,RDKit Descriptors.descList; 2D
14,gamma-valerolactone,fr_priamide,0.0,,RDKit,2026.03.6,2026-09-17,e99d97a3665c237f,RDKit Descriptors.descList; 2D
14,gamma-valerolactone,fr_prisulfonamd,0.0,,RDKit,2026.03.6,2026-09-17,e99d97a3665c237f,RDKit Descriptors.descList; 2D
14,gamma-valerolactone,fr_pyridine,0.0,,RDKit,2026.03.6,2026-09-17,e99d97a3665c237f,RDKit Descriptors.descList; 2D
14,gamma-valerolactone,fr_quatN,0.0,,RDKit,2026.03.6,2026-09-17,e99d97a3665c237f,RDKit Descriptors.descList; 2D
14,gamma-valerolactone,fr_sulfide,0.0,,RDKit,2026.03.6,2026-09-17,e99d97a3665c237f,RDKit Descriptors.descList; 2D
14,gamma-valerolactone,fr_sulfonamd,0.0,,RDKit,2026.03.6,2026-09-17,e99d97a3665c237f,RDKit Descriptors.descList; 2D
14,gamma-valerolactone,fr_sulfone,0.0,,RDKit,2026.03.6,2026-09-17,e99d97a3665c237f,RDKit Descriptors.descList; 2D
14,gamma-valerolactone,fr_term_acetylene,0.0,,RDKit,2026.03.6,2026-09-17,e99d97a3665c237f,RDKit Descriptors.descList; 2D
14,gamma-valerolactone,fr_tetrazole,0.0,,RDKit,2026.03.6,2026-09-17,e99d97a3665c237f,RDKit Descriptors.descList; 2D
14,gamma-valerolactone,fr_thiazole,0.0,,RDKit,2026.03.6,2026-09-17,e99d97a3665c237f,RDKit Descriptors.descList; 2D
14,gamma-valerolactone,fr_thiocyan,0.0,,RDKit,2026.03.6,2026-09-17,e99d97a3665c237f,RDKit Descriptors.descList; 2D
14,gamma-valerolactone,fr_thiophene,0.0,,RDKit,2026.03.6,2026-09-17,e99d97a3665c237f,RDKit Descriptors.descList; 2D
14,gamma-valerolactone,fr_unbrch_alkane,0.0,,RDKit,2026.03.6,2026-09-17,e99d97a3665c237f,RDKit Descriptors.descList; 2D
14,gamma-valerolactone,fr_urea,0.0,,RDKit,2026.03.6,2026-09-17,e99d97a3665c237f,RDKit Descriptors.descList; 2D
15,"2,5-dimethylfuran",MaxAbsEStateIndex,5.083333333333333,,RDKit,2026.03.6,2026-09-17,e99d97a3665c237f,RDKit Descriptors.descList; 2D
15,"2,5-dimethylfuran",MaxEStateIndex,5.083333333333333,,RDKit,2026.03.6,2026-09-17,e99d97a3665c237f,RDKit Descriptors.descList; 2D
15,"2,5-dimethylfuran",MinAbsEStateIndex,0.9837962962962964,,RDKit,2026.03.6,2026-09-17,e99d97a3665c237f,RDKit Descriptors.descList; 2D
15,"2,5-dimethylfuran",MinEStateIndex,0.9837962962962964,,RDKit,2026.03.6,2026-09-17,e99d97a3665c237f,RDKit Descriptors.descList; 2D
15,"2,5-dimethylfuran",qed,0.4804036489034677,,RDKit,2026.03.6,2026-09-17,e99d97a3665c237f,RDKit Descriptors.descList; 2D
15,"2,5-dimethylfuran",SPS,9.428571428571429,,RDKit,2026.03.6,2026-09-17,e99d97a3665c237f,RDKit Descriptors.descList; 2D
15,"2,5-dimethylfuran",MolWt,96.129,,RDKit,2026.03.6,2026-09-17,e99d97a3665c237f,RDKit Descriptors.descList; 2D
15,"2,5-dimethylfuran",HeavyAtomMolWt,88.06499999999998,,RDKit,2026.03.6,2026-09-17,e99d97a3665c237f,RDKit Descriptors.descList; 2D
15,"2,5-dimethylfuran",ExactMolWt,96.057514876,,RDKit,2026.03.6,2026-09-17,e99d97a3665c237f,RDKit Descriptors.descList; 2D
15,"2,5-dimethylfuran",NumValenceElectrons,38.0,,RDKit,2026.03.6,2026-09-17,e99d97a3665c237f,RDKit Descriptors.descList; 2D
15,"2,5-dimethylfuran",NumRadicalElectrons,0.0,,RDKit,2026.03.6,2026-09-17,e99d97a3665c237f,RDKit Descriptors.descList; 2D
15,"2,5-dimethylfuran",MaxPartialCharge,0.10057870797310317,,RDKit,2026.03.6,2026-09-17,e99d97a3665c237f,RDKit Descriptors.descList; 2D
15,"2,5-dimethylfuran",MinPartialCharge,-0.46669141350136323,,RDKit,2026.03.6,2026-09-17,e99d97a3665c237f,RDKit Descriptors.descList; 2D
15,"2,5-dimethylfuran",MaxAbsPartialCharge,0.46669141350136323,,RDKit,2026.03.6,2026-09-17,e99d97a3665c237f,RDKit Descriptors.descList; 2D
15,"2,5-dimethylfuran",MinAbsPartialCharge,0.10057870797310317,,RDKit,2026.03.6,2026-09-17,e99d97a3665c237f,RDKit Descriptors.descList; 2D
15,"2,5-dimethylfuran",FpDensityMorgan1,1.1428571428571428,,RDKit,2026.03.6,2026-09-17,e99d97a3665c237f,RDKit Descriptors.descList; 2D
15,"2,5-dimethylfuran",FpDensityMorgan2,1.5714285714285714,,RDKit,2026.03.6,2026-09-17,e99d97a3665c237f,RDKit Descriptors.descList; 2D
15,"2,5-dimethylfuran",FpDensityMorgan3,1.7142857142857142,,RDKit,2026.03.6,2026-09-17,e99d97a3665c237f,RDKit Descriptors.descList; 2D
15,"2,5-dimethylfuran",BCUT2D_MWHI,16.340678260079365,,RDKit,2026.03.6,2026-09-17,e99d97a3665c237f,RDKit Descriptors.descList; 2D
15,"2,5-dimethylfuran",BCUT2D_MWLOW,10.460267153111195,,RDKit,2026.03.6,2026-09-17,e99d97a3665c237f,RDKit Descriptors.descList; 2D
15,"2,5-dimethylfuran",BCUT2D_CHGHI,1.852215924160925,,RDKit,2026.03.6,2026-09-17,e99d97a3665c237f,RDKit Descriptors.descList; 2D
15,"2,5-dimethylfuran",BCUT2D_CHGLO,-1.7594908664718858,,RDKit,2026.03.6,2026-09-17,e99d97a3665c237f,RDKit Descriptors.descList; 2D
15,"2,5-dimethylfuran",BCUT2D_LOGPHI,2.016982738095679,,RDKit,2026.03.6,2026-09-17,e99d97a3665c237f,RDKit Descriptors.descList; 2D
15,"2,5-dimethylfuran",BCUT2D_LOGPLOW,-1.5344142336457816,,RDKit,2026.03.6,2026-09-17,e99d97a3665c237f,RDKit Descriptors.descList; 2D
15,"2,5-dimethylfuran",BCUT2D_MRHI,5.022881260914837,,RDKit,2026.03.6,2026-09-17,e99d97a3665c237f,RDKit Descriptors.descList; 2D
15,"2,5-dimethylfuran",BCUT2D_MRLOW,0.5044422055929474,,RDKit,2026.03.6,2026-09-17,e99d97a3665c237f,RDKit Descriptors.descList; 2D
15,"2,5-dimethylfuran",AvgIpc,1.8668193111659015,,RDKit,2026.03.6,2026-09-17,e99d97a3665c237f,RDKit Descriptors.descList; 2D
15,"2,5-dimethylfuran",BalabanJ,3.042002767407289,,RDKit,2026.03.6,2026-09-17,e99d97a3665c237f,RDKit Descriptors.descList; 2D
15,"2,5-dimethylfuran",BertzCT,136.46855847366513,,RDKit,2026.03.6,2026-09-17,e99d97a3665c237f,RDKit Descriptors.descList; 2D
15,"2,5-dimethylfuran",Chi0,5.276020881938894,,RDKit,2026.03.6,2026-09-17,e99d97a3665c237f,RDKit Descriptors.descList; 2D
15,"2,5-dimethylfuran",Chi0n,4.562948828843115,,RDKit,2026.03.6,2026-09-17,e99d97a3665c237f,RDKit Descriptors.descList; 2D
15,"2,5-dimethylfuran",Chi0v,4.562948828843115,,RDKit,2026.03.6,2026-09-17,e99d97a3665c237f,RDKit Descriptors.descList; 2D
15,"2,5-dimethylfuran",Chi1,3.287693700234704,,RDKit,2026.03.6,2026-09-17,e99d97a3665c237f,RDKit Descriptors.descList; 2D
15,"2,5-dimethylfuran",Chi1n,2.3189318929868223,,RDKit,2026.03.6,2026-09-17,e99d97a3665c237f,RDKit Descriptors.descList; 2D
15,"2,5-dimethylfuran",Chi1v,2.3189318929868223,,RDKit,2026.03.6,2026-09-17,e99d97a3665c237f,RDKit Descriptors.descList; 2D
15,"2,5-dimethylfuran",Chi2n,1.656696225998304,,RDKit,2026.03.6,2026-09-17,e99d97a3665c237f,RDKit Descriptors.descList; 2D
15,"2,5-dimethylfuran",Chi2v,1.656696225998304,,RDKit,2026.03.6,2026-09-17,e99d97a3665c237f,RDKit Descriptors.descList; 2D
15,"2,5-dimethylfuran",Chi3n,0.8747247055843108,,RDKit,2026.03.6,2026-09-17,e99d97a3665c237f,RDKit Descriptors.descList; 2D
15,"2,5-dimethylfuran",Chi3v,0.8747247055843108,,RDKit,2026.03.6,2026-09-17,e99d97a3665c237f,RDKit Descriptors.descList; 2D
15,"2,5-dimethylfuran",Chi4n,0.5566833238403335,,RDKit,2026.03.6,2026-09-17,e99d97a3665c237f,RDKit Descriptors.descList; 2D
15,"2,5-dimethylfuran",Chi4v,0.5566833238403335,,RDKit,2026.03.6,2026-09-17,e99d97a3665c237f,RDKit Descriptors.descList; 2D
15,"2,5-dimethylfuran",HallKierAlpha,-0.72,,RDKit,2026.03.6,2026-09-17,e99d97a3665c237f,RDKit Descriptors.descList; 2D
15,"2,5-dimethylfuran",Ipc,46.670482779147534,,RDKit,2026.03.6,2026-09-17,e99d97a3665c237f,RDKit Descriptors.descList; 2D
15,"2,5-dimethylfuran",Kappa1,4.439235668789809,,RDKit,2026.03.6,2026-09-17,e99d97a3665c237f,RDKit Descriptors.descList; 2D
15,"2,5-dimethylfuran",Kappa2,1.4107848491213335,,RDKit,2026.03.6,2026-09-17,e99d97a3665c237f,RDKit Descriptors.descList; 2D
15,"2,5-dimethylfuran",Kappa3,0.8285542253028078,,RDKit,2026.03.6,2026-09-17,e99d97a3665c237f,RDKit Descriptors.descList; 2D
15,"2,5-dimethylfuran",LabuteASA,42.95561661236701,,RDKit,2026.03.6,2026-09-17,e99d97a3665c237f,RDKit Descriptors.descList; 2D
15,"2,5-dimethylfuran",PEOE_VSA1,4.417150937053347,,RDKit,2026.03.6,2026-09-17,e99d97a3665c237f,RDKit Descriptors.descList; 2D
15,"2,5-dimethylfuran",PEOE_VSA10,11.520494837748885,,RDKit,2026.03.6,2026-09-17,e99d97a3665c237f,RDKit Descriptors.descList; 2D
15,"2,5-dimethylfuran",PEOE_VSA11,0.0,,RDKit,2026.03.6,2026-09-17,e99d97a3665c237f,RDKit Descriptors.descList; 2D
15,"2,5-dimethylfuran",PEOE_VSA12,0.0,,RDKit,2026.03.6,2026-09-17,e99d97a3665c237f,RDKit Descriptors.descList; 2D
15,"2,5-dimethylfuran",PEOE_VSA13,0.0,,RDKit,2026.03.6,2026-09-17,e99d97a3665c237f,RDKit Descriptors.descList; 2D
15,"2,5-dimethylfuran",PEOE_VSA14,0.0,,RDKit,2026.03.6,2026-09-17,e99d97a3665c237f,RDKit Descriptors.descList; 2D
15,"2,5-dimethylfuran",PEOE_VSA2,0.0,,RDKit,2026.03.6,2026-09-17,e99d97a3665c237f,RDKit Descriptors.descList; 2D
15,"2,5-dimethylfuran",PEOE_VSA3,0.0,,RDKit,2026.03.6,2026-09-17,e99d97a3665c237f,RDKit Descriptors.descList; 2D
15,"2,5-dimethylfuran",PEOE_VSA4,0.0,,RDKit,2026.03.6,2026-09-17,e99d97a3665c237f,RDKit Descriptors.descList; 2D
15,"2,5-dimethylfuran",PEOE_VSA5,0.0,,RDKit,2026.03.6,2026-09-17,e99d97a3665c237f,RDKit Descriptors.descList; 2D
15,"2,5-dimethylfuran",PEOE_VSA6,0.0,,RDKit,2026.03.6,2026-09-17,e99d97a3665c237f,RDKit Descriptors.descList; 2D
15,"2,5-dimethylfuran",PEOE_VSA7,25.980208536304467,,RDKit,2026.03.6,2026-09-17,e99d97a3665c237f,RDKit Descriptors.descList; 2D
15,"2,5-dimethylfuran",PEOE_VSA8,0.0,,RDKit,2026.03.6,2026-09-17,e99d97a3665c237f,RDKit Descriptors.descList; 2D
15,"2,5-dimethylfuran",PEOE_VSA9,0.0,,RDKit,2026.03.6,2026-09-17,e99d97a3665c237f,RDKit Descriptors.descList; 2D
15,"2,5-dimethylfuran",SMR_VSA1,4.417150937053347,,RDKit,2026.03.6,2026-09-17,e99d97a3665c237f,RDKit Descriptors.descList; 2D
15,"2,5-dimethylfuran",SMR_VSA10,0.0,,RDKit,2026.03.6,2026-09-17,e99d97a3665c237f,RDKit Descriptors.descList; 2D
15,"2,5-dimethylfuran",SMR_VSA2,0.0,,RDKit,2026.03.6,2026-09-17,e99d97a3665c237f,RDKit Descriptors.descList; 2D
15,"2,5-dimethylfuran",SMR_VSA3,0.0,,RDKit,2026.03.6,2026-09-17,e99d97a3665c237f,RDKit Descriptors.descList; 2D
15,"2,5-dimethylfuran",SMR_VSA4,0.0,,RDKit,2026.03.6,2026-09-17,e99d97a3665c237f,RDKit Descriptors.descList; 2D
15,"2,5-dimethylfuran",SMR_VSA5,13.847474399381248,,RDKit,2026.03.6,2026-09-17,e99d97a3665c237f,RDKit Descriptors.descList; 2D
15,"2,5-dimethylfuran",SMR_VSA6,0.0,,RDKit,2026.03.6,2026-09-17,e99d97a3665c237f,RDKit Descriptors.descList; 2D
15,"2,5-dimethylfuran",SMR_VSA7,23.653228974672103,,RDKit,2026.03.6,2026-09-17,e99d97a3665c237f,RDKit Descriptors.descList; 2D
15,"2,5-dimethylfuran",SMR_VSA8,0.0,,RDKit,2026.03.6,2026-09-17,e99d97a3665c237f,RDKit Descriptors.descList; 2D
15,"2,5-dimethylfuran",SMR_VSA9,0.0,,RDKit,2026.03.6,2026-09-17,e99d97a3665c237f,RDKit Descriptors.descList; 2D
15,"2,5-dimethylfuran",SlogP_VSA1,0.0,,RDKit,2026.03.6,2026-09-17,e99d97a3665c237f,RDKit Descriptors.descList; 2D
15,"2,5-dimethylfuran",SlogP_VSA10,0.0,,RDKit,2026.03.6,2026-09-17,e99d97a3665c237f,RDKit Descriptors.descList; 2D
15,"2,5-dimethylfuran",SlogP_VSA11,0.0,,RDKit,2026.03.6,2026-09-17,e99d97a3665c237f,RDKit Descriptors.descList; 2D
15,"2,5-dimethylfuran",SlogP_VSA12,0.0,,RDKit,2026.03.6,2026-09-17,e99d97a3665c237f,RDKit Descriptors.descList; 2D
15,"2,5-dimethylfuran",SlogP_VSA2,0.0,,RDKit,2026.03.6,2026-09-17,e99d97a3665c237f,RDKit Descriptors.descList; 2D
15,"2,5-dimethylfuran",SlogP_VSA3,0.0,,RDKit,2026.03.6,2026-09-17,e99d97a3665c237f,RDKit Descriptors.descList; 2D
15,"2,5-dimethylfuran",SlogP_VSA4,13.847474399381248,,RDKit,2026.03.6,2026-09-17,e99d97a3665c237f,RDKit Descriptors.descList; 2D
15,"2,5-dimethylfuran",SlogP_VSA5,11.520494837748885,,RDKit,2026.03.6,2026-09-17,e99d97a3665c237f,RDKit Descriptors.descList; 2D
15,"2,5-dimethylfuran",SlogP_VSA6,16.54988507397657,,RDKit,2026.03.6,2026-09-17,e99d97a3665c237f,RDKit Descriptors.descList; 2D
15,"2,5-dimethylfuran",SlogP_VSA7,0.0,,RDKit,2026.03.6,2026-09-17,e99d97a3665c237f,RDKit Descriptors.descList; 2D
15,"2,5-dimethylfuran",SlogP_VSA8,0.0,,RDKit,2026.03.6,2026-09-17,e99d97a3665c237f,RDKit Descriptors.descList; 2D
15,"2,5-dimethylfuran",SlogP_VSA9,0.0,,RDKit,2026.03.6,2026-09-17,e99d97a3665c237f,RDKit Descriptors.descList; 2D
15,"2,5-dimethylfuran",TPSA,13.14,,RDKit,2026.03.6,2026-09-17,e99d97a3665c237f,RDKit Descriptors.descList; 2D
15,"2,5-dimethylfuran",EState_VSA1,0.0,,RDKit,2026.03.6,2026-09-17,e99d97a3665c237f,RDKit Descriptors.descList; 2D
15,"2,5-dimethylfuran",EState_VSA10,0.0,,RDKit,2026.03.6,2026-09-17,e99d97a3665c237f,RDKit Descriptors.descList; 2D
15,"2,5-dimethylfuran",EState_VSA11,0.0,,RDKit,2026.03.6,2026-09-17,e99d97a3665c237f,RDKit Descriptors.descList; 2D
15,"2,5-dimethylfuran",EState_VSA2,0.0,,RDKit,2026.03.6,2026-09-17,e99d97a3665c237f,RDKit Descriptors.descList; 2D
15,"2,5-dimethylfuran",EState_VSA3,0.0,,RDKit,2026.03.6,2026-09-17,e99d97a3665c237f,RDKit Descriptors.descList; 2D
15,"2,5-dimethylfuran",EState_VSA4,11.520494837748885,,RDKit,2026.03.6,2026-09-17,e99d97a3665c237f,RDKit Descriptors.descList; 2D
15,"2,5-dimethylfuran",EState_VSA5,0.0,,RDKit,2026.03.6,2026-09-17,e99d97a3665c237f,RDKit Descriptors.descList; 2D
15,"2,5-dimethylfuran",EState_VSA6,0.0,,RDKit,2026.03.6,2026-09-17,e99d97a3665c237f,RDKit Descriptors.descList; 2D
15,"2,5-dimethylfuran",EState_VSA7,25.980208536304467,,RDKit,2026.03.6,2026-09-17,e99d97a3665c237f,RDKit Descriptors.descList; 2D
15,"2,5-dimethylfuran",EState_VSA8,0.0,,RDKit,2026.03.6,2026-09-17,e99d97a3665c237f,RDKit Descriptors.descList; 2D
15,"2,5-dimethylfuran",EState_VSA9,4.417150937053347,,RDKit,2026.03.6,2026-09-17,e99d97a3665c237f,RDKit Descriptors.descList; 2D
15,"2,5-dimethylfuran",VSA_EState1,5.083333333333333,,RDKit,2026.03.6,2026-09-17,e99d97a3665c237f,RDKit Descriptors.descList; 2D
15,"2,5-dimethylfuran",VSA_EState10,0.0,,RDKit,2026.03.6,2026-09-17,e99d97a3665c237f,RDKit Descriptors.descList; 2D
15,"2,5-dimethylfuran",VSA_EState2,0.0,,RDKit,2026.03.6,2026-09-17,e99d97a3665c237f,RDKit Descriptors.descList; 2D
15,"2,5-dimethylfuran",VSA_EState3,0.0,,RDKit,2026.03.6,2026-09-17,e99d97a3665c237f,RDKit Descriptors.descList; 2D
15,"2,5-dimethylfuran",VSA_EState4,0.0,,RDKit,2026.03.6,2026-09-17,e99d97a3665c237f,RDKit Descriptors.descList; 2D
15,"2,5-dimethylfuran",VSA_EState5,1.967592592592593,,RDKit,2026.03.6,2026-09-17,e99d97a3665c237f,RDKit Descriptors.descList; 2D
15,"2,5-dimethylfuran",VSA_EState6,3.9074074074074074,,RDKit,2026.03.6,2026-09-17,e99d97a3665c237f,RDKit Descriptors.descList; 2D
15,"2,5-dimethylfuran",VSA_EState7,0.0,,RDKit,2026.03.6,2026-09-17,e99d97a3665c237f,RDKit Descriptors.descList; 2D
15,"2,5-dimethylfuran",VSA_EState8,3.875,,RDKit,2026.03.6,2026-09-17,e99d97a3665c237f,RDKit Descriptors.descList; 2D
15,"2,5-dimethylfuran",VSA_EState9,0.0,,RDKit,2026.03.6,2026-09-17,e99d97a3665c237f,RDKit Descriptors.descList; 2D
15,"2,5-dimethylfuran",FractionCSP3,0.3333333333333333,,RDKit,2026.03.6,2026-09-17,e99d97a3665c237f,RDKit Descriptors.descList; 2D
15,"2,5-dimethylfuran",HeavyAtomCount,7.0,,RDKit,2026.03.6,2026-09-17,e99d97a3665c237f,RDKit Descriptors.descList; 2D
15,"2,5-dimethylfuran",NHOHCount,0.0,,RDKit,2026.03.6,2026-09-17,e99d97a3665c237f,RDKit Descriptors.descList; 2D
15,"2,5-dimethylfuran",NOCount,1.0,,RDKit,2026.03.6,2026-09-17,e99d97a3665c237f,RDKit Descriptors.descList; 2D
15,"2,5-dimethylfuran",NumAliphaticCarbocycles,0.0,,RDKit,2026.03.6,2026-09-17,e99d97a3665c237f,RDKit Descriptors.descList; 2D
15,"2,5-dimethylfuran",NumAliphaticHeterocycles,0.0,,RDKit,2026.03.6,2026-09-17,e99d97a3665c237f,RDKit Descriptors.descList; 2D
15,"2,5-dimethylfuran",NumAliphaticRings,0.0,,RDKit,2026.03.6,2026-09-17,e99d97a3665c237f,RDKit Descriptors.descList; 2D
15,"2,5-dimethylfuran",NumAmideBonds,0.0,,RDKit,2026.03.6,2026-09-17,e99d97a3665c237f,RDKit Descriptors.descList; 2D
15,"2,5-dimethylfuran",NumAromaticCarbocycles,0.0,,RDKit,2026.03.6,2026-09-17,e99d97a3665c237f,RDKit Descriptors.descList; 2D
15,"2,5-dimethylfuran",NumAromaticHeterocycles,1.0,,RDKit,2026.03.6,2026-09-17,e99d97a3665c237f,RDKit Descriptors.descList; 2D
15,"2,5-dimethylfuran",NumAromaticRings,1.0,,RDKit,2026.03.6,2026-09-17,e99d97a3665c237f,RDKit Descriptors.descList; 2D
15,"2,5-dimethylfuran",NumAtomStereoCenters,0.0,,RDKit,2026.03.6,2026-09-17,e99d97a3665c237f,RDKit Descriptors.descList; 2D
15,"2,5-dimethylfuran",NumBridgeheadAtoms,0.0,,RDKit,2026.03.6,2026-09-17,e99d97a3665c237f,RDKit Descriptors.descList; 2D
15,"2,5-dimethylfuran",NumHAcceptors,1.0,,RDKit,2026.03.6,2026-09-17,e99d97a3665c237f,RDKit Descriptors.descList; 2D
15,"2,5-dimethylfuran",NumHDonors,0.0,,RDKit,2026.03.6,2026-09-17,e99d97a3665c237f,RDKit Descriptors.descList; 2D
15,"2,5-dimethylfuran",NumHeteroatoms,1.0,,RDKit,2026.03.6,2026-09-17,e99d97a3665c237f,RDKit Descriptors.descList; 2D
15,"2,5-dimethylfuran",NumHeterocycles,1.0,,RDKit,2026.03.6,2026-09-17,e99d97a3665c237f,RDKit Descriptors.descList; 2D
15,"2,5-dimethylfuran",NumRotatableBonds,0.0,,RDKit,2026.03.6,2026-09-17,e99d97a3665c237f,RDKit Descriptors.descList; 2D
15,"2,5-dimethylfuran",NumSaturatedCarbocycles,0.0,,RDKit,2026.03.6,2026-09-17,e99d97a3665c237f,RDKit Descriptors.descList; 2D
15,"2,5-dimethylfuran",NumSaturatedHeterocycles,0.0,,RDKit,2026.03.6,2026-09-17,e99d97a3665c237f,RDKit Descriptors.descList; 2D
15,"2,5-dimethylfuran",NumSaturatedRings,0.0,,RDKit,2026.03.6,2026-09-17,e99d97a3665c237f,RDKit Descriptors.descList; 2D
15,"2,5-dimethylfuran",NumSpiroAtoms,0.0,,RDKit,2026.03.6,2026-09-17,e99d97a3665c237f,RDKit Descriptors.descList; 2D
15,"2,5-dimethylfuran",NumUnspecifiedAtomStereoCenters,0.0,,RDKit,2026.03.6,2026-09-17,e99d97a3665c237f,RDKit Descriptors.descList; 2D
15,"2,5-dimethylfuran",Phi,0.8946866318868105,,RDKit,2026.03.6,2026-09-17,e99d97a3665c237f,RDKit Descriptors.descList; 2D
15,"2,5-dimethylfuran",RingCount,1.0,,RDKit,2026.03.6,2026-09-17,e99d97a3665c237f,RDKit Descriptors.descList; 2D
15,"2,5-dimethylfuran",MolLogP,1.89644,,RDKit,2026.03.6,2026-09-17,e99d97a3665c237f,RDKit Descriptors.descList; 2D
15,"2,5-dimethylfuran",MolMR,28.181999999999988,,RDKit,2026.03.6,2026-09-17,e99d97a3665c237f,RDKit Descriptors.descList; 2D
15,"2,5-dimethylfuran",fr_Al_COO,0.0,,RDKit,2026.03.6,2026-09-17,e99d97a3665c237f,RDKit Descriptors.descList; 2D
15,"2,5-dimethylfuran",fr_Al_OH,0.0,,RDKit,2026.03.6,2026-09-17,e99d97a3665c237f,RDKit Descriptors.descList; 2D
15,"2,5-dimethylfuran",fr_Al_OH_noTert,0.0,,RDKit,2026.03.6,2026-09-17,e99d97a3665c237f,RDKit Descriptors.descList; 2D
15,"2,5-dimethylfuran",fr_ArN,0.0,,RDKit,2026.03.6,2026-09-17,e99d97a3665c237f,RDKit Descriptors.descList; 2D
15,"2,5-dimethylfuran",fr_Ar_COO,0.0,,RDKit,2026.03.6,2026-09-17,e99d97a3665c237f,RDKit Descriptors.descList; 2D
15,"2,5-dimethylfuran",fr_Ar_N,0.0,,RDKit,2026.03.6,2026-09-17,e99d97a3665c237f,RDKit Descriptors.descList; 2D
15,"2,5-dimethylfuran",fr_Ar_NH,0.0,,RDKit,2026.03.6,2026-09-17,e99d97a3665c237f,RDKit Descriptors.descList; 2D
15,"2,5-dimethylfuran",fr_Ar_OH,0.0,,RDKit,2026.03.6,2026-09-17,e99d97a3665c237f,RDKit Descriptors.descList; 2D
15,"2,5-dimethylfuran",fr_COO,0.0,,RDKit,2026.03.6,2026-09-17,e99d97a3665c237f,RDKit Descriptors.descList; 2D
15,"2,5-dimethylfuran",fr_COO2,0.0,,RDKit,2026.03.6,2026-09-17,e99d97a3665c237f,RDKit Descriptors.descList; 2D
15,"2,5-dimethylfuran",fr_C_O,0.0,,RDKit,2026.03.6,2026-09-17,e99d97a3665c237f,RDKit Descriptors.descList; 2D
15,"2,5-dimethylfuran",fr_C_O_noCOO,0.0,,RDKit,2026.03.6,2026-09-17,e99d97a3665c237f,RDKit Descriptors.descList; 2D
15,"2,5-dimethylfuran",fr_C_S,0.0,,RDKit,2026.03.6,2026-09-17,e99d97a3665c237f,RDKit Descriptors.descList; 2D
15,"2,5-dimethylfuran",fr_HOCCN,0.0,,RDKit,2026.03.6,2026-09-17,e99d97a3665c237f,RDKit Descriptors.descList; 2D
15,"2,5-dimethylfuran",fr_Imine,0.0,,RDKit,2026.03.6,2026-09-17,e99d97a3665c237f,RDKit Descriptors.descList; 2D
15,"2,5-dimethylfuran",fr_NH0,0.0,,RDKit,2026.03.6,2026-09-17,e99d97a3665c237f,RDKit Descriptors.descList; 2D
15,"2,5-dimethylfuran",fr_NH1,0.0,,RDKit,2026.03.6,2026-09-17,e99d97a3665c237f,RDKit Descriptors.descList; 2D
15,"2,5-dimethylfuran",fr_NH2,0.0,,RDKit,2026.03.6,2026-09-17,e99d97a3665c237f,RDKit Descriptors.descList; 2D
15,"2,5-dimethylfuran",fr_N_O,0.0,,RDKit,2026.03.6,2026-09-17,e99d97a3665c237f,RDKit Descriptors.descList; 2D
15,"2,5-dimethylfuran",fr_Ndealkylation1,0.0,,RDKit,2026.03.6,2026-09-17,e99d97a3665c237f,RDKit Descriptors.descList; 2D
15,"2,5-dimethylfuran",fr_Ndealkylation2,0.0,,RDKit,2026.03.6,2026-09-17,e99d97a3665c237f,RDKit Descriptors.descList; 2D
15,"2,5-dimethylfuran",fr_Nhpyrrole,0.0,,RDKit,2026.03.6,2026-09-17,e99d97a3665c237f,RDKit Descriptors.descList; 2D
15,"2,5-dimethylfuran",fr_SH,0.0,,RDKit,2026.03.6,2026-09-17,e99d97a3665c237f,RDKit Descriptors.descList; 2D
15,"2,5-dimethylfuran",fr_aldehyde,0.0,,RDKit,2026.03.6,2026-09-17,e99d97a3665c237f,RDKit Descriptors.descList; 2D
15,"2,5-dimethylfuran",fr_alkyl_carbamate,0.0,,RDKit,2026.03.6,2026-09-17,e99d97a3665c237f,RDKit Descriptors.descList; 2D
15,"2,5-dimethylfuran",fr_alkyl_halide,0.0,,RDKit,2026.03.6,2026-09-17,e99d97a3665c237f,RDKit Descriptors.descList; 2D
15,"2,5-dimethylfuran",fr_allylic_oxid,0.0,,RDKit,2026.03.6,2026-09-17,e99d97a3665c237f,RDKit Descriptors.descList; 2D
15,"2,5-dimethylfuran",fr_amide,0.0,,RDKit,2026.03.6,2026-09-17,e99d97a3665c237f,RDKit Descriptors.descList; 2D
15,"2,5-dimethylfuran",fr_amidine,0.0,,RDKit,2026.03.6,2026-09-17,e99d97a3665c237f,RDKit Descriptors.descList; 2D
15,"2,5-dimethylfuran",fr_aniline,0.0,,RDKit,2026.03.6,2026-09-17,e99d97a3665c237f,RDKit Descriptors.descList; 2D
15,"2,5-dimethylfuran",fr_aryl_methyl,2.0,,RDKit,2026.03.6,2026-09-17,e99d97a3665c237f,RDKit Descriptors.descList; 2D
15,"2,5-dimethylfuran",fr_azide,0.0,,RDKit,2026.03.6,2026-09-17,e99d97a3665c237f,RDKit Descriptors.descList; 2D
15,"2,5-dimethylfuran",fr_azo,0.0,,RDKit,2026.03.6,2026-09-17,e99d97a3665c237f,RDKit Descriptors.descList; 2D
15,"2,5-dimethylfuran",fr_barbitur,0.0,,RDKit,2026.03.6,2026-09-17,e99d97a3665c237f,RDKit Descriptors.descList; 2D
15,"2,5-dimethylfuran",fr_benzene,0.0,,RDKit,2026.03.6,2026-09-17,e99d97a3665c237f,RDKit Descriptors.descList; 2D
15,"2,5-dimethylfuran",fr_benzodiazepine,0.0,,RDKit,2026.03.6,2026-09-17,e99d97a3665c237f,RDKit Descriptors.descList; 2D
15,"2,5-dimethylfuran",fr_bicyclic,0.0,,RDKit,2026.03.6,2026-09-17,e99d97a3665c237f,RDKit Descriptors.descList; 2D
15,"2,5-dimethylfuran",fr_diazo,0.0,,RDKit,2026.03.6,2026-09-17,e99d97a3665c237f,RDKit Descriptors.descList; 2D
15,"2,5-dimethylfuran",fr_dihydropyridine,0.0,,RDKit,2026.03.6,2026-09-17,e99d97a3665c237f,RDKit Descriptors.descList; 2D
15,"2,5-dimethylfuran",fr_epoxide,0.0,,RDKit,2026.03.6,2026-09-17,e99d97a3665c237f,RDKit Descriptors.descList; 2D
15,"2,5-dimethylfuran",fr_ester,0.0,,RDKit,2026.03.6,2026-09-17,e99d97a3665c237f,RDKit Descriptors.descList; 2D
15,"2,5-dimethylfuran",fr_ether,0.0,,RDKit,2026.03.6,2026-09-17,e99d97a3665c237f,RDKit Descriptors.descList; 2D
15,"2,5-dimethylfuran",fr_furan,1.0,,RDKit,2026.03.6,2026-09-17,e99d97a3665c237f,RDKit Descriptors.descList; 2D
15,"2,5-dimethylfuran",fr_guanido,0.0,,RDKit,2026.03.6,2026-09-17,e99d97a3665c237f,RDKit Descriptors.descList; 2D
15,"2,5-dimethylfuran",fr_halogen,0.0,,RDKit,2026.03.6,2026-09-17,e99d97a3665c237f,RDKit Descriptors.descList; 2D
15,"2,5-dimethylfuran",fr_hdrzine,0.0,,RDKit,2026.03.6,2026-09-17,e99d97a3665c237f,RDKit Descriptors.descList; 2D
15,"2,5-dimethylfuran",fr_hdrzone,0.0,,RDKit,2026.03.6,2026-09-17,e99d97a3665c237f,RDKit Descriptors.descList; 2D
15,"2,5-dimethylfuran",fr_imidazole,0.0,,RDKit,2026.03.6,2026-09-17,e99d97a3665c237f,RDKit Descriptors.descList; 2D
15,"2,5-dimethylfuran",fr_imide,0.0,,RDKit,2026.03.6,2026-09-17,e99d97a3665c237f,RDKit Descriptors.descList; 2D
15,"2,5-dimethylfuran",fr_isocyan,0.0,,RDKit,2026.03.6,2026-09-17,e99d97a3665c237f,RDKit Descriptors.descList; 2D
15,"2,5-dimethylfuran",fr_isothiocyan,0.0,,RDKit,2026.03.6,2026-09-17,e99d97a3665c237f,RDKit Descriptors.descList; 2D
15,"2,5-dimethylfuran",fr_ketone,0.0,,RDKit,2026.03.6,2026-09-17,e99d97a3665c237f,RDKit Descriptors.descList; 2D
15,"2,5-dimethylfuran",fr_ketone_Topliss,0.0,,RDKit,2026.03.6,2026-09-17,e99d97a3665c237f,RDKit Descriptors.descList; 2D
15,"2,5-dimethylfuran",fr_lactam,0.0,,RDKit,2026.03.6,2026-09-17,e99d97a3665c237f,RDKit Descriptors.descList; 2D
15,"2,5-dimethylfuran",fr_lactone,0.0,,RDKit,2026.03.6,2026-09-17,e99d97a3665c237f,RDKit Descriptors.descList; 2D
15,"2,5-dimethylfuran",fr_methoxy,0.0,,RDKit,2026.03.6,2026-09-17,e99d97a3665c237f,RDKit Descriptors.descList; 2D
15,"2,5-dimethylfuran",fr_morpholine,0.0,,RDKit,2026.03.6,2026-09-17,e99d97a3665c237f,RDKit Descriptors.descList; 2D
15,"2,5-dimethylfuran",fr_nitrile,0.0,,RDKit,2026.03.6,2026-09-17,e99d97a3665c237f,RDKit Descriptors.descList; 2D
15,"2,5-dimethylfuran",fr_nitro,0.0,,RDKit,2026.03.6,2026-09-17,e99d97a3665c237f,RDKit Descriptors.descList; 2D
15,"2,5-dimethylfuran",fr_nitro_arom,0.0,,RDKit,2026.03.6,2026-09-17,e99d97a3665c237f,RDKit Descriptors.descList; 2D
15,"2,5-dimethylfuran",fr_nitro_arom_nonortho,0.0,,RDKit,2026.03.6,2026-09-17,e99d97a3665c237f,RDKit Descriptors.descList; 2D
15,"2,5-dimethylfuran",fr_nitroso,0.0,,RDKit,2026.03.6,2026-09-17,e99d97a3665c237f,RDKit Descriptors.descList; 2D
15,"2,5-dimethylfuran",fr_oxazole,0.0,,RDKit,2026.03.6,2026-09-17,e99d97a3665c237f,RDKit Descriptors.descList; 2D
15,"2,5-dimethylfuran",fr_oxime,0.0,,RDKit,2026.03.6,2026-09-17,e99d97a3665c237f,RDKit Descriptors.descList; 2D
15,"2,5-dimethylfuran",fr_para_hydroxylation,0.0,,RDKit,2026.03.6,2026-09-17,e99d97a3665c237f,RDKit Descriptors.descList; 2D
15,"2,5-dimethylfuran",fr_phenol,0.0,,RDKit,2026.03.6,2026-09-17,e99d97a3665c237f,RDKit Descriptors.descList; 2D
15,"2,5-dimethylfuran",fr_phenol_noOrthoHbond,0.0,,RDKit,2026.03.6,2026-09-17,e99d97a3665c237f,RDKit Descriptors.descList; 2D
15,"2,5-dimethylfuran",fr_phos_acid,0.0,,RDKit,2026.03.6,2026-09-17,e99d97a3665c237f,RDKit Descriptors.descList; 2D
15,"2,5-dimethylfuran",fr_phos_ester,0.0,,RDKit,2026.03.6,2026-09-17,e99d97a3665c237f,RDKit Descriptors.descList; 2D
15,"2,5-dimethylfuran",fr_piperdine,0.0,,RDKit,2026.03.6,2026-09-17,e99d97a3665c237f,RDKit Descriptors.descList; 2D
15,"2,5-dimethylfuran",fr_piperzine,0.0,,RDKit,2026.03.6,2026-09-17,e99d97a3665c237f,RDKit Descriptors.descList; 2D
15,"2,5-dimethylfuran",fr_priamide,0.0,,RDKit,2026.03.6,2026-09-17,e99d97a3665c237f,RDKit Descriptors.descList; 2D
15,"2,5-dimethylfuran",fr_prisulfonamd,0.0,,RDKit,2026.03.6,2026-09-17,e99d97a3665c237f,RDKit Descriptors.descList; 2D
15,"2,5-dimethylfuran",fr_pyridine,0.0,,RDKit,2026.03.6,2026-09-17,e99d97a3665c237f,RDKit Descriptors.descList; 2D
15,"2,5-dimethylfuran",fr_quatN,0.0,,RDKit,2026.03.6,2026-09-17,e99d97a3665c237f,RDKit Descriptors.descList; 2D
15,"2,5-dimethylfuran",fr_sulfide,0.0,,RDKit,2026.03.6,2026-09-17,e99d97a3665c237f,RDKit Descriptors.descList; 2D
15,"2,5-dimethylfuran",fr_sulfonamd,0.0,,RDKit,2026.03.6,2026-09-17,e99d97a3665c237f,RDKit Descriptors.descList; 2D
15,"2,5-dimethylfuran",fr_sulfone,0.0,,RDKit,2026.03.6,2026-09-17,e99d97a3665c237f,RDKit Descriptors.descList; 2D
15,"2,5-dimethylfuran",fr_term_acetylene,0.0,,RDKit,2026.03.6,2026-09-17,e99d97a3665c237f,RDKit Descriptors.descList; 2D
15,"2,5-dimethylfuran",fr_tetrazole,0.0,,RDKit,2026.03.6,2026-09-17,e99d97a3665c237f,RDKit Descriptors.descList; 2D
15,"2,5-dimethylfuran",fr_thiazole,0.0,,RDKit,2026.03.6,2026-09-17,e99d97a3665c237f,RDKit Descriptors.descList; 2D
15,"2,5-dimethylfuran",fr_thiocyan,0.0,,RDKit,2026.03.6,2026-09-17,e99d97a3665c237f,RDKit Descriptors.descList; 2D
15,"2,5-dimethylfuran",fr_thiophene,0.0,,RDKit,2026.03.6,2026-09-17,e99d97a3665c237f,RDKit Descriptors.descList; 2D
15,"2,5-dimethylfuran",fr_unbrch_alkane,0.0,,RDKit,2026.03.6,2026-09-17,e99d97a3665c237f,RDKit Descriptors.descList; 2D
15,"2,5-dimethylfuran",fr_urea,0.0,,RDKit,2026.03.6,2026-09-17,e99d97a3665c237f,RDKit Descriptors.descList; 2D
171,2-methylheptane,MaxAbsEStateIndex,2.287361111111111,,RDKit,2026.03.6,2026-09-17,e99d97a3665c237f,RDKit Descriptors.descList; 2D
171,2-methylheptane,MaxEStateIndex,2.287361111111111,,RDKit,2026.03.6,2026-09-17,e99d97a3665c237f,RDKit Descriptors.descList; 2D
171,2-methylheptane,MinAbsEStateIndex,0.9042129629629628,,RDKit,2026.03.6,2026-09-17,e99d97a3665c237f,RDKit Descriptors.descList; 2D
171,2-methylheptane,MinEStateIndex,0.9042129629629628,,RDKit,2026.03.6,2026-09-17,e99d97a3665c237f,RDKit Descriptors.descList; 2D
171,2-methylheptane,qed,0.4921472673477994,,RDKit,2026.03.6,2026-09-17,e99d97a3665c237f,RDKit Descriptors.descList; 2D
171,2-methylheptane,SPS,10.5,,RDKit,2026.03.6,2026-09-17,e99d97a3665c237f,RDKit Descriptors.descList; 2D
171,2-methylheptane,MolWt,114.23199999999999,,RDKit,2026.03.6,2026-09-17,e99d97a3665c237f,RDKit Descriptors.descList; 2D
171,2-methylheptane,HeavyAtomMolWt,96.08799999999998,,RDKit,2026.03.6,2026-09-17,e99d97a3665c237f,RDKit Descriptors.descList; 2D
171,2-methylheptane,ExactMolWt,114.14085057599999,,RDKit,2026.03.6,2026-09-17,e99d97a3665c237f,RDKit Descriptors.descList; 2D
171,2-methylheptane,NumValenceElectrons,50.0,,RDKit,2026.03.6,2026-09-17,e99d97a3665c237f,RDKit Descriptors.descList; 2D
171,2-methylheptane,NumRadicalElectrons,0.0,,RDKit,2026.03.6,2026-09-17,e99d97a3665c237f,RDKit Descriptors.descList; 2D
171,2-methylheptane,MaxPartialCharge,-0.0471325775290515,,RDKit,2026.03.6,2026-09-17,e99d97a3665c237f,RDKit Descriptors.descList; 2D
171,2-methylheptane,MinPartialCharge,-0.06538238184567347,,RDKit,2026.03.6,2026-09-17,e99d97a3665c237f,RDKit Descriptors.descList; 2D
171,2-methylheptane,MaxAbsPartialCharge,0.06538238184567347,,RDKit,2026.03.6,2026-09-17,e99d97a3665c237f,RDKit Descriptors.descList; 2D
171,2-methylheptane,MinAbsPartialCharge,0.0471325775290515,,RDKit,2026.03.6,2026-09-17,e99d97a3665c237f,RDKit Descriptors.descList; 2D
171,2-methylheptane,FpDensityMorgan1,1.125,,RDKit,2026.03.6,2026-09-17,e99d97a3665c237f,RDKit Descriptors.descList; 2D
171,2-methylheptane,FpDensityMorgan2,1.75,,RDKit,2026.03.6,2026-09-17,e99d97a3665c237f,RDKit Descriptors.descList; 2D
171,2-methylheptane,FpDensityMorgan3,2.125,,RDKit,2026.03.6,2026-09-17,e99d97a3665c237f,RDKit Descriptors.descList; 2D
171,2-methylheptane,BCUT2D_MWHI,13.964879854785659,,RDKit,2026.03.6,2026-09-17,e99d97a3665c237f,RDKit Descriptors.descList; 2D
171,2-methylheptane,BCUT2D_MWLOW,10.062182261607683,,RDKit,2026.03.6,2026-09-17,e99d97a3665c237f,RDKit Descriptors.descList; 2D
171,2-methylheptane,BCUT2D_CHGHI,1.9011220709078742,,RDKit,2026.03.6,2026-09-17,e99d97a3665c237f,RDKit Descriptors.descList; 2D
171,2-methylheptane,BCUT2D_CHGLO,-2.0015828937213636,,RDKit,2026.03.6,2026-09-17,e99d97a3665c237f,RDKit Descriptors.descList; 2D
171,2-methylheptane,BCUT2D_LOGPHI,2.06252870122442,,RDKit,2026.03.6,2026-09-17,e99d97a3665c237f,RDKit Descriptors.descList; 2D
171,2-methylheptane,BCUT2D_LOGPLOW,-1.847506884750428,,RDKit,2026.03.6,2026-09-17,e99d97a3665c237f,RDKit Descriptors.descList; 2D
171,2-methylheptane,BCUT2D_MRHI,4.438796681172605,,RDKit,2026.03.6,2026-09-17,e99d97a3665c237f,RDKit Descriptors.descList; 2D
171,2-methylheptane,BCUT2D_MRLOW,0.5343123279298295,,RDKit,2026.03.6,2026-09-17,e99d97a3665c237f,RDKit Descriptors.descList; 2D
171,2-methylheptane,AvgIpc,1.6646727945202302,,RDKit,2026.03.6,2026-09-17,e99d97a3665c237f,RDKit Descriptors.descList; 2D
171,2-methylheptane,BalabanJ,2.7158427612932585,,RDKit,2026.03.6,2026-09-17,e99d97a3665c237f,RDKit Descriptors.descList; 2D
171,2-methylheptane,BertzCT,37.30296890880646,,RDKit,2026.03.6,2026-09-17,e99d97a3665c237f,RDKit Descriptors.descList; 2D
171,2-methylheptane,Chi0,6.405777393935816,,RDKit,2026.03.6,2026-09-17,e99d97a3665c237f,RDKit Descriptors.descList; 2D
171,2-methylheptane,Chi0n,6.405777393935816,,RDKit,2026.03.6,2026-09-17,e99d97a3665c237f,RDKit Descriptors.descList; 2D
171,2-methylheptane,Chi0v,6.405777393935816,,RDKit,2026.03.6,2026-09-17,e99d97a3665c237f,RDKit Descriptors.descList; 2D
171,2-methylheptane,Chi1,3.770055610029662,,RDKit,2026.03.6,2026-09-17,e99d97a3665c237f,RDKit Descriptors.descList; 2D
171,2-methylheptane,Chi1n,3.770055610029662,,RDKit,2026.03.6,2026-09-17,e99d97a3665c237f,RDKit Descriptors.descList; 2D
171,2-methylheptane,Chi1v,3.770055610029662,,RDKit,2026.03.6,2026-09-17,e99d97a3665c237f,RDKit Descriptors.descList; 2D
171,2-methylheptane,Chi2n,2.889628765898712,,RDKit,2026.03.6,2026-09-17,e99d97a3665c237f,RDKit Descriptors.descList; 2D
171,2-methylheptane,Chi2v,2.889628765898712,,RDKit,2026.03.6,2026-09-17,e99d97a3665c237f,RDKit Descriptors.descList; 2D
171,2-methylheptane,Chi3n,1.3850278050148308,,RDKit,2026.03.6,2026-09-17,e99d97a3665c237f,RDKit Descriptors.descList; 2D
171,2-methylheptane,Chi3v,1.3850278050148308,,RDKit,2026.03.6,2026-09-17,e99d97a3665c237f,RDKit Descriptors.descList; 2D
171,2-methylheptane,Chi4n,0.8025858577612692,,RDKit,2026.03.6,2026-09-17,e99d97a3665c237f,RDKit Descriptors.descList; 2D
171,2-methylheptane,Chi4v,0.8025858577612692,,RDKit,2026.03.6,2026-09-17,e99d97a3665c237f,RDKit Descriptors.descList; 2D
171,2-methylheptane,HallKierAlpha,0.0,,RDKit,2026.03.6,2026-09-17,e99d97a3665c237f,RDKit Descriptors.descList; 2D
171,2-methylheptane,Ipc,48.27551104108667,,RDKit,2026.03.6,2026-09-17,e99d97a3665c237f,RDKit Descriptors.descList; 2D
171,2-methylheptane,Kappa1,8.0,,RDKit,2026.03.6,2026-09-17,e99d97a3665c237f,RDKit Descriptors.descList; 2D
171,2-methylheptane,Kappa2,5.142857142857143,,RDKit,2026.03.6,2026-09-17,e99d97a3665c237f,RDKit Descriptors.descList; 2D
171,2-methylheptane,Kappa3,6.0,,RDKit,2026.03.6,2026-09-17,e99d97a3665c237f,RDKit Descriptors.descList; 2D
171,2-methylheptane,LabuteASA,53.29384582860579,,RDKit,2026.03.6,2026-09-17,e99d97a3665c237f,RDKit Descriptors.descList; 2D
171,2-methylheptane,PEOE_VSA1,0.0,,RDKit,2026.03.6,2026-09-17,e99d97a3665c237f,RDKit Descriptors.descList; 2D
171,2-methylheptane,PEOE_VSA10,0.0,,RDKit,2026.03.6,2026-09-17,e99d97a3665c237f,RDKit Descriptors.descList; 2D
171,2-methylheptane,PEOE_VSA11,0.0,,RDKit,2026.03.6,2026-09-17,e99d97a3665c237f,RDKit Descriptors.descList; 2D
171,2-methylheptane,PEOE_VSA12,0.0,,RDKit,2026.03.6,2026-09-17,e99d97a3665c237f,RDKit Descriptors.descList; 2D
171,2-methylheptane,PEOE_VSA13,0.0,,RDKit,2026.03.6,2026-09-17,e99d97a3665c237f,RDKit Descriptors.descList; 2D
171,2-methylheptane,PEOE_VSA14,0.0,,RDKit,2026.03.6,2026-09-17,e99d97a3665c237f,RDKit Descriptors.descList; 2D
171,2-methylheptane,PEOE_VSA2,0.0,,RDKit,2026.03.6,2026-09-17,e99d97a3665c237f,RDKit Descriptors.descList; 2D
171,2-methylheptane,PEOE_VSA3,0.0,,RDKit,2026.03.6,2026-09-17,e99d97a3665c237f,RDKit Descriptors.descList; 2D
171,2-methylheptane,PEOE_VSA4,0.0,,RDKit,2026.03.6,2026-09-17,e99d97a3665c237f,RDKit Descriptors.descList; 2D
171,2-methylheptane,PEOE_VSA5,0.0,,RDKit,2026.03.6,2026-09-17,e99d97a3665c237f,RDKit Descriptors.descList; 2D
171,2-methylheptane,PEOE_VSA6,46.4544980907759,,RDKit,2026.03.6,2026-09-17,e99d97a3665c237f,RDKit Descriptors.descList; 2D
171,2-methylheptane,PEOE_VSA7,5.917906046161393,,RDKit,2026.03.6,2026-09-17,e99d97a3665c237f,RDKit Descriptors.descList; 2D
171,2-methylheptane,PEOE_VSA8,0.0,,RDKit,2026.03.6,2026-09-17,e99d97a3665c237f,RDKit Descriptors.descList; 2D
171,2-methylheptane,PEOE_VSA9,0.0,,RDKit,2026.03.6,2026-09-17,e99d97a3665c237f,RDKit Descriptors.descList; 2D
171,2-methylheptane,SMR_VSA1,0.0,,RDKit,2026.03.6,2026-09-17,e99d97a3665c237f,RDKit Descriptors.descList; 2D
171,2-methylheptane,SMR_VSA10,0.0,,RDKit,2026.03.6,2026-09-17,e99d97a3665c237f,RDKit Descriptors.descList; 2D
171,2-methylheptane,SMR_VSA2,0.0,,RDKit,2026.03.6,2026-09-17,e99d97a3665c237f,RDKit Descriptors.descList; 2D
171,2-methylheptane,SMR_VSA3,0.0,,RDKit,2026.03.6,2026-09-17,e99d97a3665c237f,RDKit Descriptors.descList; 2D
171,2-methylheptane,SMR_VSA4,5.917906046161393,,RDKit,2026.03.6,2026-09-17,e99d97a3665c237f,RDKit Descriptors.descList; 2D
171,2-methylheptane,SMR_VSA5,46.4544980907759,,RDKit,2026.03.6,2026-09-17,e99d97a3665c237f,RDKit Descriptors.descList; 2D
171,2-methylheptane,SMR_VSA6,0.0,,RDKit,2026.03.6,2026-09-17,e99d97a3665c237f,RDKit Descriptors.descList; 2D
171,2-methylheptane,SMR_VSA7,0.0,,RDKit,2026.03.6,2026-09-17,e99d97a3665c237f,RDKit Descriptors.descList; 2D
171,2-methylheptane,SMR_VSA8,0.0,,RDKit,2026.03.6,2026-09-17,e99d97a3665c237f,RDKit Descriptors.descList; 2D
171,2-methylheptane,SMR_VSA9,0.0,,RDKit,2026.03.6,2026-09-17,e99d97a3665c237f,RDKit Descriptors.descList; 2D
171,2-methylheptane,SlogP_VSA1,0.0,,RDKit,2026.03.6,2026-09-17,e99d97a3665c237f,RDKit Descriptors.descList; 2D
171,2-methylheptane,SlogP_VSA10,0.0,,RDKit,2026.03.6,2026-09-17,e99d97a3665c237f,RDKit Descriptors.descList; 2D
171,2-methylheptane,SlogP_VSA11,0.0,,RDKit,2026.03.6,2026-09-17,e99d97a3665c237f,RDKit Descriptors.descList; 2D
171,2-methylheptane,SlogP_VSA12,0.0,,RDKit,2026.03.6,2026-09-17,e99d97a3665c237f,RDKit Descriptors.descList; 2D
171,2-methylheptane,SlogP_VSA2,0.0,,RDKit,2026.03.6,2026-09-17,e99d97a3665c237f,RDKit Descriptors.descList; 2D
171,2-methylheptane,SlogP_VSA3,0.0,,RDKit,2026.03.6,2026-09-17,e99d97a3665c237f,RDKit Descriptors.descList; 2D
171,2-methylheptane,SlogP_VSA4,5.917906046161393,,RDKit,2026.03.6,2026-09-17,e99d97a3665c237f,RDKit Descriptors.descList; 2D
171,2-methylheptane,SlogP_VSA5,46.4544980907759,,RDKit,2026.03.6,2026-09-17,e99d97a3665c237f,RDKit Descriptors.descList; 2D
171,2-methylheptane,SlogP_VSA6,0.0,,RDKit,2026.03.6,2026-09-17,e99d97a3665c237f,RDKit Descriptors.descList; 2D
171,2-methylheptane,SlogP_VSA7,0.0,,RDKit,2026.03.6,2026-09-17,e99d97a3665c237f,RDKit Descriptors.descList; 2D
171,2-methylheptane,SlogP_VSA8,0.0,,RDKit,2026.03.6,2026-09-17,e99d97a3665c237f,RDKit Descriptors.descList; 2D
171,2-methylheptane,SlogP_VSA9,0.0,,RDKit,2026.03.6,2026-09-17,e99d97a3665c237f,RDKit Descriptors.descList; 2D
171,2-methylheptane,TPSA,0.0,,RDKit,2026.03.6,2026-09-17,e99d97a3665c237f,RDKit Descriptors.descList; 2D
171,2-methylheptane,EState_VSA1,0.0,,RDKit,2026.03.6,2026-09-17,e99d97a3665c237f,RDKit Descriptors.descList; 2D
171,2-methylheptane,EState_VSA10,0.0,,RDKit,2026.03.6,2026-09-17,e99d97a3665c237f,RDKit Descriptors.descList; 2D
171,2-methylheptane,EState_VSA11,0.0,,RDKit,2026.03.6,2026-09-17,e99d97a3665c237f,RDKit Descriptors.descList; 2D
171,2-methylheptane,EState_VSA2,0.0,,RDKit,2026.03.6,2026-09-17,e99d97a3665c237f,RDKit Descriptors.descList; 2D
171,2-methylheptane,EState_VSA3,0.0,,RDKit,2026.03.6,2026-09-17,e99d97a3665c237f,RDKit Descriptors.descList; 2D
171,2-methylheptane,EState_VSA4,5.917906046161393,,RDKit,2026.03.6,2026-09-17,e99d97a3665c237f,RDKit Descriptors.descList; 2D
171,2-methylheptane,EState_VSA5,25.683286491704038,,RDKit,2026.03.6,2026-09-17,e99d97a3665c237f,RDKit Descriptors.descList; 2D
171,2-methylheptane,EState_VSA6,0.0,,RDKit,2026.03.6,2026-09-17,e99d97a3665c237f,RDKit Descriptors.descList; 2D
171,2-methylheptane,EState_VSA7,0.0,,RDKit,2026.03.6,2026-09-17,e99d97a3665c237f,RDKit Descriptors.descList; 2D
171,2-methylheptane,EState_VSA8,20.771211599071872,,RDKit,2026.03.6,2026-09-17,e99d97a3665c237f,RDKit Descriptors.descList; 2D
171,2-methylheptane,EState_VSA9,0.0,,RDKit,2026.03.6,2026-09-17,e99d97a3665c237f,RDKit Descriptors.descList; 2D
171,2-methylheptane,VSA_EState1,0.0,,RDKit,2026.03.6,2026-09-17,e99d97a3665c237f,RDKit Descriptors.descList; 2D
171,2-methylheptane,VSA_EState10,0.0,,RDKit,2026.03.6,2026-09-17,e99d97a3665c237f,RDKit Descriptors.descList; 2D
171,2-methylheptane,VSA_EState2,0.0,,RDKit,2026.03.6,2026-09-17,e99d97a3665c237f,RDKit Descriptors.descList; 2D
171,2-methylheptane,VSA_EState3,0.0,,RDKit,2026.03.6,2026-09-17,e99d97a3665c237f,RDKit Descriptors.descList; 2D
171,2-methylheptane,VSA_EState4,0.0,,RDKit,2026.03.6,2026-09-17,e99d97a3665c237f,RDKit Descriptors.descList; 2D
171,2-methylheptane,VSA_EState5,0.9042129629629628,,RDKit,2026.03.6,2026-09-17,e99d97a3665c237f,RDKit Descriptors.descList; 2D
171,2-methylheptane,VSA_EState6,0.0,,RDKit,2026.03.6,2026-09-17,e99d97a3665c237f,RDKit Descriptors.descList; 2D
171,2-methylheptane,VSA_EState7,5.604074074074074,,RDKit,2026.03.6,2026-09-17,e99d97a3665c237f,RDKit Descriptors.descList; 2D
171,2-methylheptane,VSA_EState8,6.825046296296296,,RDKit,2026.03.6,2026-09-17,e99d97a3665c237f,RDKit Descriptors.descList; 2D
171,2-methylheptane,VSA_EState9,0.0,,RDKit,2026.03.6,2026-09-17,e99d97a3665c237f,RDKit Descriptors.descList; 2D
171,2-methylheptane,FractionCSP3,1.0,,RDKit,2026.03.6,2026-09-17,e99d97a3665c237f,RDKit Descriptors.descList; 2D
171,2-methylheptane,HeavyAtomCount,8.0,,RDKit,2026.03.6,2026-09-17,e99d97a3665c237f,RDKit Descriptors.descList; 2D
171,2-methylheptane,NHOHCount,0.0,,RDKit,2026.03.6,2026-09-17,e99d97a3665c237f,RDKit Descriptors.descList; 2D
171,2-methylheptane,NOCount,0.0,,RDKit,2026.03.6,2026-09-17,e99d97a3665c237f,RDKit Descriptors.descList; 2D
171,2-methylheptane,NumAliphaticCarbocycles,0.0,,RDKit,2026.03.6,2026-09-17,e99d97a3665c237f,RDKit Descriptors.descList; 2D
171,2-methylheptane,NumAliphaticHeterocycles,0.0,,RDKit,2026.03.6,2026-09-17,e99d97a3665c237f,RDKit Descriptors.descList; 2D
171,2-methylheptane,NumAliphaticRings,0.0,,RDKit,2026.03.6,2026-09-17,e99d97a3665c237f,RDKit Descriptors.descList; 2D
171,2-methylheptane,NumAmideBonds,0.0,,RDKit,2026.03.6,2026-09-17,e99d97a3665c237f,RDKit Descriptors.descList; 2D
171,2-methylheptane,NumAromaticCarbocycles,0.0,,RDKit,2026.03.6,2026-09-17,e99d97a3665c237f,RDKit Descriptors.descList; 2D
171,2-methylheptane,NumAromaticHeterocycles,0.0,,RDKit,2026.03.6,2026-09-17,e99d97a3665c237f,RDKit Descriptors.descList; 2D
171,2-methylheptane,NumAromaticRings,0.0,,RDKit,2026.03.6,2026-09-17,e99d97a3665c237f,RDKit Descriptors.descList; 2D
171,2-methylheptane,NumAtomStereoCenters,0.0,,RDKit,2026.03.6,2026-09-17,e99d97a3665c237f,RDKit Descriptors.descList; 2D
171,2-methylheptane,NumBridgeheadAtoms,0.0,,RDKit,2026.03.6,2026-09-17,e99d97a3665c237f,RDKit Descriptors.descList; 2D
171,2-methylheptane,NumHAcceptors,0.0,,RDKit,2026.03.6,2026-09-17,e99d97a3665c237f,RDKit Descriptors.descList; 2D
171,2-methylheptane,NumHDonors,0.0,,RDKit,2026.03.6,2026-09-17,e99d97a3665c237f,RDKit Descriptors.descList; 2D
171,2-methylheptane,NumHeteroatoms,0.0,,RDKit,2026.03.6,2026-09-17,e99d97a3665c237f,RDKit Descriptors.descList; 2D
171,2-methylheptane,NumHeterocycles,0.0,,RDKit,2026.03.6,2026-09-17,e99d97a3665c237f,RDKit Descriptors.descList; 2D
171,2-methylheptane,NumRotatableBonds,4.0,,RDKit,2026.03.6,2026-09-17,e99d97a3665c237f,RDKit Descriptors.descList; 2D
171,2-methylheptane,NumSaturatedCarbocycles,0.0,,RDKit,2026.03.6,2026-09-17,e99d97a3665c237f,RDKit Descriptors.descList; 2D
171,2-methylheptane,NumSaturatedHeterocycles,0.0,,RDKit,2026.03.6,2026-09-17,e99d97a3665c237f,RDKit Descriptors.descList; 2D
171,2-methylheptane,NumSaturatedRings,0.0,,RDKit,2026.03.6,2026-09-17,e99d97a3665c237f,RDKit Descriptors.descList; 2D
171,2-methylheptane,NumSpiroAtoms,0.0,,RDKit,2026.03.6,2026-09-17,e99d97a3665c237f,RDKit Descriptors.descList; 2D
171,2-methylheptane,NumUnspecifiedAtomStereoCenters,0.0,,RDKit,2026.03.6,2026-09-17,e99d97a3665c237f,RDKit Descriptors.descList; 2D
171,2-methylheptane,Phi,5.142857142857143,,RDKit,2026.03.6,2026-09-17,e99d97a3665c237f,RDKit Descriptors.descList; 2D
171,2-methylheptane,RingCount,0.0,,RDKit,2026.03.6,2026-09-17,e99d97a3665c237f,RDKit Descriptors.descList; 2D
171,2-methylheptane,MolLogP,3.2227000000000023,,RDKit,2026.03.6,2026-09-17,e99d97a3665c237f,RDKit Descriptors.descList; 2D
171,2-methylheptane,MolMR,38.98,,RDKit,2026.03.6,2026-09-17,e99d97a3665c237f,RDKit Descriptors.descList; 2D
171,2-methylheptane,fr_Al_COO,0.0,,RDKit,2026.03.6,2026-09-17,e99d97a3665c237f,RDKit Descriptors.descList; 2D
171,2-methylheptane,fr_Al_OH,0.0,,RDKit,2026.03.6,2026-09-17,e99d97a3665c237f,RDKit Descriptors.descList; 2D
171,2-methylheptane,fr_Al_OH_noTert,0.0,,RDKit,2026.03.6,2026-09-17,e99d97a3665c237f,RDKit Descriptors.descList; 2D
171,2-methylheptane,fr_ArN,0.0,,RDKit,2026.03.6,2026-09-17,e99d97a3665c237f,RDKit Descriptors.descList; 2D
171,2-methylheptane,fr_Ar_COO,0.0,,RDKit,2026.03.6,2026-09-17,e99d97a3665c237f,RDKit Descriptors.descList; 2D
171,2-methylheptane,fr_Ar_N,0.0,,RDKit,2026.03.6,2026-09-17,e99d97a3665c237f,RDKit Descriptors.descList; 2D
171,2-methylheptane,fr_Ar_NH,0.0,,RDKit,2026.03.6,2026-09-17,e99d97a3665c237f,RDKit Descriptors.descList; 2D
171,2-methylheptane,fr_Ar_OH,0.0,,RDKit,2026.03.6,2026-09-17,e99d97a3665c237f,RDKit Descriptors.descList; 2D
171,2-methylheptane,fr_COO,0.0,,RDKit,2026.03.6,2026-09-17,e99d97a3665c237f,RDKit Descriptors.descList; 2D
171,2-methylheptane,fr_COO2,0.0,,RDKit,2026.03.6,2026-09-17,e99d97a3665c237f,RDKit Descriptors.descList; 2D
171,2-methylheptane,fr_C_O,0.0,,RDKit,2026.03.6,2026-09-17,e99d97a3665c237f,RDKit Descriptors.descList; 2D
171,2-methylheptane,fr_C_O_noCOO,0.0,,RDKit,2026.03.6,2026-09-17,e99d97a3665c237f,RDKit Descriptors.descList; 2D
171,2-methylheptane,fr_C_S,0.0,,RDKit,2026.03.6,2026-09-17,e99d97a3665c237f,RDKit Descriptors.descList; 2D
171,2-methylheptane,fr_HOCCN,0.0,,RDKit,2026.03.6,2026-09-17,e99d97a3665c237f,RDKit Descriptors.descList; 2D
171,2-methylheptane,fr_Imine,0.0,,RDKit,2026.03.6,2026-09-17,e99d97a3665c237f,RDKit Descriptors.descList; 2D
171,2-methylheptane,fr_NH0,0.0,,RDKit,2026.03.6,2026-09-17,e99d97a3665c237f,RDKit Descriptors.descList; 2D
171,2-methylheptane,fr_NH1,0.0,,RDKit,2026.03.6,2026-09-17,e99d97a3665c237f,RDKit Descriptors.descList; 2D
171,2-methylheptane,fr_NH2,0.0,,RDKit,2026.03.6,2026-09-17,e99d97a3665c237f,RDKit Descriptors.descList; 2D
171,2-methylheptane,fr_N_O,0.0,,RDKit,2026.03.6,2026-09-17,e99d97a3665c237f,RDKit Descriptors.descList; 2D
171,2-methylheptane,fr_Ndealkylation1,0.0,,RDKit,2026.03.6,2026-09-17,e99d97a3665c237f,RDKit Descriptors.descList; 2D
171,2-methylheptane,fr_Ndealkylation2,0.0,,RDKit,2026.03.6,2026-09-17,e99d97a3665c237f,RDKit Descriptors.descList; 2D
171,2-methylheptane,fr_Nhpyrrole,0.0,,RDKit,2026.03.6,2026-09-17,e99d97a3665c237f,RDKit Descriptors.descList; 2D
171,2-methylheptane,fr_SH,0.0,,RDKit,2026.03.6,2026-09-17,e99d97a3665c237f,RDKit Descriptors.descList; 2D
171,2-methylheptane,fr_aldehyde,0.0,,RDKit,2026.03.6,2026-09-17,e99d97a3665c237f,RDKit Descriptors.descList; 2D
171,2-methylheptane,fr_alkyl_carbamate,0.0,,RDKit,2026.03.6,2026-09-17,e99d97a3665c237f,RDKit Descriptors.descList; 2D
171,2-methylheptane,fr_alkyl_halide,0.0,,RDKit,2026.03.6,2026-09-17,e99d97a3665c237f,RDKit Descriptors.descList; 2D
171,2-methylheptane,fr_allylic_oxid,0.0,,RDKit,2026.03.6,2026-09-17,e99d97a3665c237f,RDKit Descriptors.descList; 2D
171,2-methylheptane,fr_amide,0.0,,RDKit,2026.03.6,2026-09-17,e99d97a3665c237f,RDKit Descriptors.descList; 2D
171,2-methylheptane,fr_amidine,0.0,,RDKit,2026.03.6,2026-09-17,e99d97a3665c237f,RDKit Descriptors.descList; 2D
171,2-methylheptane,fr_aniline,0.0,,RDKit,2026.03.6,2026-09-17,e99d97a3665c237f,RDKit Descriptors.descList; 2D
171,2-methylheptane,fr_aryl_methyl,0.0,,RDKit,2026.03.6,2026-09-17,e99d97a3665c237f,RDKit Descriptors.descList; 2D
171,2-methylheptane,fr_azide,0.0,,RDKit,2026.03.6,2026-09-17,e99d97a3665c237f,RDKit Descriptors.descList; 2D
171,2-methylheptane,fr_azo,0.0,,RDKit,2026.03.6,2026-09-17,e99d97a3665c237f,RDKit Descriptors.descList; 2D
171,2-methylheptane,fr_barbitur,0.0,,RDKit,2026.03.6,2026-09-17,e99d97a3665c237f,RDKit Descriptors.descList; 2D
171,2-methylheptane,fr_benzene,0.0,,RDKit,2026.03.6,2026-09-17,e99d97a3665c237f,RDKit Descriptors.descList; 2D
171,2-methylheptane,fr_benzodiazepine,0.0,,RDKit,2026.03.6,2026-09-17,e99d97a3665c237f,RDKit Descriptors.descList; 2D
171,2-methylheptane,fr_bicyclic,0.0,,RDKit,2026.03.6,2026-09-17,e99d97a3665c237f,RDKit Descriptors.descList; 2D
171,2-methylheptane,fr_diazo,0.0,,RDKit,2026.03.6,2026-09-17,e99d97a3665c237f,RDKit Descriptors.descList; 2D
171,2-methylheptane,fr_dihydropyridine,0.0,,RDKit,2026.03.6,2026-09-17,e99d97a3665c237f,RDKit Descriptors.descList; 2D
171,2-methylheptane,fr_epoxide,0.0,,RDKit,2026.03.6,2026-09-17,e99d97a3665c237f,RDKit Descriptors.descList; 2D
171,2-methylheptane,fr_ester,0.0,,RDKit,2026.03.6,2026-09-17,e99d97a3665c237f,RDKit Descriptors.descList; 2D
171,2-methylheptane,fr_ether,0.0,,RDKit,2026.03.6,2026-09-17,e99d97a3665c237f,RDKit Descriptors.descList; 2D
171,2-methylheptane,fr_furan,0.0,,RDKit,2026.03.6,2026-09-17,e99d97a3665c237f,RDKit Descriptors.descList; 2D
171,2-methylheptane,fr_guanido,0.0,,RDKit,2026.03.6,2026-09-17,e99d97a3665c237f,RDKit Descriptors.descList; 2D
171,2-methylheptane,fr_halogen,0.0,,RDKit,2026.03.6,2026-09-17,e99d97a3665c237f,RDKit Descriptors.descList; 2D
171,2-methylheptane,fr_hdrzine,0.0,,RDKit,2026.03.6,2026-09-17,e99d97a3665c237f,RDKit Descriptors.descList; 2D
171,2-methylheptane,fr_hdrzone,0.0,,RDKit,2026.03.6,2026-09-17,e99d97a3665c237f,RDKit Descriptors.descList; 2D
171,2-methylheptane,fr_imidazole,0.0,,RDKit,2026.03.6,2026-09-17,e99d97a3665c237f,RDKit Descriptors.descList; 2D
171,2-methylheptane,fr_imide,0.0,,RDKit,2026.03.6,2026-09-17,e99d97a3665c237f,RDKit Descriptors.descList; 2D
171,2-methylheptane,fr_isocyan,0.0,,RDKit,2026.03.6,2026-09-17,e99d97a3665c237f,RDKit Descriptors.descList; 2D
171,2-methylheptane,fr_isothiocyan,0.0,,RDKit,2026.03.6,2026-09-17,e99d97a3665c237f,RDKit Descriptors.descList; 2D
171,2-methylheptane,fr_ketone,0.0,,RDKit,2026.03.6,2026-09-17,e99d97a3665c237f,RDKit Descriptors.descList; 2D
171,2-methylheptane,fr_ketone_Topliss,0.0,,RDKit,2026.03.6,2026-09-17,e99d97a3665c237f,RDKit Descriptors.descList; 2D
171,2-methylheptane,fr_lactam,0.0,,RDKit,2026.03.6,2026-09-17,e99d97a3665c237f,RDKit Descriptors.descList; 2D
171,2-methylheptane,fr_lactone,0.0,,RDKit,2026.03.6,2026-09-17,e99d97a3665c237f,RDKit Descriptors.descList; 2D
171,2-methylheptane,fr_methoxy,0.0,,RDKit,2026.03.6,2026-09-17,e99d97a3665c237f,RDKit Descriptors.descList; 2D
171,2-methylheptane,fr_morpholine,0.0,,RDKit,2026.03.6,2026-09-17,e99d97a3665c237f,RDKit Descriptors.descList; 2D
171,2-methylheptane,fr_nitrile,0.0,,RDKit,2026.03.6,2026-09-17,e99d97a3665c237f,RDKit Descriptors.descList; 2D
171,2-methylheptane,fr_nitro,0.0,,RDKit,2026.03.6,2026-09-17,e99d97a3665c237f,RDKit Descriptors.descList; 2D
171,2-methylheptane,fr_nitro_arom,0.0,,RDKit,2026.03.6,2026-09-17,e99d97a3665c237f,RDKit Descriptors.descList; 2D
171,2-methylheptane,fr_nitro_arom_nonortho,0.0,,RDKit,2026.03.6,2026-09-17,e99d97a3665c237f,RDKit Descriptors.descList; 2D
171,2-methylheptane,fr_nitroso,0.0,,RDKit,2026.03.6,2026-09-17,e99d97a3665c237f,RDKit Descriptors.descList; 2D
171,2-methylheptane,fr_oxazole,0.0,,RDKit,2026.03.6,2026-09-17,e99d97a3665c237f,RDKit Descriptors.descList; 2D
171,2-methylheptane,fr_oxime,0.0,,RDKit,2026.03.6,2026-09-17,e99d97a3665c237f,RDKit Descriptors.descList; 2D
171,2-methylheptane,fr_para_hydroxylation,0.0,,RDKit,2026.03.6,2026-09-17,e99d97a3665c237f,RDKit Descriptors.descList; 2D
171,2-methylheptane,fr_phenol,0.0,,RDKit,2026.03.6,2026-09-17,e99d97a3665c237f,RDKit Descriptors.descList; 2D
171,2-methylheptane,fr_phenol_noOrthoHbond,0.0,,RDKit,2026.03.6,2026-09-17,e99d97a3665c237f,RDKit Descriptors.descList; 2D
171,2-methylheptane,fr_phos_acid,0.0,,RDKit,2026.03.6,2026-09-17,e99d97a3665c237f,RDKit Descriptors.descList; 2D
171,2-methylheptane,fr_phos_ester,0.0,,RDKit,2026.03.6,2026-09-17,e99d97a3665c237f,RDKit Descriptors.descList; 2D
171,2-methylheptane,fr_piperdine,0.0,,RDKit,2026.03.6,2026-09-17,e99d97a3665c237f,RDKit Descriptors.descList; 2D
171,2-methylheptane,fr_piperzine,0.0,,RDKit,2026.03.6,2026-09-17,e99d97a3665c237f,RDKit Descriptors.descList; 2D
171,2-methylheptane,fr_priamide,0.0,,RDKit,2026.03.6,2026-09-17,e99d97a3665c237f,RDKit Descriptors.descList; 2D
171,2-methylheptane,fr_prisulfonamd,0.0,,RDKit,2026.03.6,2026-09-17,e99d97a3665c237f,RDKit Descriptors.descList; 2D
171,2-methylheptane,fr_pyridine,0.0,,RDKit,2026.03.6,2026-09-17,e99d97a3665c237f,RDKit Descriptors.descList; 2D
171,2-methylheptane,fr_quatN,0.0,,RDKit,2026.03.6,2026-09-17,e99d97a3665c237f,RDKit Descriptors.descList; 2D
171,2-methylheptane,fr_sulfide,0.0,,RDKit,2026.03.6,2026-09-17,e99d97a3665c237f,RDKit Descriptors.descList; 2D
171,2-methylheptane,fr_sulfonamd,0.0,,RDKit,2026.03.6,2026-09-17,e99d97a3665c237f,RDKit Descriptors.descList; 2D
171,2-methylheptane,fr_sulfone,0.0,,RDKit,2026.03.6,2026-09-17,e99d97a3665c237f,RDKit Descriptors.descList; 2D
171,2-methylheptane,fr_term_acetylene,0.0,,RDKit,2026.03.6,2026-09-17,e99d97a3665c237f,RDKit Descriptors.descList; 2D
171,2-methylheptane,fr_tetrazole,0.0,,RDKit,2026.03.6,2026-09-17,e99d97a3665c237f,RDKit Descriptors.descList; 2D
171,2-methylheptane,fr_thiazole,0.0,,RDKit,2026.03.6,2026-09-17,e99d97a3665c237f,RDKit Descriptors.descList; 2D
171,2-methylheptane,fr_thiocyan,0.0,,RDKit,2026.03.6,2026-09-17,e99d97a3665c237f,RDKit Descriptors.descList; 2D
171,2-methylheptane,fr_thiophene,0.0,,RDKit,2026.03.6,2026-09-17,e99d97a3665c237f,RDKit Descriptors.descList; 2D
171,2-methylheptane,fr_unbrch_alkane,2.0,,RDKit,2026.03.6,2026-09-17,e99d97a3665c237f,RDKit Descriptors.descList; 2D
171,2-methylheptane,fr_urea,0.0,,RDKit,2026.03.6,2026-09-17,e99d97a3665c237f,RDKit Descriptors.descList; 2D
172,ethylcyclohexane,MaxAbsEStateIndex,2.315462962962963,,RDKit,2026.03.6,2026-09-17,e99d97a3665c237f,RDKit Descriptors.descList; 2D
172,ethylcyclohexane,MaxEStateIndex,2.315462962962963,,RDKit,2026.03.6,2026-09-17,e99d97a3665c237f,RDKit Descriptors.descList; 2D
172,ethylcyclohexane,MinAbsEStateIndex,1.0868055555555554,,RDKit,2026.03.6,2026-09-17,e99d97a3665c237f,RDKit Descriptors.descList; 2D
172,ethylcyclohexane,MinEStateIndex,1.0868055555555554,,RDKit,2026.03.6,2026-09-17,e99d97a3665c237f,RDKit Descriptors.descList; 2D
172,ethylcyclohexane,qed,0.4889029976557186,,RDKit,2026.03.6,2026-09-17,e99d97a3665c237f,RDKit Descriptors.descList; 2D
172,ethylcyclohexane,SPS,23.625,,RDKit,2026.03.6,2026-09-17,e99d97a3665c237f,RDKit Descriptors.descList; 2D
172,ethylcyclohexane,MolWt,112.21600000000001,,RDKit,2026.03.6,2026-09-17,e99d97a3665c237f,RDKit Descriptors.descList; 2D
172,ethylcyclohexane,HeavyAtomMolWt,96.08799999999998,,RDKit,2026.03.6,2026-09-17,e99d97a3665c237f,RDKit Descriptors.descList; 2D
172,ethylcyclohexane,ExactMolWt,112.12520051199999,,RDKit,2026.03.6,2026-09-17,e99d97a3665c237f,RDKit Descriptors.descList; 2D
172,ethylcyclohexane,NumValenceElectrons,48.0,,RDKit,2026.03.6,2026-09-17,e99d97a3665c237f,RDKit Descriptors.descList; 2D
172,ethylcyclohexane,NumRadicalElectrons,0.0,,RDKit,2026.03.6,2026-09-17,e99d97a3665c237f,RDKit Descriptors.descList; 2D
172,ethylcyclohexane,MaxPartialCharge,-0.04169086105467225,,RDKit,2026.03.6,2026-09-17,e99d97a3665c237f,RDKit Descriptors.descList; 2D
172,ethylcyclohexane,MinPartialCharge,-0.06511818141712189,,RDKit,2026.03.6,2026-09-17,e99d97a3665c237f,RDKit Descriptors.descList; 2D
172,ethylcyclohexane,MaxAbsPartialCharge,0.06511818141712189,,RDKit,2026.03.6,2026-09-17,e99d97a3665c237f,RDKit Descriptors.descList; 2D
172,ethylcyclohexane,MinAbsPartialCharge,0.04169086105467225,,RDKit,2026.03.6,2026-09-17,e99d97a3665c237f,RDKit Descriptors.descList; 2D
172,ethylcyclohexane,FpDensityMorgan1,1.125,,RDKit,2026.03.6,2026-09-17,e99d97a3665c237f,RDKit Descriptors.descList; 2D
172,ethylcyclohexane,FpDensityMorgan2,1.75,,RDKit,2026.03.6,2026-09-17,e99d97a3665c237f,RDKit Descriptors.descList; 2D
172,ethylcyclohexane,FpDensityMorgan3,2.125,,RDKit,2026.03.6,2026-09-17,e99d97a3665c237f,RDKit Descriptors.descList; 2D
172,ethylcyclohexane,BCUT2D_MWHI,14.151033707914848,,RDKit,2026.03.6,2026-09-17,e99d97a3665c237f,RDKit Descriptors.descList; 2D
172,ethylcyclohexane,BCUT2D_MWLOW,9.876364520884549,,RDKit,2026.03.6,2026-09-17,e99d97a3665c237f,RDKit Descriptors.descList; 2D
172,ethylcyclohexane,BCUT2D_CHGHI,2.0904879451763336,,RDKit,2026.03.6,2026-09-17,e99d97a3665c237f,RDKit Descriptors.descList; 2D
172,ethylcyclohexane,BCUT2D_CHGLO,-2.184200905999415,,RDKit,2026.03.6,2026-09-17,e99d97a3665c237f,RDKit Descriptors.descList; 2D
172,ethylcyclohexane,BCUT2D_LOGPHI,2.2483225994814253,,RDKit,2026.03.6,2026-09-17,e99d97a3665c237f,RDKit Descriptors.descList; 2D
172,ethylcyclohexane,BCUT2D_LOGPLOW,-2.030636310540046,,RDKit,2026.03.6,2026-09-17,e99d97a3665c237f,RDKit Descriptors.descList; 2D
172,ethylcyclohexane,BCUT2D_MRHI,4.625132959945627,,RDKit,2026.03.6,2026-09-17,e99d97a3665c237f,RDKit Descriptors.descList; 2D
172,ethylcyclohexane,BCUT2D_MRLOW,0.34942926381655615,,RDKit,2026.03.6,2026-09-17,e99d97a3665c237f,RDKit Descriptors.descList; 2D
172,ethylcyclohexane,AvgIpc,1.9034911933164034,,RDKit,2026.03.6,2026-09-17,e99d97a3665c237f,RDKit Descriptors.descList; 2D
172,ethylcyclohexane,BalabanJ,2.1250162554146717,,RDKit,2026.03.6,2026-09-17,e99d97a3665c237f,RDKit Descriptors.descList; 2D
172,ethylcyclohexane,BertzCT,51.058650025961626,,RDKit,2026.03.6,2026-09-17,e99d97a3665c237f,RDKit Descriptors.descList; 2D
172,ethylcyclohexane,Chi0,5.819990956308912,,RDKit,2026.03.6,2026-09-17,e99d97a3665c237f,RDKit Descriptors.descList; 2D
172,ethylcyclohexane,Chi0n,5.819990956308912,,RDKit,2026.03.6,2026-09-17,e99d97a3665c237f,RDKit Descriptors.descList; 2D
172,ethylcyclohexane,Chi0v,5.819990956308912,,RDKit,2026.03.6,2026-09-17,e99d97a3665c237f,RDKit Descriptors.descList; 2D
172,ethylcyclohexane,Chi1,3.931851652578137,,RDKit,2026.03.6,2026-09-17,e99d97a3665c237f,RDKit Descriptors.descList; 2D
172,ethylcyclohexane,Chi1n,3.931851652578137,,RDKit,2026.03.6,2026-09-17,e99d97a3665c237f,RDKit Descriptors.descList; 2D
172,ethylcyclohexane,Chi1v,3.931851652578137,,RDKit,2026.03.6,2026-09-17,e99d97a3665c237f,RDKit Descriptors.descList; 2D
172,ethylcyclohexane,Chi2n,2.9122841352177478,,RDKit,2026.03.6,2026-09-17,e99d97a3665c237f,RDKit Descriptors.descList; 2D
172,ethylcyclohexane,Chi2v,2.9122841352177478,,RDKit,2026.03.6,2026-09-17,e99d97a3665c237f,RDKit Descriptors.descList; 2D
172,ethylcyclohexane,Chi3n,2.3020951405812147,,RDKit,2026.03.6,2026-09-17,e99d97a3665c237f,RDKit Descriptors.descList; 2D
172,ethylcyclohexane,Chi3v,2.3020951405812147,,RDKit,2026.03.6,2026-09-17,e99d97a3665c237f,RDKit Descriptors.descList; 2D
172,ethylcyclohexane,Chi4n,1.5953879568423444,,RDKit,2026.03.6,2026-09-17,e99d97a3665c237f,RDKit Descriptors.descList; 2D
172,ethylcyclohexane,Chi4v,1.5953879568423444,,RDKit,2026.03.6,2026-09-17,e99d97a3665c237f,RDKit Descriptors.descList; 2D
172,ethylcyclohexane,HallKierAlpha,0.0,,RDKit,2026.03.6,2026-09-17,e99d97a3665c237f,RDKit Descriptors.descList; 2D
172,ethylcyclohexane,Ipc,91.36757727918736,,RDKit,2026.03.6,2026-09-17,e99d97a3665c237f,RDKit Descriptors.descList; 2D
172,ethylcyclohexane,Kappa1,6.125,,RDKit,2026.03.6,2026-09-17,e99d97a3665c237f,RDKit Descriptors.descList; 2D
172,ethylcyclohexane,Kappa2,3.111111111111111,,RDKit,2026.03.6,2026-09-17,e99d97a3665c237f,RDKit Descriptors.descList; 2D
172,ethylcyclohexane,Kappa3,1.5,,RDKit,2026.03.6,2026-09-17,e99d97a3665c237f,RDKit Descriptors.descList; 2D
172,ethylcyclohexane,LabuteASA,52.288014675076575,,RDKit,2026.03.6,2026-09-17,e99d97a3665c237f,RDKit Descriptors.descList; 2D
172,ethylcyclohexane,PEOE_VSA1,0.0,,RDKit,2026.03.6,2026-09-17,e99d97a3665c237f,RDKit Descriptors.descList; 2D
172,ethylcyclohexane,PEOE_VSA10,0.0,,RDKit,2026.03.6,2026-09-17,e99d97a3665c237f,RDKit Descriptors.descList; 2D
172,ethylcyclohexane,PEOE_VSA11,0.0,,RDKit,2026.03.6,2026-09-17,e99d97a3665c237f,RDKit Descriptors.descList; 2D
172,ethylcyclohexane,PEOE_VSA12,0.0,,RDKit,2026.03.6,2026-09-17,e99d97a3665c237f,RDKit Descriptors.descList; 2D
172,ethylcyclohexane,PEOE_VSA13,0.0,,RDKit,2026.03.6,2026-09-17,e99d97a3665c237f,RDKit Descriptors.descList; 2D
172,ethylcyclohexane,PEOE_VSA14,0.0,,RDKit,2026.03.6,2026-09-17,e99d97a3665c237f,RDKit Descriptors.descList; 2D
172,ethylcyclohexane,PEOE_VSA2,0.0,,RDKit,2026.03.6,2026-09-17,e99d97a3665c237f,RDKit Descriptors.descList; 2D
172,ethylcyclohexane,PEOE_VSA3,0.0,,RDKit,2026.03.6,2026-09-17,e99d97a3665c237f,RDKit Descriptors.descList; 2D
172,ethylcyclohexane,PEOE_VSA4,0.0,,RDKit,2026.03.6,2026-09-17,e99d97a3665c237f,RDKit Descriptors.descList; 2D
172,ethylcyclohexane,PEOE_VSA5,0.0,,RDKit,2026.03.6,2026-09-17,e99d97a3665c237f,RDKit Descriptors.descList; 2D
172,ethylcyclohexane,PEOE_VSA6,45.448666937246685,,RDKit,2026.03.6,2026-09-17,e99d97a3665c237f,RDKit Descriptors.descList; 2D
172,ethylcyclohexane,PEOE_VSA7,5.917906046161393,,RDKit,2026.03.6,2026-09-17,e99d97a3665c237f,RDKit Descriptors.descList; 2D
172,ethylcyclohexane,PEOE_VSA8,0.0,,RDKit,2026.03.6,2026-09-17,e99d97a3665c237f,RDKit Descriptors.descList; 2D
172,ethylcyclohexane,PEOE_VSA9,0.0,,RDKit,2026.03.6,2026-09-17,e99d97a3665c237f,RDKit Descriptors.descList; 2D
172,ethylcyclohexane,SMR_VSA1,0.0,,RDKit,2026.03.6,2026-09-17,e99d97a3665c237f,RDKit Descriptors.descList; 2D
172,ethylcyclohexane,SMR_VSA10,0.0,,RDKit,2026.03.6,2026-09-17,e99d97a3665c237f,RDKit Descriptors.descList; 2D
172,ethylcyclohexane,SMR_VSA2,0.0,,RDKit,2026.03.6,2026-09-17,e99d97a3665c237f,RDKit Descriptors.descList; 2D
172,ethylcyclohexane,SMR_VSA3,0.0,,RDKit,2026.03.6,2026-09-17,e99d97a3665c237f,RDKit Descriptors.descList; 2D
172,ethylcyclohexane,SMR_VSA4,5.917906046161393,,RDKit,2026.03.6,2026-09-17,e99d97a3665c237f,RDKit Descriptors.descList; 2D
172,ethylcyclohexane,SMR_VSA5,45.448666937246685,,RDKit,2026.03.6,2026-09-17,e99d97a3665c237f,RDKit Descriptors.descList; 2D
172,ethylcyclohexane,SMR_VSA6,0.0,,RDKit,2026.03.6,2026-09-17,e99d97a3665c237f,RDKit Descriptors.descList; 2D
172,ethylcyclohexane,SMR_VSA7,0.0,,RDKit,2026.03.6,2026-09-17,e99d97a3665c237f,RDKit Descriptors.descList; 2D
172,ethylcyclohexane,SMR_VSA8,0.0,,RDKit,2026.03.6,2026-09-17,e99d97a3665c237f,RDKit Descriptors.descList; 2D
172,ethylcyclohexane,SMR_VSA9,0.0,,RDKit,2026.03.6,2026-09-17,e99d97a3665c237f,RDKit Descriptors.descList; 2D
172,ethylcyclohexane,SlogP_VSA1,0.0,,RDKit,2026.03.6,2026-09-17,e99d97a3665c237f,RDKit Descriptors.descList; 2D
172,ethylcyclohexane,SlogP_VSA10,0.0,,RDKit,2026.03.6,2026-09-17,e99d97a3665c237f,RDKit Descriptors.descList; 2D
172,ethylcyclohexane,SlogP_VSA11,0.0,,RDKit,2026.03.6,2026-09-17,e99d97a3665c237f,RDKit Descriptors.descList; 2D
172,ethylcyclohexane,SlogP_VSA12,0.0,,RDKit,2026.03.6,2026-09-17,e99d97a3665c237f,RDKit Descriptors.descList; 2D
172,ethylcyclohexane,SlogP_VSA2,0.0,,RDKit,2026.03.6,2026-09-17,e99d97a3665c237f,RDKit Descriptors.descList; 2D
172,ethylcyclohexane,SlogP_VSA3,0.0,,RDKit,2026.03.6,2026-09-17,e99d97a3665c237f,RDKit Descriptors.descList; 2D
172,ethylcyclohexane,SlogP_VSA4,5.917906046161393,,RDKit,2026.03.6,2026-09-17,e99d97a3665c237f,RDKit Descriptors.descList; 2D
172,ethylcyclohexane,SlogP_VSA5,45.448666937246685,,RDKit,2026.03.6,2026-09-17,e99d97a3665c237f,RDKit Descriptors.descList; 2D
172,ethylcyclohexane,SlogP_VSA6,0.0,,RDKit,2026.03.6,2026-09-17,e99d97a3665c237f,RDKit Descriptors.descList; 2D
172,ethylcyclohexane,SlogP_VSA7,0.0,,RDKit,2026.03.6,2026-09-17,e99d97a3665c237f,RDKit Descriptors.descList; 2D
172,ethylcyclohexane,SlogP_VSA8,0.0,,RDKit,2026.03.6,2026-09-17,e99d97a3665c237f,RDKit Descriptors.descList; 2D
172,ethylcyclohexane,SlogP_VSA9,0.0,,RDKit,2026.03.6,2026-09-17,e99d97a3665c237f,RDKit Descriptors.descList; 2D
172,ethylcyclohexane,TPSA,0.0,,RDKit,2026.03.6,2026-09-17,e99d97a3665c237f,RDKit Descriptors.descList; 2D
172,ethylcyclohexane,EState_VSA1,0.0,,RDKit,2026.03.6,2026-09-17,e99d97a3665c237f,RDKit Descriptors.descList; 2D
172,ethylcyclohexane,EState_VSA10,0.0,,RDKit,2026.03.6,2026-09-17,e99d97a3665c237f,RDKit Descriptors.descList; 2D
172,ethylcyclohexane,EState_VSA11,0.0,,RDKit,2026.03.6,2026-09-17,e99d97a3665c237f,RDKit Descriptors.descList; 2D
172,ethylcyclohexane,EState_VSA2,0.0,,RDKit,2026.03.6,2026-09-17,e99d97a3665c237f,RDKit Descriptors.descList; 2D
172,ethylcyclohexane,EState_VSA3,0.0,,RDKit,2026.03.6,2026-09-17,e99d97a3665c237f,RDKit Descriptors.descList; 2D
172,ethylcyclohexane,EState_VSA4,5.917906046161393,,RDKit,2026.03.6,2026-09-17,e99d97a3665c237f,RDKit Descriptors.descList; 2D
172,ethylcyclohexane,EState_VSA5,38.524929737556064,,RDKit,2026.03.6,2026-09-17,e99d97a3665c237f,RDKit Descriptors.descList; 2D
172,ethylcyclohexane,EState_VSA6,0.0,,RDKit,2026.03.6,2026-09-17,e99d97a3665c237f,RDKit Descriptors.descList; 2D
172,ethylcyclohexane,EState_VSA7,0.0,,RDKit,2026.03.6,2026-09-17,e99d97a3665c237f,RDKit Descriptors.descList; 2D
172,ethylcyclohexane,EState_VSA8,6.923737199690624,,RDKit,2026.03.6,2026-09-17,e99d97a3665c237f,RDKit Descriptors.descList; 2D
172,ethylcyclohexane,EState_VSA9,0.0,,RDKit,2026.03.6,2026-09-17,e99d97a3665c237f,RDKit Descriptors.descList; 2D
172,ethylcyclohexane,VSA_EState1,0.0,,RDKit,2026.03.6,2026-09-17,e99d97a3665c237f,RDKit Descriptors.descList; 2D
172,ethylcyclohexane,VSA_EState10,0.0,,RDKit,2026.03.6,2026-09-17,e99d97a3665c237f,RDKit Descriptors.descList; 2D
172,ethylcyclohexane,VSA_EState2,0.0,,RDKit,2026.03.6,2026-09-17,e99d97a3665c237f,RDKit Descriptors.descList; 2D
172,ethylcyclohexane,VSA_EState3,0.0,,RDKit,2026.03.6,2026-09-17,e99d97a3665c237f,RDKit Descriptors.descList; 2D
172,ethylcyclohexane,VSA_EState4,0.0,,RDKit,2026.03.6,2026-09-17,e99d97a3665c237f,RDKit Descriptors.descList; 2D
172,ethylcyclohexane,VSA_EState5,1.0868055555555554,,RDKit,2026.03.6,2026-09-17,e99d97a3665c237f,RDKit Descriptors.descList; 2D
172,ethylcyclohexane,VSA_EState6,0.0,,RDKit,2026.03.6,2026-09-17,e99d97a3665c237f,RDKit Descriptors.descList; 2D
172,ethylcyclohexane,VSA_EState7,8.931064814814814,,RDKit,2026.03.6,2026-09-17,e99d97a3665c237f,RDKit Descriptors.descList; 2D
172,ethylcyclohexane,VSA_EState8,2.315462962962963,,RDKit,2026.03.6,2026-09-17,e99d97a3665c237f,RDKit Descriptors.descList; 2D
172,ethylcyclohexane,VSA_EState9,0.0,,RDKit,2026.03.6,2026-09-17,e99d97a3665c237f,RDKit Descriptors.descList; 2D
172,ethylcyclohexane,FractionCSP3,1.0,,RDKit,2026.03.6,2026-09-17,e99d97a3665c237f,RDKit Descriptors.descList; 2D
172,ethylcyclohexane,HeavyAtomCount,8.0,,RDKit,2026.03.6,2026-09-17,e99d97a3665c237f,RDKit Descriptors.descList; 2D
172,ethylcyclohexane,NHOHCount,0.0,,RDKit,2026.03.6,2026-09-17,e99d97a3665c237f,RDKit Descriptors.descList; 2D
172,ethylcyclohexane,NOCount,0.0,,RDKit,2026.03.6,2026-09-17,e99d97a3665c237f,RDKit Descriptors.descList; 2D
172,ethylcyclohexane,NumAliphaticCarbocycles,1.0,,RDKit,2026.03.6,2026-09-17,e99d97a3665c237f,RDKit Descriptors.descList; 2D
172,ethylcyclohexane,NumAliphaticHeterocycles,0.0,,RDKit,2026.03.6,2026-09-17,e99d97a3665c237f,RDKit Descriptors.descList; 2D
172,ethylcyclohexane,NumAliphaticRings,1.0,,RDKit,2026.03.6,2026-09-17,e99d97a3665c237f,RDKit Descriptors.descList; 2D
172,ethylcyclohexane,NumAmideBonds,0.0,,RDKit,2026.03.6,2026-09-17,e99d97a3665c237f,RDKit Descriptors.descList; 2D
172,ethylcyclohexane,NumAromaticCarbocycles,0.0,,RDKit,2026.03.6,2026-09-17,e99d97a3665c237f,RDKit Descriptors.descList; 2D
172,ethylcyclohexane,NumAromaticHeterocycles,0.0,,RDKit,2026.03.6,2026-09-17,e99d97a3665c237f,RDKit Descriptors.descList; 2D
172,ethylcyclohexane,NumAromaticRings,0.0,,RDKit,2026.03.6,2026-09-17,e99d97a3665c237f,RDKit Descriptors.descList; 2D
172,ethylcyclohexane,NumAtomStereoCenters,0.0,,RDKit,2026.03.6,2026-09-17,e99d97a3665c237f,RDKit Descriptors.descList; 2D
172,ethylcyclohexane,NumBridgeheadAtoms,0.0,,RDKit,2026.03.6,2026-09-17,e99d97a3665c237f,RDKit Descriptors.descList; 2D
172,ethylcyclohexane,NumHAcceptors,0.0,,RDKit,2026.03.6,2026-09-17,e99d97a3665c237f,RDKit Descriptors.descList; 2D
172,ethylcyclohexane,NumHDonors,0.0,,RDKit,2026.03.6,2026-09-17,e99d97a3665c237f,RDKit Descriptors.descList; 2D
172,ethylcyclohexane,NumHeteroatoms,0.0,,RDKit,2026.03.6,2026-09-17,e99d97a3665c237f,RDKit Descriptors.descList; 2D
172,ethylcyclohexane,NumHeterocycles,0.0,,RDKit,2026.03.6,2026-09-17,e99d97a3665c237f,RDKit Descriptors.descList; 2D
172,ethylcyclohexane,NumRotatableBonds,1.0,,RDKit,2026.03.6,2026-09-17,e99d97a3665c237f,RDKit Descriptors.descList; 2D
172,ethylcyclohexane,NumSaturatedCarbocycles,1.0,,RDKit,2026.03.6,2026-09-17,e99d97a3665c237f,RDKit Descriptors.descList; 2D
172,ethylcyclohexane,NumSaturatedHeterocycles,0.0,,RDKit,2026.03.6,2026-09-17,e99d97a3665c237f,RDKit Descriptors.descList; 2D
172,ethylcyclohexane,NumSaturatedRings,1.0,,RDKit,2026.03.6,2026-09-17,e99d97a3665c237f,RDKit Descriptors.descList; 2D
172,ethylcyclohexane,NumSpiroAtoms,0.0,,RDKit,2026.03.6,2026-09-17,e99d97a3665c237f,RDKit Descriptors.descList; 2D
172,ethylcyclohexane,NumUnspecifiedAtomStereoCenters,0.0,,RDKit,2026.03.6,2026-09-17,e99d97a3665c237f,RDKit Descriptors.descList; 2D
172,ethylcyclohexane,Phi,2.3819444444444446,,RDKit,2026.03.6,2026-09-17,e99d97a3665c237f,RDKit Descriptors.descList; 2D
172,ethylcyclohexane,RingCount,1.0,,RDKit,2026.03.6,2026-09-17,e99d97a3665c237f,RDKit Descriptors.descList; 2D
172,ethylcyclohexane,MolLogP,2.976700000000002,,RDKit,2026.03.6,2026-09-17,e99d97a3665c237f,RDKit Descriptors.descList; 2D
172,ethylcyclohexane,MolMR,36.86599999999999,,RDKit,2026.03.6,2026-09-17,e99d97a3665c237f,RDKit Descriptors.descList; 2D
172,ethylcyclohexane,fr_Al_COO,0.0,,RDKit,2026.03.6,2026-09-17,e99d97a3665c237f,RDKit Descriptors.descList; 2D
172,ethylcyclohexane,fr_Al_OH,0.0,,RDKit,2026.03.6,2026-09-17,e99d97a3665c237f,RDKit Descriptors.descList; 2D
172,ethylcyclohexane,fr_Al_OH_noTert,0.0,,RDKit,2026.03.6,2026-09-17,e99d97a3665c237f,RDKit Descriptors.descList; 2D
172,ethylcyclohexane,fr_ArN,0.0,,RDKit,2026.03.6,2026-09-17,e99d97a3665c237f,RDKit Descriptors.descList; 2D
172,ethylcyclohexane,fr_Ar_COO,0.0,,RDKit,2026.03.6,2026-09-17,e99d97a3665c237f,RDKit Descriptors.descList; 2D
172,ethylcyclohexane,fr_Ar_N,0.0,,RDKit,2026.03.6,2026-09-17,e99d97a3665c237f,RDKit Descriptors.descList; 2D
172,ethylcyclohexane,fr_Ar_NH,0.0,,RDKit,2026.03.6,2026-09-17,e99d97a3665c237f,RDKit Descriptors.descList; 2D
172,ethylcyclohexane,fr_Ar_OH,0.0,,RDKit,2026.03.6,2026-09-17,e99d97a3665c237f,RDKit Descriptors.descList; 2D
172,ethylcyclohexane,fr_COO,0.0,,RDKit,2026.03.6,2026-09-17,e99d97a3665c237f,RDKit Descriptors.descList; 2D
172,ethylcyclohexane,fr_COO2,0.0,,RDKit,2026.03.6,2026-09-17,e99d97a3665c237f,RDKit Descriptors.descList; 2D
172,ethylcyclohexane,fr_C_O,0.0,,RDKit,2026.03.6,2026-09-17,e99d97a3665c237f,RDKit Descriptors.descList; 2D
172,ethylcyclohexane,fr_C_O_noCOO,0.0,,RDKit,2026.03.6,2026-09-17,e99d97a3665c237f,RDKit Descriptors.descList; 2D
172,ethylcyclohexane,fr_C_S,0.0,,RDKit,2026.03.6,2026-09-17,e99d97a3665c237f,RDKit Descriptors.descList; 2D
172,ethylcyclohexane,fr_HOCCN,0.0,,RDKit,2026.03.6,2026-09-17,e99d97a3665c237f,RDKit Descriptors.descList; 2D
172,ethylcyclohexane,fr_Imine,0.0,,RDKit,2026.03.6,2026-09-17,e99d97a3665c237f,RDKit Descriptors.descList; 2D
172,ethylcyclohexane,fr_NH0,0.0,,RDKit,2026.03.6,2026-09-17,e99d97a3665c237f,RDKit Descriptors.descList; 2D
172,ethylcyclohexane,fr_NH1,0.0,,RDKit,2026.03.6,2026-09-17,e99d97a3665c237f,RDKit Descriptors.descList; 2D
172,ethylcyclohexane,fr_NH2,0.0,,RDKit,2026.03.6,2026-09-17,e99d97a3665c237f,RDKit Descriptors.descList; 2D
172,ethylcyclohexane,fr_N_O,0.0,,RDKit,2026.03.6,2026-09-17,e99d97a3665c237f,RDKit Descriptors.descList; 2D
172,ethylcyclohexane,fr_Ndealkylation1,0.0,,RDKit,2026.03.6,2026-09-17,e99d97a3665c237f,RDKit Descriptors.descList; 2D
172,ethylcyclohexane,fr_Ndealkylation2,0.0,,RDKit,2026.03.6,2026-09-17,e99d97a3665c237f,RDKit Descriptors.descList; 2D
172,ethylcyclohexane,fr_Nhpyrrole,0.0,,RDKit,2026.03.6,2026-09-17,e99d97a3665c237f,RDKit Descriptors.descList; 2D
172,ethylcyclohexane,fr_SH,0.0,,RDKit,2026.03.6,2026-09-17,e99d97a3665c237f,RDKit Descriptors.descList; 2D
172,ethylcyclohexane,fr_aldehyde,0.0,,RDKit,2026.03.6,2026-09-17,e99d97a3665c237f,RDKit Descriptors.descList; 2D
172,ethylcyclohexane,fr_alkyl_carbamate,0.0,,RDKit,2026.03.6,2026-09-17,e99d97a3665c237f,RDKit Descriptors.descList; 2D
172,ethylcyclohexane,fr_alkyl_halide,0.0,,RDKit,2026.03.6,2026-09-17,e99d97a3665c237f,RDKit Descriptors.descList; 2D
172,ethylcyclohexane,fr_allylic_oxid,0.0,,RDKit,2026.03.6,2026-09-17,e99d97a3665c237f,RDKit Descriptors.descList; 2D
172,ethylcyclohexane,fr_amide,0.0,,RDKit,2026.03.6,2026-09-17,e99d97a3665c237f,RDKit Descriptors.descList; 2D
172,ethylcyclohexane,fr_amidine,0.0,,RDKit,2026.03.6,2026-09-17,e99d97a3665c237f,RDKit Descriptors.descList; 2D
172,ethylcyclohexane,fr_aniline,0.0,,RDKit,2026.03.6,2026-09-17,e99d97a3665c237f,RDKit Descriptors.descList; 2D
172,ethylcyclohexane,fr_aryl_methyl,0.0,,RDKit,2026.03.6,2026-09-17,e99d97a3665c237f,RDKit Descriptors.descList; 2D
172,ethylcyclohexane,fr_azide,0.0,,RDKit,2026.03.6,2026-09-17,e99d97a3665c237f,RDKit Descriptors.descList; 2D
172,ethylcyclohexane,fr_azo,0.0,,RDKit,2026.03.6,2026-09-17,e99d97a3665c237f,RDKit Descriptors.descList; 2D
172,ethylcyclohexane,fr_barbitur,0.0,,RDKit,2026.03.6,2026-09-17,e99d97a3665c237f,RDKit Descriptors.descList; 2D
172,ethylcyclohexane,fr_benzene,0.0,,RDKit,2026.03.6,2026-09-17,e99d97a3665c237f,RDKit Descriptors.descList; 2D
172,ethylcyclohexane,fr_benzodiazepine,0.0,,RDKit,2026.03.6,2026-09-17,e99d97a3665c237f,RDKit Descriptors.descList; 2D
172,ethylcyclohexane,fr_bicyclic,0.0,,RDKit,2026.03.6,2026-09-17,e99d97a3665c237f,RDKit Descriptors.descList; 2D
172,ethylcyclohexane,fr_diazo,0.0,,RDKit,2026.03.6,2026-09-17,e99d97a3665c237f,RDKit Descriptors.descList; 2D
172,ethylcyclohexane,fr_dihydropyridine,0.0,,RDKit,2026.03.6,2026-09-17,e99d97a3665c237f,RDKit Descriptors.descList; 2D
172,ethylcyclohexane,fr_epoxide,0.0,,RDKit,2026.03.6,2026-09-17,e99d97a3665c237f,RDKit Descriptors.descList; 2D
172,ethylcyclohexane,fr_ester,0.0,,RDKit,2026.03.6,2026-09-17,e99d97a3665c237f,RDKit Descriptors.descList; 2D
172,ethylcyclohexane,fr_ether,0.0,,RDKit,2026.03.6,2026-09-17,e99d97a3665c237f,RDKit Descriptors.descList; 2D
172,ethylcyclohexane,fr_furan,0.0,,RDKit,2026.03.6,2026-09-17,e99d97a3665c237f,RDKit Descriptors.descList; 2D
172,ethylcyclohexane,fr_guanido,0.0,,RDKit,2026.03.6,2026-09-17,e99d97a3665c237f,RDKit Descriptors.descList; 2D
172,ethylcyclohexane,fr_halogen,0.0,,RDKit,2026.03.6,2026-09-17,e99d97a3665c237f,RDKit Descriptors.descList; 2D
172,ethylcyclohexane,fr_hdrzine,0.0,,RDKit,2026.03.6,2026-09-17,e99d97a3665c237f,RDKit Descriptors.descList; 2D
172,ethylcyclohexane,fr_hdrzone,0.0,,RDKit,2026.03.6,2026-09-17,e99d97a3665c237f,RDKit Descriptors.descList; 2D
172,ethylcyclohexane,fr_imidazole,0.0,,RDKit,2026.03.6,2026-09-17,e99d97a3665c237f,RDKit Descriptors.descList; 2D
172,ethylcyclohexane,fr_imide,0.0,,RDKit,2026.03.6,2026-09-17,e99d97a3665c237f,RDKit Descriptors.descList; 2D
172,ethylcyclohexane,fr_isocyan,0.0,,RDKit,2026.03.6,2026-09-17,e99d97a3665c237f,RDKit Descriptors.descList; 2D
172,ethylcyclohexane,fr_isothiocyan,0.0,,RDKit,2026.03.6,2026-09-17,e99d97a3665c237f,RDKit Descriptors.descList; 2D
172,ethylcyclohexane,fr_ketone,0.0,,RDKit,2026.03.6,2026-09-17,e99d97a3665c237f,RDKit Descriptors.descList; 2D
172,ethylcyclohexane,fr_ketone_Topliss,0.0,,RDKit,2026.03.6,2026-09-17,e99d97a3665c237f,RDKit Descriptors.descList; 2D
172,ethylcyclohexane,fr_lactam,0.0,,RDKit,2026.03.6,2026-09-17,e99d97a3665c237f,RDKit Descriptors.descList; 2D
172,ethylcyclohexane,fr_lactone,0.0,,RDKit,2026.03.6,2026-09-17,e99d97a3665c237f,RDKit Descriptors.descList; 2D
172,ethylcyclohexane,fr_methoxy,0.0,,RDKit,2026.03.6,2026-09-17,e99d97a3665c237f,RDKit Descriptors.descList; 2D
172,ethylcyclohexane,fr_morpholine,0.0,,RDKit,2026.03.6,2026-09-17,e99d97a3665c237f,RDKit Descriptors.descList; 2D
172,ethylcyclohexane,fr_nitrile,0.0,,RDKit,2026.03.6,2026-09-17,e99d97a3665c237f,RDKit Descriptors.descList; 2D
172,ethylcyclohexane,fr_nitro,0.0,,RDKit,2026.03.6,2026-09-17,e99d97a3665c237f,RDKit Descriptors.descList; 2D
172,ethylcyclohexane,fr_nitro_arom,0.0,,RDKit,2026.03.6,2026-09-17,e99d97a3665c237f,RDKit Descriptors.descList; 2D
172,ethylcyclohexane,fr_nitro_arom_nonortho,0.0,,RDKit,2026.03.6,2026-09-17,e99d97a3665c237f,RDKit Descriptors.descList; 2D
172,ethylcyclohexane,fr_nitroso,0.0,,RDKit,2026.03.6,2026-09-17,e99d97a3665c237f,RDKit Descriptors.descList; 2D
172,ethylcyclohexane,fr_oxazole,0.0,,RDKit,2026.03.6,2026-09-17,e99d97a3665c237f,RDKit Descriptors.descList; 2D
172,ethylcyclohexane,fr_oxime,0.0,,RDKit,2026.03.6,2026-09-17,e99d97a3665c237f,RDKit Descriptors.descList; 2D
172,ethylcyclohexane,fr_para_hydroxylation,0.0,,RDKit,2026.03.6,2026-09-17,e99d97a3665c237f,RDKit Descriptors.descList; 2D
172,ethylcyclohexane,fr_phenol,0.0,,RDKit,2026.03.6,2026-09-17,e99d97a3665c237f,RDKit Descriptors.descList; 2D
172,ethylcyclohexane,fr_phenol_noOrthoHbond,0.0,,RDKit,2026.03.6,2026-09-17,e99d97a3665c237f,RDKit Descriptors.descList; 2D
172,ethylcyclohexane,fr_phos_acid,0.0,,RDKit,2026.03.6,2026-09-17,e99d97a3665c237f,RDKit Descriptors.descList; 2D
172,ethylcyclohexane,fr_phos_ester,0.0,,RDKit,2026.03.6,2026-09-17,e99d97a3665c237f,RDKit Descriptors.descList; 2D
172,ethylcyclohexane,fr_piperdine,0.0,,RDKit,2026.03.6,2026-09-17,e99d97a3665c237f,RDKit Descriptors.descList; 2D
172,ethylcyclohexane,fr_piperzine,0.0,,RDKit,2026.03.6,2026-09-17,e99d97a3665c237f,RDKit Descriptors.descList; 2D
172,ethylcyclohexane,fr_priamide,0.0,,RDKit,2026.03.6,2026-09-17,e99d97a3665c237f,RDKit Descriptors.descList; 2D
172,ethylcyclohexane,fr_prisulfonamd,0.0,,RDKit,2026.03.6,2026-09-17,e99d97a3665c237f,RDKit Descriptors.descList; 2D
172,ethylcyclohexane,fr_pyridine,0.0,,RDKit,2026.03.6,2026-09-17,e99d97a3665c237f,RDKit Descriptors.descList; 2D
172,ethylcyclohexane,fr_quatN,0.0,,RDKit,2026.03.6,2026-09-17,e99d97a3665c237f,RDKit Descriptors.descList; 2D
172,ethylcyclohexane,fr_sulfide,0.0,,RDKit,2026.03.6,2026-09-17,e99d97a3665c237f,RDKit Descriptors.descList; 2D
172,ethylcyclohexane,fr_sulfonamd,0.0,,RDKit,2026.03.6,2026-09-17,e99d97a3665c237f,RDKit Descriptors.descList; 2D
172,ethylcyclohexane,fr_sulfone,0.0,,RDKit,2026.03.6,2026-09-17,e99d97a3665c237f,RDKit Descriptors.descList; 2D
172,ethylcyclohexane,fr_term_acetylene,0.0,,RDKit,2026.03.6,2026-09-17,e99d97a3665c237f,RDKit Descriptors.descList; 2D
172,ethylcyclohexane,fr_tetrazole,0.0,,RDKit,2026.03.6,2026-09-17,e99d97a3665c237f,RDKit Descriptors.descList; 2D
172,ethylcyclohexane,fr_thiazole,0.0,,RDKit,2026.03.6,2026-09-17,e99d97a3665c237f,RDKit Descriptors.descList; 2D
172,ethylcyclohexane,fr_thiocyan,0.0,,RDKit,2026.03.6,2026-09-17,e99d97a3665c237f,RDKit Descriptors.descList; 2D
172,ethylcyclohexane,fr_thiophene,0.0,,RDKit,2026.03.6,2026-09-17,e99d97a3665c237f,RDKit Descriptors.descList; 2D
172,ethylcyclohexane,fr_unbrch_alkane,0.0,,RDKit,2026.03.6,2026-09-17,e99d97a3665c237f,RDKit Descriptors.descList; 2D
172,ethylcyclohexane,fr_urea,0.0,,RDKit,2026.03.6,2026-09-17,e99d97a3665c237f,RDKit Descriptors.descList; 2D
173,propylcyclohexane,MaxAbsEStateIndex,2.300204081632653,,RDKit,2026.03.6,2026-09-17,e99d97a3665c237f,RDKit Descriptors.descList; 2D
173,propylcyclohexane,MaxEStateIndex,2.300204081632653,,RDKit,2026.03.6,2026-09-17,e99d97a3665c237f,RDKit Descriptors.descList; 2D
173,propylcyclohexane,MinAbsEStateIndex,1.1006944444444442,,RDKit,2026.03.6,2026-09-17,e99d97a3665c237f,RDKit Descriptors.descList; 2D
173,propylcyclohexane,MinEStateIndex,1.1006944444444442,,RDKit,2026.03.6,2026-09-17,e99d97a3665c237f,RDKit Descriptors.descList; 2D
173,propylcyclohexane,qed,0.5318701002709462,,RDKit,2026.03.6,2026-09-17,e99d97a3665c237f,RDKit Descriptors.descList; 2D
173,propylcyclohexane,SPS,22.333333333333332,,RDKit,2026.03.6,2026-09-17,e99d97a3665c237f,RDKit Descriptors.descList; 2D
173,propylcyclohexane,MolWt,126.24300000000001,,RDKit,2026.03.6,2026-09-17,e99d97a3665c237f,RDKit Descriptors.descList; 2D
173,propylcyclohexane,HeavyAtomMolWt,108.09899999999998,,RDKit,2026.03.6,2026-09-17,e99d97a3665c237f,RDKit Descriptors.descList; 2D
173,propylcyclohexane,ExactMolWt,126.14085057599999,,RDKit,2026.03.6,2026-09-17,e99d97a3665c237f,RDKit Descriptors.descList; 2D
173,propylcyclohexane,NumValenceElectrons,54.0,,RDKit,2026.03.6,2026-09-17,e99d97a3665c237f,RDKit Descriptors.descList; 2D
173,propylcyclohexane,NumRadicalElectrons,0.0,,RDKit,2026.03.6,2026-09-17,e99d97a3665c237f,RDKit Descriptors.descList; 2D
173,propylcyclohexane,MaxPartialCharge,-0.041438638110976984,,RDKit,2026.03.6,2026-09-17,e99d97a3665c237f,RDKit Descriptors.descList; 2D
173,propylcyclohexane,MinPartialCharge,-0.06537225173373659,,RDKit,2026.03.6,2026-09-17,e99d97a3665c237f,RDKit Descriptors.descList; 2D
173,propylcyclohexane,MaxAbsPartialCharge,0.06537225173373659,,RDKit,2026.03.6,2026-09-17,e99d97a3665c237f,RDKit Descriptors.descList; 2D
173,propylcyclohexane,MinAbsPartialCharge,0.041438638110976984,,RDKit,2026.03.6,2026-09-17,e99d97a3665c237f,RDKit Descriptors.descList; 2D
173,propylcyclohexane,FpDensityMorgan1,1.1111111111111112,,RDKit,2026.03.6,2026-09-17,e99d97a3665c237f,RDKit Descriptors.descList; 2D
173,propylcyclohexane,FpDensityMorgan2,1.7777777777777777,,RDKit,2026.03.6,2026-09-17,e99d97a3665c237f,RDKit Descriptors.descList; 2D
173,propylcyclohexane,FpDensityMorgan3,2.3333333333333335,,RDKit,2026.03.6,2026-09-17,e99d97a3665c237f,RDKit Descriptors.descList; 2D
173,propylcyclohexane,BCUT2D_MWHI,14.164796347910775,,RDKit,2026.03.6,2026-09-17,e99d97a3665c237f,RDKit Descriptors.descList; 2D
173,propylcyclohexane,BCUT2D_MWLOW,9.863208868695697,,RDKit,2026.03.6,2026-09-17,e99d97a3665c237f,RDKit Descriptors.descList; 2D
173,propylcyclohexane,BCUT2D_CHGHI,2.1045825150243798,,RDKit,2026.03.6,2026-09-17,e99d97a3665c237f,RDKit Descriptors.descList; 2D
173,propylcyclohexane,BCUT2D_CHGLO,-2.1970217528346465,,RDKit,2026.03.6,2026-09-17,e99d97a3665c237f,RDKit Descriptors.descList; 2D
173,propylcyclohexane,BCUT2D_LOGPHI,2.262244051173974,,RDKit,2026.03.6,2026-09-17,e99d97a3665c237f,RDKit Descriptors.descList; 2D
173,propylcyclohexane,BCUT2D_LOGPLOW,-2.043491577975029,,RDKit,2026.03.6,2026-09-17,e99d97a3665c237f,RDKit Descriptors.descList; 2D
173,propylcyclohexane,BCUT2D_MRHI,4.638994315579796,,RDKit,2026.03.6,2026-09-17,e99d97a3665c237f,RDKit Descriptors.descList; 2D
173,propylcyclohexane,BCUT2D_MRLOW,0.3363977223262373,,RDKit,2026.03.6,2026-09-17,e99d97a3665c237f,RDKit Descriptors.descList; 2D
173,propylcyclohexane,AvgIpc,1.9100860088599136,,RDKit,2026.03.6,2026-09-17,e99d97a3665c237f,RDKit Descriptors.descList; 2D
173,propylcyclohexane,BalabanJ,2.0778607554610558,,RDKit,2026.03.6,2026-09-17,e99d97a3665c237f,RDKit Descriptors.descList; 2D
173,propylcyclohexane,BertzCT,57.683674395583786,,RDKit,2026.03.6,2026-09-17,e99d97a3665c237f,RDKit Descriptors.descList; 2D
173,propylcyclohexane,Chi0,6.52709773749546,,RDKit,2026.03.6,2026-09-17,e99d97a3665c237f,RDKit Descriptors.descList; 2D
173,propylcyclohexane,Chi0n,6.52709773749546,,RDKit,2026.03.6,2026-09-17,e99d97a3665c237f,RDKit Descriptors.descList; 2D
173,propylcyclohexane,Chi0v,6.52709773749546,,RDKit,2026.03.6,2026-09-17,e99d97a3665c237f,RDKit Descriptors.descList; 2D
173,propylcyclohexane,Chi1,4.431851652578137,,RDKit,2026.03.6,2026-09-17,e99d97a3665c237f,RDKit Descriptors.descList; 2D
173,propylcyclohexane,Chi1n,4.431851652578136,,RDKit,2026.03.6,2026-09-17,e99d97a3665c237f,RDKit Descriptors.descList; 2D
173,propylcyclohexane,Chi1v,4.431851652578136,,RDKit,2026.03.6,2026-09-17,e99d97a3665c237f,RDKit Descriptors.descList; 2D
173,propylcyclohexane,Chi2n,3.2927109793486977,,RDKit,2026.03.6,2026-09-17,e99d97a3665c237f,RDKit Descriptors.descList; 2D
173,propylcyclohexane,Chi2v,3.2927109793486977,,RDKit,2026.03.6,2026-09-17,e99d97a3665c237f,RDKit Descriptors.descList; 2D
173,propylcyclohexane,Chi3n,2.4216682964502647,,RDKit,2026.03.6,2026-09-17,e99d97a3665c237f,RDKit Descriptors.descList; 2D
173,propylcyclohexane,Chi3v,2.4216682964502647,,RDKit,2026.03.6,2026-09-17,e99d97a3665c237f,RDKit Descriptors.descList; 2D
173,propylcyclohexane,Chi4n,1.884063091437157,,RDKit,2026.03.6,2026-09-17,e99d97a3665c237f,RDKit Descriptors.descList; 2D
173,propylcyclohexane,Chi4v,1.884063091437157,,RDKit,2026.03.6,2026-09-17,e99d97a3665c237f,RDKit Descriptors.descList; 2D
173,propylcyclohexane,HallKierAlpha,0.0,,RDKit,2026.03.6,2026-09-17,e99d97a3665c237f,RDKit Descriptors.descList; 2D
173,propylcyclohexane,Ipc,145.16653667335345,,RDKit,2026.03.6,2026-09-17,e99d97a3665c237f,RDKit Descriptors.descList; 2D
173,propylcyclohexane,Kappa1,7.111111111111111,,RDKit,2026.03.6,2026-09-17,e99d97a3665c237f,RDKit Descriptors.descList; 2D
173,propylcyclohexane,Kappa2,3.92,,RDKit,2026.03.6,2026-09-17,e99d97a3665c237f,RDKit Descriptors.descList; 2D
173,propylcyclohexane,Kappa3,2.3801652892561984,,RDKit,2026.03.6,2026-09-17,e99d97a3665c237f,RDKit Descriptors.descList; 2D
173,propylcyclohexane,LabuteASA,58.6529567894732,,RDKit,2026.03.6,2026-09-17,e99d97a3665c237f,RDKit Descriptors.descList; 2D
173,propylcyclohexane,PEOE_VSA1,0.0,,RDKit,2026.03.6,2026-09-17,e99d97a3665c237f,RDKit Descriptors.descList; 2D
173,propylcyclohexane,PEOE_VSA10,0.0,,RDKit,2026.03.6,2026-09-17,e99d97a3665c237f,RDKit Descriptors.descList; 2D
173,propylcyclohexane,PEOE_VSA11,0.0,,RDKit,2026.03.6,2026-09-17,e99d97a3665c237f,RDKit Descriptors.descList; 2D
173,propylcyclohexane,PEOE_VSA12,0.0,,RDKit,2026.03.6,2026-09-17,e99d97a3665c237f,RDKit Descriptors.descList; 2D
173,propylcyclohexane,PEOE_VSA13,0.0,,RDKit,2026.03.6,2026-09-17,e99d97a3665c237f,RDKit Descriptors.descList; 2D
173,propylcyclohexane,PEOE_VSA14,0.0,,RDKit,2026.03.6,2026-09-17,e99d97a3665c237f,RDKit Descriptors.descList; 2D
173,propylcyclohexane,PEOE_VSA2,0.0,,RDKit,2026.03.6,2026-09-17,e99d97a3665c237f,RDKit Descriptors.descList; 2D
173,propylcyclohexane,PEOE_VSA3,0.0,,RDKit,2026.03.6,2026-09-17,e99d97a3665c237f,RDKit Descriptors.descList; 2D
173,propylcyclohexane,PEOE_VSA4,0.0,,RDKit,2026.03.6,2026-09-17,e99d97a3665c237f,RDKit Descriptors.descList; 2D
173,propylcyclohexane,PEOE_VSA5,0.0,,RDKit,2026.03.6,2026-09-17,e99d97a3665c237f,RDKit Descriptors.descList; 2D
173,propylcyclohexane,PEOE_VSA6,51.8694885601727,,RDKit,2026.03.6,2026-09-17,e99d97a3665c237f,RDKit Descriptors.descList; 2D
173,propylcyclohexane,PEOE_VSA7,5.917906046161393,,RDKit,2026.03.6,2026-09-17,e99d97a3665c237f,RDKit Descriptors.descList; 2D
173,propylcyclohexane,PEOE_VSA8,0.0,,RDKit,2026.03.6,2026-09-17,e99d97a3665c237f,RDKit Descriptors.descList; 2D
173,propylcyclohexane,PEOE_VSA9,0.0,,RDKit,2026.03.6,2026-09-17,e99d97a3665c237f,RDKit Descriptors.descList; 2D
173,propylcyclohexane,SMR_VSA1,0.0,,RDKit,2026.03.6,2026-09-17,e99d97a3665c237f,RDKit Descriptors.descList; 2D
173,propylcyclohexane,SMR_VSA10,0.0,,RDKit,2026.03.6,2026-09-17,e99d97a3665c237f,RDKit Descriptors.descList; 2D
173,propylcyclohexane,SMR_VSA2,0.0,,RDKit,2026.03.6,2026-09-17,e99d97a3665c237f,RDKit Descriptors.descList; 2D
173,propylcyclohexane,SMR_VSA3,0.0,,RDKit,2026.03.6,2026-09-17,e99d97a3665c237f,RDKit Descriptors.descList; 2D
173,propylcyclohexane,SMR_VSA4,5.917906046161393,,RDKit,2026.03.6,2026-09-17,e99d97a3665c237f,RDKit Descriptors.descList; 2D
173,propylcyclohexane,SMR_VSA5,51.8694885601727,,RDKit,2026.03.6,2026-09-17,e99d97a3665c237f,RDKit Descriptors.descList; 2D
173,propylcyclohexane,SMR_VSA6,0.0,,RDKit,2026.03.6,2026-09-17,e99d97a3665c237f,RDKit Descriptors.descList; 2D
173,propylcyclohexane,SMR_VSA7,0.0,,RDKit,2026.03.6,2026-09-17,e99d97a3665c237f,RDKit Descriptors.descList; 2D
173,propylcyclohexane,SMR_VSA8,0.0,,RDKit,2026.03.6,2026-09-17,e99d97a3665c237f,RDKit Descriptors.descList; 2D
173,propylcyclohexane,SMR_VSA9,0.0,,RDKit,2026.03.6,2026-09-17,e99d97a3665c237f,RDKit Descriptors.descList; 2D
173,propylcyclohexane,SlogP_VSA1,0.0,,RDKit,2026.03.6,2026-09-17,e99d97a3665c237f,RDKit Descriptors.descList; 2D
173,propylcyclohexane,SlogP_VSA10,0.0,,RDKit,2026.03.6,2026-09-17,e99d97a3665c237f,RDKit Descriptors.descList; 2D
173,propylcyclohexane,SlogP_VSA11,0.0,,RDKit,2026.03.6,2026-09-17,e99d97a3665c237f,RDKit Descriptors.descList; 2D
173,propylcyclohexane,SlogP_VSA12,0.0,,RDKit,2026.03.6,2026-09-17,e99d97a3665c237f,RDKit Descriptors.descList; 2D
173,propylcyclohexane,SlogP_VSA2,0.0,,RDKit,2026.03.6,2026-09-17,e99d97a3665c237f,RDKit Descriptors.descList; 2D
173,propylcyclohexane,SlogP_VSA3,0.0,,RDKit,2026.03.6,2026-09-17,e99d97a3665c237f,RDKit Descriptors.descList; 2D
173,propylcyclohexane,SlogP_VSA4,5.917906046161393,,RDKit,2026.03.6,2026-09-17,e99d97a3665c237f,RDKit Descriptors.descList; 2D
173,propylcyclohexane,SlogP_VSA5,51.8694885601727,,RDKit,2026.03.6,2026-09-17,e99d97a3665c237f,RDKit Descriptors.descList; 2D
173,propylcyclohexane,SlogP_VSA6,0.0,,RDKit,2026.03.6,2026-09-17,e99d97a3665c237f,RDKit Descriptors.descList; 2D
173,propylcyclohexane,SlogP_VSA7,0.0,,RDKit,2026.03.6,2026-09-17,e99d97a3665c237f,RDKit Descriptors.descList; 2D
173,propylcyclohexane,SlogP_VSA8,0.0,,RDKit,2026.03.6,2026-09-17,e99d97a3665c237f,RDKit Descriptors.descList; 2D
173,propylcyclohexane,SlogP_VSA9,0.0,,RDKit,2026.03.6,2026-09-17,e99d97a3665c237f,RDKit Descriptors.descList; 2D
173,propylcyclohexane,TPSA,0.0,,RDKit,2026.03.6,2026-09-17,e99d97a3665c237f,RDKit Descriptors.descList; 2D
173,propylcyclohexane,EState_VSA1,0.0,,RDKit,2026.03.6,2026-09-17,e99d97a3665c237f,RDKit Descriptors.descList; 2D
173,propylcyclohexane,EState_VSA10,0.0,,RDKit,2026.03.6,2026-09-17,e99d97a3665c237f,RDKit Descriptors.descList; 2D
173,propylcyclohexane,EState_VSA11,0.0,,RDKit,2026.03.6,2026-09-17,e99d97a3665c237f,RDKit Descriptors.descList; 2D
173,propylcyclohexane,EState_VSA2,0.0,,RDKit,2026.03.6,2026-09-17,e99d97a3665c237f,RDKit Descriptors.descList; 2D
173,propylcyclohexane,EState_VSA3,0.0,,RDKit,2026.03.6,2026-09-17,e99d97a3665c237f,RDKit Descriptors.descList; 2D
173,propylcyclohexane,EState_VSA4,5.917906046161393,,RDKit,2026.03.6,2026-09-17,e99d97a3665c237f,RDKit Descriptors.descList; 2D
173,propylcyclohexane,EState_VSA5,44.94575136048208,,RDKit,2026.03.6,2026-09-17,e99d97a3665c237f,RDKit Descriptors.descList; 2D
173,propylcyclohexane,EState_VSA6,0.0,,RDKit,2026.03.6,2026-09-17,e99d97a3665c237f,RDKit Descriptors.descList; 2D
173,propylcyclohexane,EState_VSA7,0.0,,RDKit,2026.03.6,2026-09-17,e99d97a3665c237f,RDKit Descriptors.descList; 2D
173,propylcyclohexane,EState_VSA8,6.923737199690624,,RDKit,2026.03.6,2026-09-17,e99d97a3665c237f,RDKit Descriptors.descList; 2D
173,propylcyclohexane,EState_VSA9,0.0,,RDKit,2026.03.6,2026-09-17,e99d97a3665c237f,RDKit Descriptors.descList; 2D
173,propylcyclohexane,VSA_EState1,0.0,,RDKit,2026.03.6,2026-09-17,e99d97a3665c237f,RDKit Descriptors.descList; 2D
173,propylcyclohexane,VSA_EState10,0.0,,RDKit,2026.03.6,2026-09-17,e99d97a3665c237f,RDKit Descriptors.descList; 2D
173,propylcyclohexane,VSA_EState2,0.0,,RDKit,2026.03.6,2026-09-17,e99d97a3665c237f,RDKit Descriptors.descList; 2D
173,propylcyclohexane,VSA_EState3,0.0,,RDKit,2026.03.6,2026-09-17,e99d97a3665c237f,RDKit Descriptors.descList; 2D
173,propylcyclohexane,VSA_EState4,0.0,,RDKit,2026.03.6,2026-09-17,e99d97a3665c237f,RDKit Descriptors.descList; 2D
173,propylcyclohexane,VSA_EState5,1.1006944444444442,,RDKit,2026.03.6,2026-09-17,e99d97a3665c237f,RDKit Descriptors.descList; 2D
173,propylcyclohexane,VSA_EState6,0.0,,RDKit,2026.03.6,2026-09-17,e99d97a3665c237f,RDKit Descriptors.descList; 2D
173,propylcyclohexane,VSA_EState7,10.432434807256236,,RDKit,2026.03.6,2026-09-17,e99d97a3665c237f,RDKit Descriptors.descList; 2D
173,propylcyclohexane,VSA_EState8,2.300204081632653,,RDKit,2026.03.6,2026-09-17,e99d97a3665c237f,RDKit Descriptors.descList; 2D
173,propylcyclohexane,VSA_EState9,0.0,,RDKit,2026.03.6,2026-09-17,e99d97a3665c237f,RDKit Descriptors.descList; 2D
173,propylcyclohexane,FractionCSP3,1.0,,RDKit,2026.03.6,2026-09-17,e99d97a3665c237f,RDKit Descriptors.descList; 2D
173,propylcyclohexane,HeavyAtomCount,9.0,,RDKit,2026.03.6,2026-09-17,e99d97a3665c237f,RDKit Descriptors.descList; 2D
173,propylcyclohexane,NHOHCount,0.0,,RDKit,2026.03.6,2026-09-17,e99d97a3665c237f,RDKit Descriptors.descList; 2D
173,propylcyclohexane,NOCount,0.0,,RDKit,2026.03.6,2026-09-17,e99d97a3665c237f,RDKit Descriptors.descList; 2D
173,propylcyclohexane,NumAliphaticCarbocycles,1.0,,RDKit,2026.03.6,2026-09-17,e99d97a3665c237f,RDKit Descriptors.descList; 2D
173,propylcyclohexane,NumAliphaticHeterocycles,0.0,,RDKit,2026.03.6,2026-09-17,e99d97a3665c237f,RDKit Descriptors.descList; 2D
173,propylcyclohexane,NumAliphaticRings,1.0,,RDKit,2026.03.6,2026-09-17,e99d97a3665c237f,RDKit Descriptors.descList; 2D
173,propylcyclohexane,NumAmideBonds,0.0,,RDKit,2026.03.6,2026-09-17,e99d97a3665c237f,RDKit Descriptors.descList; 2D
173,propylcyclohexane,NumAromaticCarbocycles,0.0,,RDKit,2026.03.6,2026-09-17,e99d97a3665c237f,RDKit Descriptors.descList; 2D
173,propylcyclohexane,NumAromaticHeterocycles,0.0,,RDKit,2026.03.6,2026-09-17,e99d97a3665c237f,RDKit Descriptors.descList; 2D
173,propylcyclohexane,NumAromaticRings,0.0,,RDKit,2026.03.6,2026-09-17,e99d97a3665c237f,RDKit Descriptors.descList; 2D
173,propylcyclohexane,NumAtomStereoCenters,0.0,,RDKit,2026.03.6,2026-09-17,e99d97a3665c237f,RDKit Descriptors.descList; 2D
173,propylcyclohexane,NumBridgeheadAtoms,0.0,,RDKit,2026.03.6,2026-09-17,e99d97a3665c237f,RDKit Descriptors.descList; 2D
173,propylcyclohexane,NumHAcceptors,0.0,,RDKit,2026.03.6,2026-09-17,e99d97a3665c237f,RDKit Descriptors.descList; 2D
173,propylcyclohexane,NumHDonors,0.0,,RDKit,2026.03.6,2026-09-17,e99d97a3665c237f,RDKit Descriptors.descList; 2D
173,propylcyclohexane,NumHeteroatoms,0.0,,RDKit,2026.03.6,2026-09-17,e99d97a3665c237f,RDKit Descriptors.descList; 2D
173,propylcyclohexane,NumHeterocycles,0.0,,RDKit,2026.03.6,2026-09-17,e99d97a3665c237f,RDKit Descriptors.descList; 2D
173,propylcyclohexane,NumRotatableBonds,2.0,,RDKit,2026.03.6,2026-09-17,e99d97a3665c237f,RDKit Descriptors.descList; 2D
173,propylcyclohexane,NumSaturatedCarbocycles,1.0,,RDKit,2026.03.6,2026-09-17,e99d97a3665c237f,RDKit Descriptors.descList; 2D
173,propylcyclohexane,NumSaturatedHeterocycles,0.0,,RDKit,2026.03.6,2026-09-17,e99d97a3665c237f,RDKit Descriptors.descList; 2D
173,propylcyclohexane,NumSaturatedRings,1.0,,RDKit,2026.03.6,2026-09-17,e99d97a3665c237f,RDKit Descriptors.descList; 2D
173,propylcyclohexane,NumSpiroAtoms,0.0,,RDKit,2026.03.6,2026-09-17,e99d97a3665c237f,RDKit Descriptors.descList; 2D
173,propylcyclohexane,NumUnspecifiedAtomStereoCenters,0.0,,RDKit,2026.03.6,2026-09-17,e99d97a3665c237f,RDKit Descriptors.descList; 2D
173,propylcyclohexane,Phi,3.0972839506172836,,RDKit,2026.03.6,2026-09-17,e99d97a3665c237f,RDKit Descriptors.descList; 2D
173,propylcyclohexane,RingCount,1.0,,RDKit,2026.03.6,2026-09-17,e99d97a3665c237f,RDKit Descriptors.descList; 2D
173,propylcyclohexane,MolLogP,3.3668000000000022,,RDKit,2026.03.6,2026-09-17,e99d97a3665c237f,RDKit Descriptors.descList; 2D
173,propylcyclohexane,MolMR,41.483000000000004,,RDKit,2026.03.6,2026-09-17,e99d97a3665c237f,RDKit Descriptors.descList; 2D
173,propylcyclohexane,fr_Al_COO,0.0,,RDKit,2026.03.6,2026-09-17,e99d97a3665c237f,RDKit Descriptors.descList; 2D
173,propylcyclohexane,fr_Al_OH,0.0,,RDKit,2026.03.6,2026-09-17,e99d97a3665c237f,RDKit Descriptors.descList; 2D
173,propylcyclohexane,fr_Al_OH_noTert,0.0,,RDKit,2026.03.6,2026-09-17,e99d97a3665c237f,RDKit Descriptors.descList; 2D
173,propylcyclohexane,fr_ArN,0.0,,RDKit,2026.03.6,2026-09-17,e99d97a3665c237f,RDKit Descriptors.descList; 2D
173,propylcyclohexane,fr_Ar_COO,0.0,,RDKit,2026.03.6,2026-09-17,e99d97a3665c237f,RDKit Descriptors.descList; 2D
173,propylcyclohexane,fr_Ar_N,0.0,,RDKit,2026.03.6,2026-09-17,e99d97a3665c237f,RDKit Descriptors.descList; 2D
173,propylcyclohexane,fr_Ar_NH,0.0,,RDKit,2026.03.6,2026-09-17,e99d97a3665c237f,RDKit Descriptors.descList; 2D
173,propylcyclohexane,fr_Ar_OH,0.0,,RDKit,2026.03.6,2026-09-17,e99d97a3665c237f,RDKit Descriptors.descList; 2D
173,propylcyclohexane,fr_COO,0.0,,RDKit,2026.03.6,2026-09-17,e99d97a3665c237f,RDKit Descriptors.descList; 2D
173,propylcyclohexane,fr_COO2,0.0,,RDKit,2026.03.6,2026-09-17,e99d97a3665c237f,RDKit Descriptors.descList; 2D
173,propylcyclohexane,fr_C_O,0.0,,RDKit,2026.03.6,2026-09-17,e99d97a3665c237f,RDKit Descriptors.descList; 2D
173,propylcyclohexane,fr_C_O_noCOO,0.0,,RDKit,2026.03.6,2026-09-17,e99d97a3665c237f,RDKit Descriptors.descList; 2D
173,propylcyclohexane,fr_C_S,0.0,,RDKit,2026.03.6,2026-09-17,e99d97a3665c237f,RDKit Descriptors.descList; 2D
173,propylcyclohexane,fr_HOCCN,0.0,,RDKit,2026.03.6,2026-09-17,e99d97a3665c237f,RDKit Descriptors.descList; 2D
173,propylcyclohexane,fr_Imine,0.0,,RDKit,2026.03.6,2026-09-17,e99d97a3665c237f,RDKit Descriptors.descList; 2D
173,propylcyclohexane,fr_NH0,0.0,,RDKit,2026.03.6,2026-09-17,e99d97a3665c237f,RDKit Descriptors.descList; 2D
173,propylcyclohexane,fr_NH1,0.0,,RDKit,2026.03.6,2026-09-17,e99d97a3665c237f,RDKit Descriptors.descList; 2D
173,propylcyclohexane,fr_NH2,0.0,,RDKit,2026.03.6,2026-09-17,e99d97a3665c237f,RDKit Descriptors.descList; 2D
173,propylcyclohexane,fr_N_O,0.0,,RDKit,2026.03.6,2026-09-17,e99d97a3665c237f,RDKit Descriptors.descList; 2D
173,propylcyclohexane,fr_Ndealkylation1,0.0,,RDKit,2026.03.6,2026-09-17,e99d97a3665c237f,RDKit Descriptors.descList; 2D
173,propylcyclohexane,fr_Ndealkylation2,0.0,,RDKit,2026.03.6,2026-09-17,e99d97a3665c237f,RDKit Descriptors.descList; 2D
173,propylcyclohexane,fr_Nhpyrrole,0.0,,RDKit,2026.03.6,2026-09-17,e99d97a3665c237f,RDKit Descriptors.descList; 2D
173,propylcyclohexane,fr_SH,0.0,,RDKit,2026.03.6,2026-09-17,e99d97a3665c237f,RDKit Descriptors.descList; 2D
173,propylcyclohexane,fr_aldehyde,0.0,,RDKit,2026.03.6,2026-09-17,e99d97a3665c237f,RDKit Descriptors.descList; 2D
173,propylcyclohexane,fr_alkyl_carbamate,0.0,,RDKit,2026.03.6,2026-09-17,e99d97a3665c237f,RDKit Descriptors.descList; 2D
173,propylcyclohexane,fr_alkyl_halide,0.0,,RDKit,2026.03.6,2026-09-17,e99d97a3665c237f,RDKit Descriptors.descList; 2D
173,propylcyclohexane,fr_allylic_oxid,0.0,,RDKit,2026.03.6,2026-09-17,e99d97a3665c237f,RDKit Descriptors.descList; 2D
173,propylcyclohexane,fr_amide,0.0,,RDKit,2026.03.6,2026-09-17,e99d97a3665c237f,RDKit Descriptors.descList; 2D
173,propylcyclohexane,fr_amidine,0.0,,RDKit,2026.03.6,2026-09-17,e99d97a3665c237f,RDKit Descriptors.descList; 2D
173,propylcyclohexane,fr_aniline,0.0,,RDKit,2026.03.6,2026-09-17,e99d97a3665c237f,RDKit Descriptors.descList; 2D
173,propylcyclohexane,fr_aryl_methyl,0.0,,RDKit,2026.03.6,2026-09-17,e99d97a3665c237f,RDKit Descriptors.descList; 2D
173,propylcyclohexane,fr_azide,0.0,,RDKit,2026.03.6,2026-09-17,e99d97a3665c237f,RDKit Descriptors.descList; 2D
173,propylcyclohexane,fr_azo,0.0,,RDKit,2026.03.6,2026-09-17,e99d97a3665c237f,RDKit Descriptors.descList; 2D
173,propylcyclohexane,fr_barbitur,0.0,,RDKit,2026.03.6,2026-09-17,e99d97a3665c237f,RDKit Descriptors.descList; 2D
173,propylcyclohexane,fr_benzene,0.0,,RDKit,2026.03.6,2026-09-17,e99d97a3665c237f,RDKit Descriptors.descList; 2D
173,propylcyclohexane,fr_benzodiazepine,0.0,,RDKit,2026.03.6,2026-09-17,e99d97a3665c237f,RDKit Descriptors.descList; 2D
173,propylcyclohexane,fr_bicyclic,0.0,,RDKit,2026.03.6,2026-09-17,e99d97a3665c237f,RDKit Descriptors.descList; 2D
173,propylcyclohexane,fr_diazo,0.0,,RDKit,2026.03.6,2026-09-17,e99d97a3665c237f,RDKit Descriptors.descList; 2D
173,propylcyclohexane,fr_dihydropyridine,0.0,,RDKit,2026.03.6,2026-09-17,e99d97a3665c237f,RDKit Descriptors.descList; 2D
173,propylcyclohexane,fr_epoxide,0.0,,RDKit,2026.03.6,2026-09-17,e99d97a3665c237f,RDKit Descriptors.descList; 2D
173,propylcyclohexane,fr_ester,0.0,,RDKit,2026.03.6,2026-09-17,e99d97a3665c237f,RDKit Descriptors.descList; 2D
173,propylcyclohexane,fr_ether,0.0,,RDKit,2026.03.6,2026-09-17,e99d97a3665c237f,RDKit Descriptors.descList; 2D
173,propylcyclohexane,fr_furan,0.0,,RDKit,2026.03.6,2026-09-17,e99d97a3665c237f,RDKit Descriptors.descList; 2D
173,propylcyclohexane,fr_guanido,0.0,,RDKit,2026.03.6,2026-09-17,e99d97a3665c237f,RDKit Descriptors.descList; 2D
173,propylcyclohexane,fr_halogen,0.0,,RDKit,2026.03.6,2026-09-17,e99d97a3665c237f,RDKit Descriptors.descList; 2D
173,propylcyclohexane,fr_hdrzine,0.0,,RDKit,2026.03.6,2026-09-17,e99d97a3665c237f,RDKit Descriptors.descList; 2D
173,propylcyclohexane,fr_hdrzone,0.0,,RDKit,2026.03.6,2026-09-17,e99d97a3665c237f,RDKit Descriptors.descList; 2D
173,propylcyclohexane,fr_imidazole,0.0,,RDKit,2026.03.6,2026-09-17,e99d97a3665c237f,RDKit Descriptors.descList; 2D
173,propylcyclohexane,fr_imide,0.0,,RDKit,2026.03.6,2026-09-17,e99d97a3665c237f,RDKit Descriptors.descList; 2D
173,propylcyclohexane,fr_isocyan,0.0,,RDKit,2026.03.6,2026-09-17,e99d97a3665c237f,RDKit Descriptors.descList; 2D
173,propylcyclohexane,fr_isothiocyan,0.0,,RDKit,2026.03.6,2026-09-17,e99d97a3665c237f,RDKit Descriptors.descList; 2D
173,propylcyclohexane,fr_ketone,0.0,,RDKit,2026.03.6,2026-09-17,e99d97a3665c237f,RDKit Descriptors.descList; 2D
173,propylcyclohexane,fr_ketone_Topliss,0.0,,RDKit,2026.03.6,2026-09-17,e99d97a3665c237f,RDKit Descriptors.descList; 2D
173,propylcyclohexane,fr_lactam,0.0,,RDKit,2026.03.6,2026-09-17,e99d97a3665c237f,RDKit Descriptors.descList; 2D
173,propylcyclohexane,fr_lactone,0.0,,RDKit,2026.03.6,2026-09-17,e99d97a3665c237f,RDKit Descriptors.descList; 2D
173,propylcyclohexane,fr_methoxy,0.0,,RDKit,2026.03.6,2026-09-17,e99d97a3665c237f,RDKit Descriptors.descList; 2D
173,propylcyclohexane,fr_morpholine,0.0,,RDKit,2026.03.6,2026-09-17,e99d97a3665c237f,RDKit Descriptors.descList; 2D
173,propylcyclohexane,fr_nitrile,0.0,,RDKit,2026.03.6,2026-09-17,e99d97a3665c237f,RDKit Descriptors.descList; 2D
173,propylcyclohexane,fr_nitro,0.0,,RDKit,2026.03.6,2026-09-17,e99d97a3665c237f,RDKit Descriptors.descList; 2D
173,propylcyclohexane,fr_nitro_arom,0.0,,RDKit,2026.03.6,2026-09-17,e99d97a3665c237f,RDKit Descriptors.descList; 2D
173,propylcyclohexane,fr_nitro_arom_nonortho,0.0,,RDKit,2026.03.6,2026-09-17,e99d97a3665c237f,RDKit Descriptors.descList; 2D
173,propylcyclohexane,fr_nitroso,0.0,,RDKit,2026.03.6,2026-09-17,e99d97a3665c237f,RDKit Descriptors.descList; 2D
173,propylcyclohexane,fr_oxazole,0.0,,RDKit,2026.03.6,2026-09-17,e99d97a3665c237f,RDKit Descriptors.descList; 2D
173,propylcyclohexane,fr_oxime,0.0,,RDKit,2026.03.6,2026-09-17,e99d97a3665c237f,RDKit Descriptors.descList; 2D
173,propylcyclohexane,fr_para_hydroxylation,0.0,,RDKit,2026.03.6,2026-09-17,e99d97a3665c237f,RDKit Descriptors.descList; 2D
173,propylcyclohexane,fr_phenol,0.0,,RDKit,2026.03.6,2026-09-17,e99d97a3665c237f,RDKit Descriptors.descList; 2D
173,propylcyclohexane,fr_phenol_noOrthoHbond,0.0,,RDKit,2026.03.6,2026-09-17,e99d97a3665c237f,RDKit Descriptors.descList; 2D
173,propylcyclohexane,fr_phos_acid,0.0,,RDKit,2026.03.6,2026-09-17,e99d97a3665c237f,RDKit Descriptors.descList; 2D
173,propylcyclohexane,fr_phos_ester,0.0,,RDKit,2026.03.6,2026-09-17,e99d97a3665c237f,RDKit Descriptors.descList; 2D
173,propylcyclohexane,fr_piperdine,0.0,,RDKit,2026.03.6,2026-09-17,e99d97a3665c237f,RDKit Descriptors.descList; 2D
173,propylcyclohexane,fr_piperzine,0.0,,RDKit,2026.03.6,2026-09-17,e99d97a3665c237f,RDKit Descriptors.descList; 2D
173,propylcyclohexane,fr_priamide,0.0,,RDKit,2026.03.6,2026-09-17,e99d97a3665c237f,RDKit Descriptors.descList; 2D
173,propylcyclohexane,fr_prisulfonamd,0.0,,RDKit,2026.03.6,2026-09-17,e99d97a3665c237f,RDKit Descriptors.descList; 2D
173,propylcyclohexane,fr_pyridine,0.0,,RDKit,2026.03.6,2026-09-17,e99d97a3665c237f,RDKit Descriptors.descList; 2D
173,propylcyclohexane,fr_quatN,0.0,,RDKit,2026.03.6,2026-09-17,e99d97a3665c237f,RDKit Descriptors.descList; 2D
173,propylcyclohexane,fr_sulfide,0.0,,RDKit,2026.03.6,2026-09-17,e99d97a3665c237f,RDKit Descriptors.descList; 2D
173,propylcyclohexane,fr_sulfonamd,0.0,,RDKit,2026.03.6,2026-09-17,e99d97a3665c237f,RDKit Descriptors.descList; 2D
173,propylcyclohexane,fr_sulfone,0.0,,RDKit,2026.03.6,2026-09-17,e99d97a3665c237f,RDKit Descriptors.descList; 2D
173,propylcyclohexane,fr_term_acetylene,0.0,,RDKit,2026.03.6,2026-09-17,e99d97a3665c237f,RDKit Descriptors.descList; 2D
173,propylcyclohexane,fr_tetrazole,0.0,,RDKit,2026.03.6,2026-09-17,e99d97a3665c237f,RDKit Descriptors.descList; 2D
173,propylcyclohexane,fr_thiazole,0.0,,RDKit,2026.03.6,2026-09-17,e99d97a3665c237f,RDKit Descriptors.descList; 2D
173,propylcyclohexane,fr_thiocyan,0.0,,RDKit,2026.03.6,2026-09-17,e99d97a3665c237f,RDKit Descriptors.descList; 2D
173,propylcyclohexane,fr_thiophene,0.0,,RDKit,2026.03.6,2026-09-17,e99d97a3665c237f,RDKit Descriptors.descList; 2D
173,propylcyclohexane,fr_unbrch_alkane,0.0,,RDKit,2026.03.6,2026-09-17,e99d97a3665c237f,RDKit Descriptors.descList; 2D
173,propylcyclohexane,fr_urea,0.0,,RDKit,2026.03.6,2026-09-17,e99d97a3665c237f,RDKit Descriptors.descList; 2D
