$hessian                                                                        
        0.4717089426  -0.0182015844   0.0183905888  -0.1744236308  -0.0391789685
        0.0386527591  -0.0278525963  -0.0011956745   0.0057048529  -0.0024317079
        0.0028410905  -0.0012574958  -0.0010252375  -0.0001721425   0.0003635230
       -0.0001973128   0.0002527100  -0.0000493777   0.0000216437   0.0000167223
        0.0000158928  -0.0000196075  -0.0000299686  -0.0000178237   0.0000417479
        0.0000346071   0.0000288026  -0.0560203914  -0.0477291912  -0.0248468949
       -0.0428022096   0.0007192208  -0.0017258363  -0.1524103514   0.1125267005
       -0.0422969568  -0.0042953758  -0.0017242453   0.0040940075  -0.0115585758
       -0.0065793922   0.0024014310   0.0005626531  -0.0005763844   0.0004486168
        0.0008998934  -0.0010840057   0.0001994087  -0.0000036001   0.0000624191
       -0.0002054923  -0.0000171085  -0.0000126568   0.0000481330  -0.0000209546
       -0.0000636496  -0.0000092636   0.0000159666   0.0000055791  -0.0000460272
       -0.0001059580  -0.0000234880   0.0000330468   0.0000086464   0.0000033696
        0.0000235801   0.0000056029   0.0000079948  -0.0000041672   0.0000106959
        0.0000286352  -0.0000521486  -0.0000357765   0.0000145918   0.0000139572
        0.0000147415   0.0000461822   0.0000114991  -0.0000701395   0.0000115286
        0.0000813844
       -0.0182015844   0.5190532302   0.0053093587  -0.0385098989  -0.0782441829
        0.0120602141   0.0170081515   0.0037365730  -0.0047617066   0.0027860244
       -0.0022786771   0.0009700816   0.0009395463   0.0001903443  -0.0003359763
        0.0001742745  -0.0002095310   0.0000498817  -0.0000703108   0.0000033095
       -0.0000046082  -0.0000669156   0.0001273958   0.0000445441  -0.0000431641
       -0.0001359205  -0.0000997079  -0.0482475318  -0.2252134957  -0.0892062301
        0.0004817066  -0.0483931065   0.0254945595   0.1127445815  -0.1580669104
        0.0414618535  -0.0042165770  -0.0006600239   0.0024785968  -0.0266575430
       -0.0114332339   0.0071881102   0.0002890912   0.0002786555  -0.0004403419
        0.0014609836   0.0009930451  -0.0000646427  -0.0000439803  -0.0000649651
       -0.0000457354  -0.0000408376   0.0000345421  -0.0000207161  -0.0000312933
        0.0000497460  -0.0000058189  -0.0000097155   0.0000008155  -0.0000007439
        0.0001085742  -0.0000058533  -0.0000239913  -0.0000130113  -0.0000024471
        0.0000074409   0.0000050544   0.0000272786  -0.0000081180   0.0000035382
       -0.0000087279  -0.0000239823   0.0000361395   0.0000367271   0.0000113789
        0.0001495095   0.0001836226  -0.0000601084  -0.0000348118   0.0000017901
        0.0000264080
        0.0183905888   0.0053093587   0.5169531181   0.0379101655   0.0121636745
       -0.0808754136  -0.0046341543  -0.0018692902   0.0022616161  -0.0008051699
        0.0006964454  -0.0000958037  -0.0002464683  -0.0000772643   0.0002483412
       -0.0000648192   0.0000619473  -0.0000126117  -0.0000075310   0.0000073896
        0.0000213396  -0.0000120263   0.0000186729  -0.0000115619  -0.0001671979
        0.0000567880   0.0001036007  -0.0248061003  -0.0892659750  -0.0895577667
       -0.0012994994   0.0255396889  -0.2799482045  -0.0424476096   0.0414621305
       -0.0603753678   0.0290721536   0.0102883185  -0.0136118910  -0.0101739478
       -0.0042776175   0.0040379941  -0.0009828320   0.0000005177   0.0005892174
        0.0002243901  -0.0000493643   0.0001857290  -0.0001043956   0.0000115098
        0.0001367520   0.0000392610  -0.0000422445   0.0000056350   0.0000226662
       -0.0000101254  -0.0000068099  -0.0000086748   0.0000033656   0.0000037742
       -0.0000279408   0.0000059649   0.0000130150   0.0000060905  -0.0000012727
       -0.0000045565  -0.0000074137  -0.0000063085   0.0000075527  -0.0000215677
       -0.0000024349   0.0000074441   0.0000025825  -0.0000174236   0.0000009739
        0.0001282870  -0.0000188650  -0.0000767447   0.0000211635   0.0000124134
        0.0000006288
       -0.1744236308  -0.0385098989   0.0379101655   0.4550386545   0.0150311987
        0.0034374826  -0.1195659619   0.0605478124  -0.0253776833  -0.0241514001
        0.0162138131  -0.0035087140  -0.0042683881  -0.0011558302   0.0015157971
       -0.0008460334   0.0010609315  -0.0001478307  -0.0000313975   0.0000127029
        0.0000561067   0.0000967836   0.0002333635  -0.0000106252   0.0003624611
       -0.0001474652  -0.0000508814  -0.0110559884  -0.0072450286   0.0018509075
       -0.0033239760  -0.0015499138   0.0048219559  -0.0246420281  -0.0046035854
        0.0065803358  -0.0411211675  -0.0004036430  -0.0031487267  -0.0502561053
       -0.0428663754  -0.0209885110  -0.0037175282   0.0041489374  -0.0036003132
        0.0028080909  -0.0013103333   0.0017107857   0.0008507479   0.0004446970
       -0.0011214532  -0.0000504311  -0.0000027411   0.0000657726   0.0000010732
       -0.0000976682   0.0000247558   0.0000176283   0.0000213667  -0.0000562370
       -0.0003597205  -0.0000772914   0.0001461198   0.0000024803   0.0000121990
        0.0000356921   0.0000076443   0.0000235940  -0.0000132053  -0.0000200636
        0.0000257136  -0.0000342014   0.0000205447   0.0000226891   0.0000088501
       -0.0011257457   0.0001355199   0.0000056875  -0.0002465427   0.0000352357
       -0.0001120323
       -0.0391789685  -0.0782441829   0.0121636745   0.0150311987   0.5091363314
        0.0183296933   0.0581683034  -0.1275170965   0.0225021037   0.0002797871
        0.0041114066  -0.0020693082  -0.0009112351   0.0001640584   0.0004266379
       -0.0001287585   0.0003072242  -0.0000136668   0.0000529526  -0.0000167480
        0.0000609708   0.0000032313  -0.0000505576  -0.0001727681   0.0001517354
        0.0001080461   0.0002167280  -0.0261445445  -0.0118132020   0.0071876861
       -0.0039505675  -0.0011150865   0.0030301931   0.0184431714   0.0051112093
       -0.0056887073  -0.0003314624  -0.0485352738   0.0205304153  -0.0423831270
       -0.2218326715  -0.0863153038   0.0036594953  -0.0030651837   0.0037161659
        0.0194016662  -0.0269012508   0.0060647404  -0.0006491731   0.0003482405
       -0.0000445400  -0.0000196402   0.0000018769  -0.0001544228  -0.0000458749
        0.0001219842   0.0001204365   0.0000337458  -0.0000040251   0.0000187957
       -0.0001459088   0.0000369253   0.0000049648   0.0000019152   0.0000040841
       -0.0000376609  -0.0000319506   0.0000060846   0.0000100413   0.0000393611
        0.0000285439   0.0000044698  -0.0001069336  -0.0000800907  -0.0000213766
       -0.0011852452  -0.0003407945   0.0002162765  -0.0000531736   0.0000301478
       -0.0000862390
        0.0386527591   0.0120602141  -0.0808754136   0.0034374826   0.0183296933
        0.5299146828  -0.0245251281   0.0223686248  -0.0772574631   0.0057017820
       -0.0057953375   0.0020464330   0.0022316044   0.0003520022  -0.0004686090
        0.0004424333  -0.0004005178   0.0002633871   0.0000045670   0.0000210256
       -0.0000457551  -0.0000412536  -0.0000198685   0.0001005995   0.0001555746
       -0.0001327329   0.0001005069  -0.0109301097  -0.0036144529   0.0042097343
        0.0290799255   0.0102849181  -0.0139371021  -0.0058177519  -0.0018462078
        0.0022982542  -0.0037247444   0.0206037481  -0.2691580288  -0.0208505478
       -0.0858391156  -0.0884892754  -0.0216089721   0.0223810758  -0.0126245487
        0.0065137536  -0.0078197882   0.0034217123   0.0013968162  -0.0006903063
        0.0004904077   0.0000579910  -0.0000689128   0.0000296450  -0.0000634839
        0.0000315436  -0.0000089343  -0.0000364441  -0.0000195708  -0.0000091051
        0.0001958113  -0.0000212722  -0.0000592029  -0.0000036303   0.0000016562
       -0.0000140233   0.0000494109  -0.0000065282  -0.0000036521   0.0000282236
        0.0000024237  -0.0000391012   0.0000102437  -0.0000039079  -0.0000145733
       -0.0003658906  -0.0002043185   0.0002055555   0.0000095777   0.0000459123
       -0.0000761303
       -0.0278525963   0.0170081515  -0.0046341543  -0.1195659619   0.0581683034
       -0.0245251281   0.4557802020   0.0101654069   0.0121821979  -0.1569751097
       -0.0246381198   0.0417879818  -0.0255837379   0.0021623466   0.0075513809
       -0.0020603410   0.0031067537  -0.0005905384  -0.0000149757  -0.0000614354
       -0.0000246467  -0.0004638950  -0.0020947848  -0.0011399098  -0.0156213470
       -0.0087716444   0.0026698589   0.0008086828   0.0010269149  -0.0001436610
        0.0010406704   0.0004426782  -0.0008314078  -0.0057326804  -0.0009071819
        0.0015288698  -0.0033793648   0.0034835149  -0.0038777094   0.0028347927
       -0.0005385164   0.0014092169  -0.0429272782  -0.0004680080  -0.0132706543
       -0.0581572644  -0.0563312208  -0.0229986343  -0.0025089645  -0.0008165559
        0.0032321723   0.0005542731  -0.0008025745   0.0005241992   0.0007217656
       -0.0011057901  -0.0000442853  -0.0000509037   0.0000570638  -0.0001075245
       -0.0010731964  -0.0001678108   0.0003569527  -0.0000521498  -0.0000185268
        0.0000595436   0.0001379189   0.0000076184  -0.0000762698  -0.0000730708
       -0.0000336217  -0.0000889379  -0.0006455099  -0.0001020660   0.0002572378
        0.0003675913   0.0006481367   0.0002152152   0.0004924507   0.0005809684
        0.0005786344
       -0.0011956745   0.0037365730  -0.0018692902   0.0605478124  -0.1275170965
        0.0223686248   0.0101654069   0.4981103758   0.0182808302  -0.0270703089
       -0.0682277332   0.0108864367   0.0191747845   0.0013833797  -0.0072014092
        0.0031129784  -0.0031258646   0.0005583313   0.0000329527  -0.0001467128
       -0.0000945977  -0.0021971941  -0.0039279551  -0.0020782850  -0.0231499966
       -0.0081983742   0.0065506442  -0.0014544095   0.0009314620   0.0000430396
       -0.0005229214   0.0003079687  -0.0001389531  -0.0021104337   0.0003446777
        0.0003851699   0.0044825291  -0.0036723557   0.0042492952   0.0195481291
       -0.0244787968   0.0058029508  -0.0003328802  -0.0454843524   0.0103508360
       -0.0565676585  -0.2206076381  -0.0716960076  -0.0047695661  -0.0005226956
        0.0035135831   0.0003508345   0.0004426641  -0.0004911574   0.0016692920
        0.0004029012  -0.0002984973  -0.0000288648  -0.0000538770   0.0000042504
        0.0013602615  -0.0000020486  -0.0003919226   0.0000020789  -0.0000584231
        0.0000209662   0.0000758271   0.0000755578   0.0000108465   0.0000557497
       -0.0000278200  -0.0001168939  -0.0013631717  -0.0004355699   0.0002995629
        0.0000881362   0.0002295195   0.0005022278   0.0000963069   0.0005222342
        0.0005494185
        0.0057048529  -0.0047617066   0.0022616161  -0.0253776833   0.0225021037
       -0.0772574631   0.0121821979   0.0182808302   0.5235687563   0.0411497736
        0.0101739158  -0.0856076992  -0.0013484539  -0.0009991544   0.0014604164
       -0.0004151036   0.0004004591   0.0003065751   0.0001605712   0.0000084199
        0.0000178798  -0.0011003421  -0.0018867279  -0.0006704301  -0.0088046045
       -0.0018704220   0.0038402274  -0.0002829567  -0.0000566310   0.0000530407
        0.0010536066  -0.0005623844   0.0006251868   0.0022965859   0.0002061569
        0.0000806373  -0.0215373652   0.0221130625  -0.0126111245   0.0076919120
       -0.0083998771   0.0033337553  -0.0125013801   0.0103438503  -0.2685026742
       -0.0232841709  -0.0727421991  -0.0761942865   0.0275185698   0.0077723875
       -0.0166817240  -0.0010076859   0.0003470254   0.0005462824   0.0001730594
       -0.0000401305  -0.0000156888  -0.0000861031  -0.0000118583   0.0001449370
       -0.0001363754   0.0000001249   0.0001903727  -0.0000351312   0.0000034935
       -0.0000604425  -0.0000261456   0.0000010584   0.0000018645  -0.0000150229
       -0.0000699341   0.0000712117  -0.0006163774  -0.0002884177   0.0002782938
       -0.0000232969   0.0002021645   0.0002911091  -0.0013329306  -0.0006656097
        0.0005293705
       -0.0024317079   0.0027860244  -0.0008051699  -0.0241514001   0.0002797871
        0.0057017820  -0.1569751097  -0.0270703089   0.0411497736   0.4683452737
        0.0045151795   0.0073384510  -0.1043394453   0.0583929462  -0.0125874767
       -0.0246425050   0.0197718391  -0.0004678934   0.0029260342   0.0005824925
       -0.0005656393  -0.0168711927  -0.0231567193  -0.0089367827  -0.0795449183
       -0.0366556725  -0.0230028471   0.0001251916   0.0002089847   0.0000289680
       -0.0000731243   0.0000688059  -0.0001939030  -0.0009839820  -0.0002828043
        0.0003509143   0.0007679671  -0.0007075995   0.0006760383   0.0005974429
       -0.0005333520   0.0001482233  -0.0020862096  -0.0008444105   0.0039752731
       -0.0134547073  -0.0070846171   0.0039544224  -0.0436972792   0.0029412962
       -0.0190158063  -0.0036139202   0.0049821495  -0.0034522775   0.0048567069
       -0.0061607471   0.0011721680   0.0009245752   0.0002898054  -0.0008424798
       -0.0053713225  -0.0004304806   0.0018841284  -0.0003120433  -0.0000033970
       -0.0002345448   0.0004688210   0.0000766188   0.0000172829   0.0007886550
        0.0001548956  -0.0008128354  -0.0052902326  -0.0019616830   0.0015893780
        0.0059899007   0.0133727831   0.0068854957  -0.0019514682  -0.0035318161
       -0.0039546429
        0.0028410905  -0.0022786771   0.0006964454   0.0162138131   0.0041114066
       -0.0057953375  -0.0246381198  -0.0682277332   0.0101739158   0.0045151795
        0.4682764045  -0.0131834897   0.0568339388  -0.1387577627   0.0149025648
        0.0037619403   0.0029358555  -0.0018716761   0.0005652602  -0.0000475607
       -0.0001865221  -0.0106058297  -0.0080911195  -0.0013935568  -0.0361475767
       -0.1433926078  -0.0444478127  -0.0000296877  -0.0000502738   0.0000725457
       -0.0000386323  -0.0000480295  -0.0000144543   0.0011474774   0.0002616742
       -0.0001877753   0.0003777621   0.0004138234  -0.0003864406   0.0000059877
       -0.0000355954  -0.0003437358  -0.0025599544  -0.0003852332   0.0022963319
       -0.0247677929  -0.0102379176   0.0088662495   0.0027471412  -0.0489786924
        0.0364778599   0.0061678240  -0.0075116810   0.0049197963   0.0140525224
       -0.0257201274   0.0021873794  -0.0007574754   0.0004062361   0.0001094254
       -0.0016701518   0.0008014194   0.0004810742  -0.0000373673   0.0000360775
        0.0000214824   0.0001004163  -0.0002208836  -0.0000277175   0.0004806041
        0.0002870385  -0.0003608790  -0.0010267989   0.0005501308   0.0004219773
       -0.0074039717  -0.0255555028  -0.0118114872  -0.0001275993   0.0014593309
       -0.0016161634
       -0.0012574958   0.0009700816  -0.0000958037  -0.0035087140  -0.0020693082
        0.0020464330   0.0417879818   0.0108864367  -0.0856076992   0.0073384510
       -0.0131834897   0.5336356085  -0.0133665361   0.0155170200  -0.0714005988
        0.0067691303  -0.0073692033   0.0016374821  -0.0006642741  -0.0001836761
        0.0003252594   0.0019962797   0.0064425335   0.0046941534  -0.0228714218
       -0.0444254215  -0.0943273538   0.0000404563  -0.0000489488  -0.0000252586
        0.0000135921   0.0000107459   0.0000268222  -0.0005369342   0.0000303262
        0.0002567140  -0.0016613253   0.0002194130   0.0003879209   0.0000064356
       -0.0001952064   0.0000401826   0.0280082945   0.0078926581  -0.0173895971
       -0.0084687739  -0.0030843746   0.0040847066  -0.0184940653   0.0367441896
       -0.2526336639  -0.0187382527   0.0247436963  -0.0089643205   0.0075601996
       -0.0119739031   0.0017520986   0.0010854562  -0.0007659703   0.0001763686
        0.0026792997   0.0001982898  -0.0002979993  -0.0001001451   0.0000396244
       -0.0002366912   0.0000507749  -0.0000233269  -0.0000949095   0.0010844400
        0.0010731644   0.0004331020   0.0027057807   0.0009686742  -0.0001585221
        0.0014905392   0.0022993750   0.0018404832  -0.0129491733  -0.0247133998
       -0.0201049177
       -0.0010252375   0.0009395463  -0.0002464683  -0.0042683881  -0.0009112351
        0.0022316044  -0.0255837379   0.0191747845  -0.0013484539  -0.1043394453
        0.0568339388  -0.0133665361   0.4622318213   0.0259963455   0.0153067387
       -0.1701002520  -0.0213222364   0.0455958249  -0.0175899287  -0.0110130180
        0.0021599278   0.0002048026   0.0012266886   0.0003315204   0.0055199493
       -0.0040656339   0.0018238812   0.0000414845   0.0000641248   0.0000008420
        0.0000157767   0.0000221771  -0.0000597234  -0.0004254912  -0.0001180430
        0.0001160442  -0.0000067035  -0.0000741764   0.0001373426  -0.0001743258
        0.0000870994  -0.0000810500   0.0005475409   0.0003296369  -0.0006016554
        0.0001955029   0.0017536973  -0.0000815917  -0.0035504762   0.0057510916
       -0.0026243779  -0.0436556179   0.0023082535  -0.0191654456  -0.0735529813
       -0.0697332286  -0.0406391874  -0.0018017432  -0.0012519092   0.0035275430
       -0.0228247391  -0.0010625001   0.0084664484   0.0005025799   0.0005421228
        0.0005175527  -0.0006644771  -0.0024277503  -0.0010714679   0.0000321940
       -0.0001419719   0.0000716294  -0.0000048474   0.0001915862   0.0000068231
       -0.0000782208  -0.0026137715  -0.0010113484   0.0003549612  -0.0004856188
        0.0000035833
       -0.0001721425   0.0001903443  -0.0000772643  -0.0011558302   0.0001640584
        0.0003520022   0.0021623466   0.0013833797  -0.0009991544   0.0583929462
       -0.1387577627   0.0155170200   0.0259963455   0.4958844543   0.0141449213
       -0.0237269204  -0.0694978683   0.0106752456  -0.0242550248  -0.0087622055
        0.0065114218   0.0010533351   0.0023538774   0.0007156427   0.0123894210
       -0.0295808086  -0.0009854627  -0.0000105484  -0.0000415134  -0.0000212453
        0.0000404958  -0.0000015758   0.0000208588  -0.0001549013   0.0000314471
       -0.0000048379   0.0000382517  -0.0000117305  -0.0001044778  -0.0000106736
       -0.0000263290  -0.0000009378  -0.0006550007   0.0002389188   0.0000576437
       -0.0016546550   0.0009092534   0.0003455025   0.0063497072  -0.0077833362
        0.0041775756   0.0025304819  -0.0527740394   0.0394236370  -0.0694388425
       -0.1886470937  -0.0830750582  -0.0052882519  -0.0009068285   0.0037425702
        0.0217080387   0.0030581596  -0.0082931906   0.0002164159   0.0005759458
        0.0007088637  -0.0031604731  -0.0042002898  -0.0018293482  -0.0001064401
       -0.0002685387   0.0002243760   0.0001663321   0.0003985928   0.0000253916
       -0.0016861692  -0.0048717893  -0.0021882940   0.0004317560   0.0009432775
        0.0009365983
        0.0003635230  -0.0003359763   0.0002483412   0.0015157971   0.0004266379
       -0.0004686090   0.0075513809  -0.0072014092   0.0014604164  -0.0125874767
        0.0149025648  -0.0714005988   0.0153067387   0.0141449213   0.5280461862
        0.0455637240   0.0100762164  -0.0877904743  -0.0091518335  -0.0016315650
        0.0048785160   0.0003788850   0.0007025423   0.0004168205   0.0064609363
       -0.0106247657   0.0016632872  -0.0000394043  -0.0000092777   0.0000126146
       -0.0000343610  -0.0000293212   0.0000051635   0.0001755210   0.0000114348
       -0.0000358779   0.0000762239   0.0000002813   0.0000959058  -0.0000574888
       -0.0001168264  -0.0000462061   0.0007952501  -0.0005363598   0.0001920558
       -0.0004555919  -0.0002465586   0.0003422637  -0.0184030263   0.0244948551
       -0.0084399733  -0.0194607859   0.0399888450  -0.2605281821  -0.0408338157
       -0.0831763126  -0.0937391808   0.0286257200   0.0071002308  -0.0165346552
       -0.0026969873  -0.0005897276   0.0017111410  -0.0011580274  -0.0005776525
        0.0006275864  -0.0017352967  -0.0026398304  -0.0003708548  -0.0000244463
        0.0000144115  -0.0001465400   0.0000088641   0.0000388185  -0.0000683314
       -0.0007605194  -0.0030102303  -0.0005399941   0.0005764971  -0.0011759464
        0.0004091795
       -0.0001973128   0.0001742745  -0.0000648192  -0.0008460334  -0.0001287585
        0.0004424333  -0.0020603410   0.0031129784  -0.0004151036  -0.0246425050
        0.0037619403   0.0067691303  -0.1701002520  -0.0237269204   0.0455637240
        0.4759916455  -0.0350914347   0.0107346416  -0.0845689025  -0.0404803112
       -0.0230580349   0.0064524814   0.0124384864   0.0064273097   0.0009201395
       -0.0014834642  -0.0000275041   0.0000320155   0.0000308525   0.0000035724
        0.0000181191   0.0000155745  -0.0000444269  -0.0000553582  -0.0000320928
        0.0000279381   0.0000029743  -0.0000256355   0.0000530055  -0.0000413583
       -0.0000240994  -0.0000280916  -0.0001136038   0.0000137618  -0.0000643597
        0.0002111694   0.0001706111  -0.0000389145   0.0005621492  -0.0006659497
        0.0005015549  -0.0016674385  -0.0005898253   0.0034171237  -0.0158388975
       -0.0060697798   0.0050555404  -0.0446787864   0.0049118994  -0.0179883633
       -0.1224994940   0.1078488352  -0.0228167462  -0.0015919957  -0.0042584795
       -0.0037461071  -0.0142124046  -0.0241016825  -0.0112381242   0.0003908705
        0.0002390232   0.0004247733  -0.0015047146   0.0040633044   0.0000161502
        0.0000851396  -0.0002438505  -0.0000864489  -0.0000473054   0.0001407424
        0.0001801471
        0.0002527100  -0.0002095310   0.0000619473   0.0010609315   0.0003072242
       -0.0004005178   0.0031067537  -0.0031258646   0.0004004591   0.0197718391
        0.0029358555  -0.0073692033  -0.0213222364  -0.0694978683   0.0100762164
       -0.0350914347   0.4992141149  -0.0172659463  -0.0420439809  -0.1499609443
       -0.0466189867  -0.0036964121  -0.0301850824  -0.0105893092  -0.0017179056
        0.0017865266   0.0000817755  -0.0000158889  -0.0000106333   0.0000047221
       -0.0000190937  -0.0000067501   0.0000103168   0.0001030144   0.0000131405
       -0.0000175878  -0.0000316895   0.0000410731  -0.0000063694  -0.0000272569
        0.0000300167  -0.0000216993   0.0000315159   0.0000199558  -0.0000523022
        0.0000124675  -0.0000584529   0.0000898247   0.0002908631   0.0004495078
       -0.0004916144  -0.0059506645  -0.0008143148   0.0035753632  -0.0239619623
       -0.0069583999   0.0081543115   0.0049054369  -0.0503288503   0.0360565335
        0.1079979100  -0.1829642430   0.0302947705   0.0002654830   0.0011834271
       -0.0017213508  -0.0063844248  -0.0082325093  -0.0037520674  -0.0006118799
        0.0007055325  -0.0006462201   0.0031307742  -0.0044472934   0.0002243579
       -0.0001983001   0.0002426981   0.0001029376   0.0001434310  -0.0001283351
       -0.0001803614
       -0.0000493777   0.0000498817  -0.0000126117  -0.0001478307  -0.0000136668
        0.0002633871  -0.0005905384   0.0005583313   0.0003065751  -0.0004678934
       -0.0018716761   0.0016374821   0.0455958249   0.0106752456  -0.0877904743
        0.0107346416  -0.0172659463   0.5181828581  -0.0235121106  -0.0467338097
       -0.0947011586   0.0020764225  -0.0009682915   0.0017939487  -0.0001671466
        0.0000398760   0.0001710183   0.0000006948  -0.0000241247  -0.0000053517
        0.0000010840   0.0000029266  -0.0000008583  -0.0000434760   0.0000142937
        0.0000017245   0.0000142595  -0.0000162523  -0.0000205227   0.0000214388
        0.0000011230  -0.0000043893  -0.0000749828   0.0000434897   0.0000923281
       -0.0000142820  -0.0000231923  -0.0000748130  -0.0012442319   0.0003190653
        0.0004364813   0.0285519073   0.0068711422  -0.0167139128  -0.0111494917
       -0.0032336924   0.0045992245  -0.0178388435   0.0359803554  -0.2628236951
       -0.0228580027   0.0302984575  -0.0519611126  -0.0129180350  -0.0254349861
       -0.0189308807   0.0045756639   0.0083615209   0.0046372483   0.0000133597
        0.0013532610   0.0005794076  -0.0004910923   0.0009264094   0.0006298490
       -0.0000728768   0.0001205452  -0.0000480836   0.0000549151  -0.0000302865
       -0.0002436684
        0.0000216437  -0.0000703108  -0.0000075310  -0.0000313975   0.0000529526
        0.0000045670  -0.0000149757   0.0000329527   0.0001605712   0.0029260342
        0.0005652602  -0.0006642741  -0.0175899287  -0.0242550248  -0.0091518335
       -0.0845689025  -0.0420439809  -0.0235121106   0.5136891697   0.0117840845
       -0.0165833614  -0.1127440916   0.0631746660  -0.0120018414  -0.0258345104
        0.0207829488  -0.0002921150  -0.0000067830  -0.0000030117   0.0000042829
        0.0000034041   0.0000086907  -0.0000194774   0.0000359860  -0.0000092073
        0.0000045670  -0.0000184590  -0.0000030968   0.0000183840   0.0000397684
       -0.0000255007  -0.0000332054  -0.0000023243   0.0000248978  -0.0000784069
        0.0001190960   0.0000813469   0.0000185102  -0.0003221229  -0.0000026705
       -0.0002428374   0.0007724532   0.0001247588  -0.0008032169  -0.0055880598
       -0.0021150034   0.0016789468  -0.0016286155  -0.0034977601  -0.0038709971
        0.0060821525   0.0137586116   0.0066830654  -0.0482444156   0.0034960703
       -0.0231085870  -0.2241976712  -0.0405359524   0.0828531523  -0.0036033188
        0.0051309704  -0.0032934162   0.0055816039  -0.0063958106   0.0010007556
       -0.0057761237  -0.0003540998   0.0020506198   0.0009003885   0.0002932187
       -0.0008142111
        0.0000167223   0.0000033095   0.0000073896   0.0000127029  -0.0000167480
        0.0000210256  -0.0000614354  -0.0001467128   0.0000084199   0.0005824925
       -0.0000475607  -0.0001836761  -0.0110130180  -0.0087622055  -0.0016315650
       -0.0404803112  -0.1499609443  -0.0467338097   0.0117840845   0.4552011883
       -0.0168529904   0.0615319240  -0.1452710798   0.0158578221   0.0040667623
        0.0027334818  -0.0020144311   0.0000061408  -0.0000065655  -0.0000055372
       -0.0000021972   0.0000020058   0.0000030122   0.0000057983   0.0000036361
        0.0000000411   0.0000085911  -0.0000012421  -0.0000063386   0.0000376820
       -0.0000064667  -0.0000071355  -0.0000086368   0.0000372704   0.0000025877
       -0.0000543678   0.0000170413   0.0000038084  -0.0000432162   0.0000660419
        0.0000104345   0.0004141870   0.0002907008  -0.0003387378  -0.0013328512
        0.0004798043   0.0005237945  -0.0003421437   0.0011002090  -0.0015862114
       -0.0081782791  -0.0256506470  -0.0118775735   0.0035037646  -0.0485407017
        0.0384408758  -0.0405281601  -0.0498528518   0.0193944834   0.0067446447
       -0.0078500033   0.0043702442   0.0153855569  -0.0251809022   0.0021267793
       -0.0014287766   0.0009180318   0.0004005761  -0.0006276606   0.0004419104
        0.0000667117
        0.0000158928  -0.0000046082   0.0000213396   0.0000561067   0.0000609708
       -0.0000457551  -0.0000246467  -0.0000945977   0.0000178798  -0.0005656393
       -0.0001865221   0.0003252594   0.0021599278   0.0065114218   0.0048785160
       -0.0230580349  -0.0466189867  -0.0947011586  -0.0165833614  -0.0168529904
        0.5271875794  -0.0120840280   0.0157853202  -0.0712750645   0.0072314567
       -0.0075787448   0.0017561380   0.0000011296   0.0000069954  -0.0000012089
        0.0000042412   0.0000029236  -0.0000151269   0.0000178334  -0.0000064107
       -0.0000004530  -0.0000116919   0.0000117730  -0.0000264345  -0.0000372562
       -0.0000011695   0.0000104033   0.0000346809  -0.0000030054  -0.0000406913
       -0.0000270194   0.0000096304  -0.0000151138  -0.0000562649   0.0000410463
       -0.0001616275   0.0008975383   0.0009824059   0.0006374808   0.0026495247
        0.0009864035  -0.0000296409  -0.0134520843  -0.0253642022  -0.0188857354
        0.0011856905   0.0022175016   0.0017672869  -0.0231799038   0.0384467299
       -0.2614980259   0.0827743439   0.0193685568  -0.0837790175  -0.0191141892
        0.0247383654  -0.0080055348   0.0075182292  -0.0118223481   0.0017264752
        0.0027202251   0.0001416281  -0.0002245918   0.0009272993  -0.0007780868
        0.0003768219
       -0.0000196075  -0.0000669156  -0.0000120263   0.0000967836   0.0000032313
       -0.0000412536  -0.0004638950  -0.0021971941  -0.0011003421  -0.0168711927
       -0.0106058297   0.0019962797   0.0002048026   0.0010533351   0.0003788850
        0.0064524814  -0.0036964121   0.0020764225  -0.1127440916   0.0615319240
       -0.0120840280   0.4608363644   0.0203044242   0.0175390157  -0.1696089775
       -0.0215285412   0.0455467145  -0.0000147732   0.0000274690   0.0000277191
        0.0000171456   0.0000091938  -0.0000576748   0.0000242199  -0.0000242138
        0.0000119408  -0.0000649877  -0.0000583392   0.0000467750   0.0001333905
       -0.0000056931  -0.0000204359   0.0000014196  -0.0000242931  -0.0001908878
       -0.0007048857  -0.0001189836   0.0002677611   0.0003991494   0.0004634092
        0.0005602140   0.0000261730  -0.0001308021   0.0000721319   0.0000036336
        0.0001731549   0.0000088903   0.0003419253  -0.0004725232   0.0000953972
        0.0001063178  -0.0027769881  -0.0009782415  -0.0035673382   0.0057592508
       -0.0029426598  -0.0215678281   0.0226611300  -0.0025599345  -0.0439128165
        0.0023024755  -0.0192981247  -0.0744036697  -0.0703111339  -0.0411032430
       -0.0230728094  -0.0010216400   0.0085395008  -0.0016269339  -0.0012494948
        0.0032212044
       -0.0000299686   0.0001273958   0.0000186729   0.0002333635  -0.0000505576
       -0.0000198685  -0.0020947848  -0.0039279551  -0.0018867279  -0.0231567193
       -0.0080911195   0.0064425335   0.0012266886   0.0023538774   0.0007025423
        0.0124384864  -0.0301850824  -0.0009682915   0.0631746660  -0.1452710798
        0.0157853202   0.0203044242   0.5031097916   0.0129647754  -0.0238243402
       -0.0692526554   0.0107034973   0.0000681533   0.0000424413   0.0000030713
        0.0000163614  -0.0000034379  -0.0000139108  -0.0000105832   0.0000136540
        0.0000035910  -0.0000023215  -0.0000027217  -0.0000063062  -0.0001717532
        0.0000605073   0.0000967864   0.0000903105  -0.0000417341  -0.0001062549
       -0.0013019679  -0.0005590929   0.0002988577   0.0001168901   0.0005232262
        0.0006306945  -0.0001015275  -0.0002936384   0.0002209572   0.0001178351
        0.0003899391   0.0000352340   0.0003777419   0.0009427247   0.0008590284
       -0.0017473253  -0.0048311781  -0.0022138218   0.0060079287  -0.0078625496
        0.0045652023  -0.0001320202   0.0021616804  -0.0004471997   0.0022612372
       -0.0529865455   0.0407329260  -0.0704251315  -0.1882332670  -0.0839174779
        0.0220003324   0.0028216255  -0.0082759721  -0.0054359759  -0.0009542483
        0.0037921409
       -0.0000178237   0.0000445441  -0.0000115619  -0.0000106252  -0.0001727681
        0.0001005995  -0.0011399098  -0.0020782850  -0.0006704301  -0.0089367827
       -0.0013935568   0.0046941534   0.0003315204   0.0007156427   0.0004168205
        0.0064273097  -0.0105893092   0.0017939487  -0.0120018414   0.0158578221
       -0.0712750645   0.0175390157   0.0129647754   0.5288337963   0.0447506820
        0.0100905206  -0.0876501956   0.0000221453  -0.0000064873   0.0000023168
        0.0000011879  -0.0000084130  -0.0000034444  -0.0000309613   0.0000318809
       -0.0000012303  -0.0000023639   0.0000009050  -0.0000507212   0.0000371460
        0.0000785796  -0.0000114631   0.0000025616  -0.0000486220   0.0000505838
       -0.0006123164  -0.0003528739   0.0002944091  -0.0011364402  -0.0006574297
        0.0004425408  -0.0000094461   0.0000276202  -0.0001480907  -0.0000302319
        0.0000197849  -0.0000902582   0.0005458526  -0.0011272686   0.0003887095
       -0.0008977480  -0.0029854024  -0.0005455679  -0.0188988817   0.0248740495
       -0.0078945910   0.0083721084  -0.0089250931   0.0016197740  -0.0191305656
        0.0408861389  -0.2608278865  -0.0411799687  -0.0839522008  -0.0946910972
       -0.0025631076  -0.0004612425   0.0017104109   0.0285694845   0.0071666885
       -0.0164764607
        0.0000417479  -0.0000431641  -0.0001671979   0.0003624611   0.0001517354
        0.0001555746  -0.0156213470  -0.0231499966  -0.0088046045  -0.0795449183
       -0.0361475767  -0.0228714218   0.0055199493   0.0123894210   0.0064609363
        0.0009201395  -0.0017179056  -0.0001671466  -0.0258345104   0.0040667623
        0.0072314567  -0.1696089775  -0.0238243402   0.0447506820   0.4757213635
       -0.0381708742   0.0084705774  -0.0000737551   0.0000137710   0.0000776267
        0.0000292911  -0.0000224251  -0.0000551077  -0.0000862260   0.0000566108
        0.0000081122  -0.0002018433  -0.0000808510  -0.0001833426  -0.0012621130
       -0.0006109388   0.0000081819   0.0009734827   0.0001558245  -0.0011751621
       -0.0049526452  -0.0020788801   0.0014354573  -0.0015067932  -0.0043342649
       -0.0035815882   0.0004006438   0.0002382677   0.0003768834  -0.0016039000
        0.0039826463  -0.0000803583  -0.0000385132   0.0001471072   0.0001696346
        0.0000866691  -0.0002364021  -0.0000726189   0.0006797074  -0.0007015256
        0.0004604048  -0.0024932120   0.0033186408  -0.0002444523  -0.0017363427
       -0.0006998955   0.0036140063  -0.0159298626  -0.0062138598   0.0050989051
       -0.1199137155   0.1085666473  -0.0225276220  -0.0443267801   0.0049454661
       -0.0183878165
        0.0000346071  -0.0001359205   0.0000567880  -0.0001474652   0.0001080461
       -0.0001327329  -0.0087716444  -0.0081983742  -0.0018704220  -0.0366556725
       -0.1433926078  -0.0444254215  -0.0040656339  -0.0295808086  -0.0106247657
       -0.0014834642   0.0017865266   0.0000398760   0.0207829488   0.0027334818
       -0.0075787448  -0.0215285412  -0.0692526554   0.0100905206  -0.0381708742
        0.4970732892  -0.0216193723  -0.0000537565  -0.0000431562   0.0000044934
       -0.0000523758   0.0000013596  -0.0000194124   0.0000998021  -0.0000285095
        0.0000213170  -0.0000474598   0.0000130554   0.0000771630   0.0007110721
       -0.0000999505  -0.0002908530   0.0005906293   0.0003341908  -0.0005822977
       -0.0012777292  -0.0001728744   0.0001264339  -0.0001993475   0.0008422755
       -0.0011166863  -0.0007048255   0.0007431974  -0.0007488494   0.0028381449
       -0.0045924841   0.0001181051   0.0001511121  -0.0001046982  -0.0001917438
       -0.0001987436   0.0002544295   0.0001061102   0.0002464959   0.0005067236
       -0.0005894123   0.0042526652  -0.0033520835   0.0000815534  -0.0060637525
       -0.0009087434   0.0036528214  -0.0237218020  -0.0068795507   0.0082329864
        0.1085704793  -0.1866878020   0.0300366190   0.0048651314  -0.0509663564
        0.0371459265
        0.0000288026  -0.0000997079   0.0001036007  -0.0000508814   0.0002167280
        0.0001005069   0.0026698589   0.0065506442   0.0038402274  -0.0230028471
       -0.0444478127  -0.0943273538   0.0018238812  -0.0009854627   0.0016632872
       -0.0000275041   0.0000817755   0.0001710183  -0.0002921150  -0.0020144311
        0.0017561380   0.0455467145   0.0107034973  -0.0876501956   0.0084705774
       -0.0216193723   0.5156883675   0.0000197023   0.0000231931  -0.0000218176
       -0.0000098785   0.0000190475  -0.0000181060   0.0000557664  -0.0000213082
       -0.0000059708   0.0000502848   0.0000065144  -0.0000238247  -0.0001354852
        0.0000375730   0.0000853455   0.0010734254   0.0010928651   0.0008271435
        0.0024578480   0.0013291843  -0.0000616411  -0.0124461071  -0.0249128485
       -0.0191802508   0.0000084046   0.0013963147   0.0005911900  -0.0002720820
        0.0009538421   0.0006306399   0.0000305532  -0.0000149977  -0.0002318676
       -0.0000729840   0.0000993754  -0.0000353288  -0.0012505010   0.0002258296
        0.0005352570  -0.0007668743   0.0007432690   0.0006053814   0.0284380403
        0.0070329988  -0.0165553555  -0.0111833062  -0.0031606563   0.0046757297
       -0.0225748338   0.0300739931  -0.0516728344  -0.0185884598   0.0366899524
       -0.2614892865
       -0.0560203914  -0.0482475318  -0.0248061003  -0.0110559884  -0.0261445445
       -0.0109301097   0.0008086828  -0.0014544095  -0.0002829567   0.0001251916
       -0.0000296877   0.0000404563   0.0000414845  -0.0000105484  -0.0000394043
        0.0000320155  -0.0000158889   0.0000006948  -0.0000067830   0.0000061408
        0.0000011296  -0.0000147732   0.0000681533   0.0000221453  -0.0000737551
       -0.0000537565   0.0000197023   0.0665376816   0.0584459242   0.0272648792
        0.0004687234  -0.0013315179  -0.0016946333   0.0043295736   0.0201604854
        0.0089718881   0.0008907409   0.0001678092  -0.0005552794  -0.0056552227
       -0.0026160691   0.0017783822  -0.0000152568   0.0000333613  -0.0000029922
       -0.0005623585   0.0007837242   0.0002337138   0.0000373265  -0.0000441716
       -0.0000447775  -0.0000020922  -0.0000054290  -0.0000131838  -0.0000259293
        0.0000825310   0.0000377224   0.0000032455  -0.0000066851   0.0000026424
        0.0000140663   0.0000163698  -0.0000083945   0.0000029363   0.0000013955
       -0.0000008293  -0.0000017784   0.0000161585   0.0000054630   0.0000056826
       -0.0000044172  -0.0000104659   0.0000353530   0.0000249697   0.0000025995
        0.0000640488   0.0001485519  -0.0000295993   0.0000375762   0.0000090823
        0.0000373074
       -0.0477291912  -0.2252134957  -0.0892659750  -0.0072450286  -0.0118132020
       -0.0036144529   0.0010269149   0.0009314620  -0.0000566310   0.0002089847
       -0.0000502738  -0.0000489488   0.0000641248  -0.0000415134  -0.0000092777
        0.0000308525  -0.0000106333  -0.0000241247  -0.0000030117  -0.0000065655
        0.0000069954   0.0000274690   0.0000424413  -0.0000064873   0.0000137710
       -0.0000431562   0.0000231931   0.0584459242   0.2605502973   0.1038196232
        0.0004077574   0.0009576372  -0.0011585296  -0.0027522131  -0.0257569715
       -0.0110072835   0.0003985009   0.0001224643   0.0000186260  -0.0027319746
       -0.0002827209   0.0012120872  -0.0000455962  -0.0001390632  -0.0000002826
       -0.0001577047   0.0005844225   0.0000387140  -0.0000058349  -0.0000369343
        0.0000311503  -0.0000051557  -0.0000028690  -0.0000078335  -0.0000012846
        0.0000766955   0.0000239185  -0.0000011345  -0.0000080563   0.0000175561
       -0.0000079289   0.0000253965  -0.0000018805   0.0000038738   0.0000042458
       -0.0000058546  -0.0000231655   0.0000061496   0.0000075726  -0.0000039264
       -0.0000076103   0.0000098636   0.0000166195   0.0000078376   0.0000007949
        0.0000411901   0.0001002035  -0.0000338037   0.0000271679   0.0000038125
        0.0000312705
       -0.0248468949  -0.0892062301  -0.0895577667   0.0018509075   0.0071876861
        0.0042097343  -0.0001436610   0.0000430396   0.0000530407   0.0000289680
        0.0000725457  -0.0000252586   0.0000008420  -0.0000212453   0.0000126146
        0.0000035724   0.0000047221  -0.0000053517   0.0000042829  -0.0000055372
       -0.0000012089   0.0000277191   0.0000030713   0.0000023168   0.0000776267
        0.0000044934  -0.0000218176   0.0272648792   0.1038196232   0.0999239123
       -0.0075355473  -0.0303815837  -0.0194397142   0.0013552524   0.0066528349
        0.0036291971   0.0001777893   0.0007170091   0.0006524741   0.0019874199
        0.0010105506   0.0005444816  -0.0000150330  -0.0001497490  -0.0002238206
       -0.0002381542   0.0001815413   0.0002556815   0.0000293883   0.0000343297
        0.0000082776  -0.0000179791  -0.0000013971  -0.0000274594  -0.0000009475
        0.0000241711   0.0000284666   0.0000092814   0.0000041189   0.0000006903
       -0.0000045341   0.0000081274  -0.0000011408  -0.0000017030  -0.0000012128
       -0.0000053001  -0.0000033844   0.0000038715   0.0000008965  -0.0000038239
        0.0000013665   0.0000116221   0.0000055278   0.0000037144  -0.0000034201
       -0.0000241349   0.0000034735  -0.0000137874   0.0000123403  -0.0000133351
       -0.0000073601
       -0.0428022096   0.0004817066  -0.0012994994  -0.0033239760  -0.0039505675
        0.0290799255   0.0010406704  -0.0005229214   0.0010536066  -0.0000731243
       -0.0000386323   0.0000135921   0.0000157767   0.0000404958  -0.0000343610
        0.0000181191  -0.0000190937   0.0000010840   0.0000034041  -0.0000021972
        0.0000042412   0.0000171456   0.0000163614   0.0000011879   0.0000292911
       -0.0000523758  -0.0000098785   0.0004687234   0.0004077574  -0.0075355473
        0.0507611751   0.0009960950  -0.0005462198  -0.0011974071   0.0039133155
       -0.0230649039  -0.0053472237  -0.0019796927   0.0028872954   0.0008498900
        0.0004522427   0.0001868807  -0.0005181393   0.0000806291  -0.0004068654
       -0.0000341991   0.0000584089  -0.0000351711   0.0000972462   0.0000286221
       -0.0001857665  -0.0000409870   0.0000217981  -0.0000345238   0.0000053075
       -0.0000109535   0.0000043813   0.0000213140   0.0000003235  -0.0000231782
        0.0000132404   0.0000046118  -0.0000094289  -0.0000127914   0.0000036027
       -0.0000112644   0.0000110987   0.0000029087  -0.0000055615   0.0000323989
        0.0000086724  -0.0000319529   0.0000137321   0.0000047575  -0.0000076850
        0.0000153687   0.0000444803   0.0000568692  -0.0000638445   0.0000096446
       -0.0000472562
        0.0007192208  -0.0483931065   0.0255396889  -0.0015499138  -0.0011150865
        0.0102849181   0.0004426782   0.0003079687  -0.0005623844   0.0000688059
       -0.0000480295   0.0000107459   0.0000221771  -0.0000015758  -0.0000293212
        0.0000155745  -0.0000067501   0.0000029266   0.0000086907   0.0000020058
        0.0000029236   0.0000091938  -0.0000034379  -0.0000084130  -0.0000224251
        0.0000013596   0.0000190475  -0.0013315179   0.0009576372  -0.0303815837
        0.0009960950   0.0521249015  -0.0311611500   0.0026060771  -0.0039276584
        0.0247482006  -0.0021608107   0.0000145739   0.0010651122   0.0001487320
        0.0000519286   0.0006643582   0.0000939861   0.0002169866   0.0000016019
       -0.0000681474  -0.0001307347  -0.0001893230   0.0000306545  -0.0000467113
       -0.0000058878   0.0000089233   0.0000102679   0.0000026600  -0.0000020468
       -0.0000131348  -0.0000115535  -0.0000021474  -0.0000068118   0.0000016802
       -0.0000043578   0.0000029985  -0.0000038537  -0.0000016996   0.0000044266
       -0.0000055911  -0.0000040892  -0.0000072713   0.0000004867   0.0000134822
        0.0000003119  -0.0000081626  -0.0000106016  -0.0000120466  -0.0000030684
       -0.0000001706  -0.0000067568   0.0000491845  -0.0000263633   0.0000237452
       -0.0000232424
       -0.0017258363   0.0254945595  -0.2799482045   0.0048219559   0.0030301931
       -0.0139371021  -0.0008314078  -0.0001389531   0.0006251868  -0.0001939030
       -0.0000144543   0.0000268222  -0.0000597234   0.0000208588   0.0000051635
       -0.0000444269   0.0000103168  -0.0000008583  -0.0000194774   0.0000030122
       -0.0000151269  -0.0000576748  -0.0000139108  -0.0000034444  -0.0000551077
       -0.0000194124  -0.0000181060  -0.0016946333  -0.0011585296  -0.0194397142
       -0.0005462198  -0.0311611500   0.3242546657  -0.0024845764   0.0030402107
       -0.0126835633   0.0028905376   0.0012753383  -0.0000605489  -0.0004845432
       -0.0000166957   0.0006270073   0.0005134212  -0.0001829832   0.0005707933
        0.0000527987  -0.0001185410  -0.0002907006  -0.0001717429  -0.0000022015
        0.0001207179   0.0000457666  -0.0000299182   0.0000729061  -0.0000032233
       -0.0000045481  -0.0000255192  -0.0000216409   0.0000032805   0.0000114827
        0.0000064681  -0.0000213351   0.0000095137   0.0000134926  -0.0000077561
        0.0000327120   0.0000077097   0.0000031260  -0.0000023878  -0.0000270320
       -0.0000076549   0.0000186354   0.0000008854   0.0000159712   0.0000163001
        0.0000148644   0.0000053776  -0.0000632714   0.0000532689  -0.0000042008
        0.0000966406
       -0.1524103514   0.1127445815  -0.0424476096  -0.0246420281   0.0184431714
       -0.0058177519  -0.0057326804  -0.0021104337   0.0022965859  -0.0009839820
        0.0011474774  -0.0005369342  -0.0004254912  -0.0001549013   0.0001755210
       -0.0000553582   0.0001030144  -0.0000434760   0.0000359860   0.0000057983
        0.0000178334   0.0000242199  -0.0000105832  -0.0000309613  -0.0000862260
        0.0000998021   0.0000557664   0.0043295736  -0.0027522131   0.0013552524
       -0.0011974071   0.0026060771  -0.0024845764   0.1795520192  -0.1301102949
        0.0476867755   0.0006690773   0.0003592193  -0.0001451605   0.0005107201
        0.0003315967  -0.0004023407   0.0002121852  -0.0001679258   0.0002491535
        0.0001298132  -0.0004435645   0.0000178606   0.0000629277   0.0000237471
       -0.0000241904   0.0000452490  -0.0000339564   0.0000298509   0.0000299707
       -0.0000605163  -0.0000101203   0.0000095791  -0.0000091511   0.0000062406
       -0.0000685989   0.0000141335   0.0000066532   0.0000207045   0.0000013240
       -0.0000032151  -0.0000356769  -0.0000197726   0.0000154510   0.0000043642
        0.0000154550   0.0000134250  -0.0000322706  -0.0000358132  -0.0000172095
       -0.0000133889   0.0000033391  -0.0000052355   0.0000470698   0.0000103893
        0.0000424119
        0.1125267005  -0.1580669104   0.0414621305  -0.0046035854   0.0051112093
       -0.0018462078  -0.0009071819   0.0003446777   0.0002061569  -0.0002828043
        0.0002616742   0.0000303262  -0.0001180430   0.0000314471   0.0000114348
       -0.0000320928   0.0000131405   0.0000142937  -0.0000092073   0.0000036361
       -0.0000064107  -0.0000242138   0.0000136540   0.0000318809   0.0000566108
       -0.0000285095  -0.0000213082   0.0201604854  -0.0257569715   0.0066528349
        0.0039133155  -0.0039276584   0.0030402107  -0.1301102949   0.1807061741
       -0.0491245175   0.0000091419   0.0001565216  -0.0003661001  -0.0003766774
        0.0006897879   0.0000280369  -0.0001504394   0.0000006696  -0.0001834575
       -0.0001451937   0.0003392120   0.0001453078   0.0000483139   0.0000051576
       -0.0000474683  -0.0000191815  -0.0000008116  -0.0000141261  -0.0000197126
        0.0000179023   0.0000211533   0.0000071479   0.0000051269  -0.0000179271
        0.0000097221  -0.0000091693   0.0000005941  -0.0000044114  -0.0000022237
        0.0000059382   0.0000251663   0.0000100920  -0.0000061932   0.0000056585
        0.0000043534  -0.0000200724   0.0000223351   0.0000251084   0.0000037837
        0.0000217366   0.0000551147  -0.0000039731  -0.0000032951  -0.0000024049
        0.0000036793
       -0.0422969568   0.0414618535  -0.0603753678   0.0065803358  -0.0056887073
        0.0022982542   0.0015288698   0.0003851699   0.0000806373   0.0003509143
       -0.0001877753   0.0002567140   0.0001160442  -0.0000048379  -0.0000358779
        0.0000279381  -0.0000175878   0.0000017245   0.0000045670   0.0000000411
       -0.0000004530   0.0000119408   0.0000035910  -0.0000012303   0.0000081122
        0.0000213170  -0.0000059708   0.0089718881  -0.0110072835   0.0036291971
       -0.0230649039   0.0247482006  -0.0126835633   0.0476867755  -0.0491245175
        0.0663672232   0.0003751410  -0.0004148525   0.0003113397  -0.0004121905
       -0.0001081210   0.0000475117   0.0002154474  -0.0000334026   0.0001391527
       -0.0000209373   0.0000118425  -0.0000990674  -0.0000663734  -0.0000283280
        0.0000547403   0.0000130647   0.0000036974  -0.0000030852  -0.0000090973
        0.0000094122  -0.0000003208  -0.0000070131  -0.0000043867   0.0000125637
        0.0000025522   0.0000026554  -0.0000027039   0.0000009370   0.0000016615
       -0.0000032622  -0.0000073851  -0.0000038454   0.0000021722  -0.0000031812
       -0.0000054745   0.0000108892  -0.0000064955  -0.0000076400  -0.0000014212
       -0.0000141373  -0.0000189158   0.0000057161   0.0000141431   0.0000062336
       -0.0000055121
       -0.0042953758  -0.0042165770   0.0290721536  -0.0411211675  -0.0003314624
       -0.0037247444  -0.0033793648   0.0044825291  -0.0215373652   0.0007679671
        0.0003777621  -0.0016613253  -0.0000067035   0.0000382517   0.0000762239
        0.0000029743  -0.0000316895   0.0000142595  -0.0000184590   0.0000085911
       -0.0000116919  -0.0000649877  -0.0000023215  -0.0000023639  -0.0002018433
       -0.0000474598   0.0000502848   0.0008907409   0.0003985009   0.0001777893
       -0.0053472237  -0.0021608107   0.0028905376   0.0006690773   0.0000091419
        0.0003751410   0.0539509051  -0.0010092725   0.0023510555   0.0009207629
       -0.0003272302  -0.0075084252  -0.0028916911   0.0034994966  -0.0016551510
        0.0004820076  -0.0005756891   0.0001714570  -0.0007131710   0.0001902047
        0.0005688940   0.0000958214  -0.0000937345   0.0001416355   0.0000268119
       -0.0000305619  -0.0000224033  -0.0000414509   0.0000025201   0.0000490193
        0.0000459487  -0.0000186271   0.0000119054   0.0000350808  -0.0000095719
        0.0000240121   0.0000096856  -0.0000144031   0.0000144077  -0.0000619786
       -0.0000248367   0.0000629519   0.0000477095   0.0000131808   0.0000225499
        0.0000440736  -0.0001440136  -0.0001474226   0.0001538501   0.0000180824
        0.0001966148
       -0.0017242453  -0.0006600239   0.0102883185  -0.0004036430  -0.0485352738
        0.0206037481   0.0034835149  -0.0036723557   0.0221130625  -0.0007075995
        0.0004138234   0.0002194130  -0.0000741764  -0.0000117305   0.0000002813
       -0.0000256355   0.0000410731  -0.0000162523  -0.0000030968  -0.0000012421
        0.0000117730  -0.0000583392  -0.0000027217   0.0000009050  -0.0000808510
        0.0000130554   0.0000065144   0.0001678092   0.0001224643   0.0007170091
       -0.0019796927   0.0000145739   0.0012753383   0.0003592193   0.0001565216
       -0.0004148525  -0.0010092725   0.0541650403  -0.0271572600  -0.0010988476
        0.0001838207  -0.0298339577   0.0032519211  -0.0027520490   0.0021530453
       -0.0002549211   0.0003896770   0.0006085108   0.0002693889   0.0002429586
       -0.0002674056  -0.0000889254   0.0000164093  -0.0000771853   0.0000019758
       -0.0000398984   0.0000414106   0.0000247810   0.0000171067  -0.0000311335
       -0.0000356276  -0.0000011314   0.0000064583  -0.0000089469  -0.0000175176
       -0.0000069242   0.0000027641  -0.0000037040  -0.0000076954  -0.0000269887
        0.0000181029   0.0000036608  -0.0000046085  -0.0000060422  -0.0000008332
       -0.0000122481   0.0000534382  -0.0002228410   0.0000362912  -0.0001443751
       -0.0000131083
        0.0040940075   0.0024785968  -0.0136118910  -0.0031487267   0.0205304153
       -0.2691580288  -0.0038777094   0.0042492952  -0.0126111245   0.0006760383
       -0.0003864406   0.0003879209   0.0001373426  -0.0001044778   0.0000959058
        0.0000530055  -0.0000063694  -0.0000205227   0.0000183840  -0.0000063386
       -0.0000264345   0.0000467750  -0.0000063062  -0.0000507212  -0.0001833426
        0.0000771630  -0.0000238247  -0.0005552794   0.0000186260   0.0006524741
        0.0028872954   0.0010651122  -0.0000605489  -0.0001451605  -0.0003661001
        0.0003113397   0.0023510555  -0.0271572600   0.3125019280  -0.0010599671
       -0.0021227003  -0.0196018270  -0.0015314932   0.0023669277  -0.0001942867
        0.0003948151  -0.0001947625   0.0004523936  -0.0004565608  -0.0000468217
        0.0007177946   0.0001651181  -0.0000991142   0.0000831009   0.0000254798
        0.0000248336   0.0000052478  -0.0000306421  -0.0000022949   0.0000815159
        0.0000349769  -0.0000067425  -0.0000038531   0.0000339365  -0.0000100995
        0.0000185248  -0.0000075096  -0.0000176878   0.0000158230  -0.0000554112
       -0.0000282724   0.0001133834   0.0000453064   0.0000110899   0.0000027123
       -0.0001428212  -0.0002333392  -0.0002794797   0.0002310874  -0.0000269322
        0.0002024782
       -0.0115585758  -0.0266575430  -0.0101739478  -0.0502561053  -0.0423831270
       -0.0208505478   0.0028347927   0.0195481291   0.0076919120   0.0005974429
        0.0000059877   0.0000064356  -0.0001743258  -0.0000106736  -0.0000574888
       -0.0000413583  -0.0000272569   0.0000214388   0.0000397684   0.0000376820
       -0.0000372562   0.0001333905  -0.0001717532   0.0000371460  -0.0012621130
        0.0007110721  -0.0001354852  -0.0056552227  -0.0027319746   0.0019874199
        0.0008498900   0.0001487320  -0.0004845432   0.0005107201  -0.0003766774
       -0.0004121905   0.0009207629  -0.0010988476  -0.0010599671   0.0667599764
        0.0507484266   0.0238252069   0.0007059169  -0.0003224291   0.0004480869
       -0.0026416948   0.0037720562  -0.0008945467   0.0000160152  -0.0000083287
        0.0000702907   0.0000576930  -0.0000127745   0.0000487956   0.0000694919
       -0.0001527109  -0.0000652827   0.0000037185   0.0000051736  -0.0000052960
        0.0000245952  -0.0000287170  -0.0000061798   0.0000003851  -0.0000014399
       -0.0000037465   0.0000400614  -0.0000545727  -0.0000061040   0.0000321506
        0.0000045017   0.0000182879  -0.0000032699  -0.0000388959  -0.0000293436
       -0.0019600730  -0.0009507861   0.0002669562  -0.0000440332   0.0000467471
       -0.0002000507
       -0.0065793922  -0.0114332339  -0.0042776175  -0.0428663754  -0.2218326715
       -0.0858391156  -0.0005385164  -0.0244787968  -0.0083998771  -0.0005333520
       -0.0000355954  -0.0001952064   0.0000870994  -0.0000263290  -0.0001168264
       -0.0000240994   0.0000300167   0.0000011230  -0.0000255007  -0.0000064667
       -0.0000011695  -0.0000056931   0.0000605073   0.0000785796  -0.0006109388
       -0.0000999505   0.0000375730  -0.0026160691  -0.0002827209   0.0010105506
        0.0004522427   0.0000519286  -0.0000166957   0.0003315967   0.0006897879
       -0.0001081210  -0.0003272302   0.0001838207  -0.0021227003   0.0507484266
        0.2591849755   0.0986508995  -0.0006503049   0.0005757415  -0.0002660668
        0.0035535800  -0.0038159356   0.0014009657   0.0000190476  -0.0001383582
       -0.0000670597  -0.0000801786   0.0000025543  -0.0000290634  -0.0000450910
        0.0002080063   0.0001049342  -0.0000052509  -0.0000084970  -0.0000032730
       -0.0000410753   0.0000269759   0.0000079853   0.0000086931  -0.0000000799
        0.0000226929  -0.0000278673   0.0000468178   0.0000120781  -0.0000416666
       -0.0000048630   0.0000087232  -0.0000305006   0.0000482099   0.0000175837
       -0.0003159400   0.0010483295  -0.0000914388   0.0001643565   0.0000058266
        0.0001805423
        0.0024014310   0.0071881102   0.0040379941  -0.0209885110  -0.0863153038
       -0.0884892754   0.0014092169   0.0058029508   0.0033337553   0.0001482233
       -0.0003437358   0.0000401826  -0.0000810500  -0.0000009378  -0.0000462061
       -0.0000280916  -0.0000216993  -0.0000043893  -0.0000332054  -0.0000071355
        0.0000104033  -0.0000204359   0.0000967864  -0.0000114631   0.0000081819
       -0.0002908530   0.0000853455   0.0017783822   0.0012120872   0.0005444816
        0.0001868807   0.0006643582   0.0006270073  -0.0004023407   0.0000280369
        0.0000475117  -0.0075084252  -0.0298339577  -0.0196018270   0.0238252069
        0.0986508995   0.0978119399   0.0001514467   0.0008306564   0.0006705447
       -0.0008758625   0.0017419751   0.0007346786  -0.0000816004  -0.0001389850
       -0.0001818437  -0.0000039787   0.0000361713   0.0000182091  -0.0000021831
        0.0000677110  -0.0000175967  -0.0000048674  -0.0000091637  -0.0000101692
       -0.0000019892   0.0000140279   0.0000008423  -0.0000111226   0.0000209842
        0.0000037221  -0.0000189032   0.0000268364  -0.0000011517   0.0000465845
       -0.0000078860  -0.0000747486  -0.0000138892   0.0000176909   0.0000127925
        0.0002950122   0.0003668510   0.0005735080  -0.0001741102   0.0002035243
       -0.0001142477
        0.0005626531   0.0002890912  -0.0009828320  -0.0037175282   0.0036594953
       -0.0216089721  -0.0429272782  -0.0003328802  -0.0125013801  -0.0020862096
       -0.0025599544   0.0280082945   0.0005475409  -0.0006550007   0.0007952501
       -0.0001136038   0.0000315159  -0.0000749828  -0.0000023243  -0.0000086368
        0.0000346809   0.0000014196   0.0000903105   0.0000025616   0.0009734827
        0.0005906293   0.0010734254  -0.0000152568  -0.0000455962  -0.0000150330
       -0.0005181393   0.0000939861   0.0005134212   0.0002121852  -0.0001504394
        0.0002154474  -0.0028916911   0.0032519211  -0.0015314932   0.0007059169
       -0.0006503049   0.0001514467   0.0543795053  -0.0015257462   0.0143568093
        0.0003157158  -0.0009754618  -0.0100077898  -0.0047277590  -0.0012739357
        0.0029294679  -0.0004270137   0.0003068309  -0.0002456295  -0.0000513299
        0.0000147517  -0.0000876935   0.0000772294   0.0000333896  -0.0001545298
        0.0000179354   0.0000226422  -0.0000607473  -0.0000518526   0.0000026052
       -0.0000367295   0.0000510107   0.0000172995  -0.0000325525   0.0000618070
        0.0000495023  -0.0001396263   0.0000614515   0.0000218241  -0.0000729478
       -0.0000238474   0.0000295178  -0.0001148851  -0.0004140197  -0.0003273567
       -0.0004129807
       -0.0005763844   0.0002786555   0.0000005177   0.0041489374  -0.0030651837
        0.0223810758  -0.0004680080  -0.0454843524   0.0103438503  -0.0008444105
       -0.0003852332   0.0078926581   0.0003296369   0.0002389188  -0.0005363598
        0.0000137618   0.0000199558   0.0000434897   0.0000248978   0.0000372704
       -0.0000030054  -0.0000242931  -0.0000417341  -0.0000486220   0.0001558245
        0.0003341908   0.0010928651   0.0000333613  -0.0001390632  -0.0001497490
        0.0000806291   0.0002169866  -0.0001829832  -0.0001679258   0.0000006696
       -0.0000334026   0.0034994966  -0.0027520490   0.0023669277  -0.0003224291
        0.0005757415   0.0008306564  -0.0015257462   0.0518881353  -0.0146750773
       -0.0028056390  -0.0013829884  -0.0303893106  -0.0013833718  -0.0000234446
        0.0012989270   0.0003499737   0.0000494429   0.0000758640  -0.0001383549
       -0.0000565697  -0.0000958884  -0.0000154460  -0.0000514974   0.0000322232
        0.0000016116  -0.0000164975  -0.0000129809  -0.0000084056   0.0000222412
       -0.0000067193   0.0000331484  -0.0000332358  -0.0000086322   0.0000529529
       -0.0000112237  -0.0000935070   0.0000149209  -0.0000184608  -0.0000151408
        0.0000587592  -0.0001993770   0.0001367560  -0.0005174977  -0.0000012981
       -0.0002444325
        0.0004486168  -0.0004403419   0.0005892174  -0.0036003132   0.0037161659
       -0.0126245487  -0.0132706543   0.0103508360  -0.2685026742   0.0039752731
        0.0022963319  -0.0173895971  -0.0006016554   0.0000576437   0.0001920558
       -0.0000643597  -0.0000523022   0.0000923281  -0.0000784069   0.0000025877
       -0.0000406913  -0.0001908878  -0.0001062549   0.0000505838  -0.0011751621
       -0.0005822977   0.0008271435  -0.0000029922  -0.0000002826  -0.0002238206
       -0.0004068654   0.0000016019   0.0005707933   0.0002491535  -0.0001834575
        0.0001391527  -0.0016551510   0.0021530453  -0.0001942867   0.0004480869
       -0.0002660668   0.0006705447   0.0143568093  -0.0146750773   0.3130320857
       -0.0020948992  -0.0029720897  -0.0174127721   0.0030326807   0.0007505326
       -0.0012301052   0.0005267127  -0.0002947741   0.0005819471  -0.0000064204
        0.0000142815  -0.0001839828  -0.0001682728  -0.0000165087   0.0001534285
       -0.0000089594  -0.0000451286   0.0000531473   0.0000721560  -0.0000078723
        0.0001114708  -0.0000506371  -0.0000097842   0.0000229060  -0.0001471119
       -0.0001003923   0.0000977770  -0.0000420543   0.0000134572   0.0000690537
        0.0000606318   0.0001278930  -0.0001511322   0.0003946824   0.0002682542
        0.0006999754
        0.0008998934   0.0014609836   0.0002243901   0.0028080909   0.0194016662
        0.0065137536  -0.0581572644  -0.0565676585  -0.0232841709  -0.0134547073
       -0.0247677929  -0.0084687739   0.0001955029  -0.0016546550  -0.0004555919
        0.0002111694   0.0000124675  -0.0000142820   0.0001190960  -0.0000543678
       -0.0000270194  -0.0007048857  -0.0013019679  -0.0006123164  -0.0049526452
       -0.0012777292   0.0024578480  -0.0005623585  -0.0001577047  -0.0002381542
       -0.0000341991  -0.0000681474   0.0000527987   0.0001298132  -0.0001451937
       -0.0000209373   0.0004820076  -0.0002549211   0.0003948151  -0.0026416948
        0.0035535800  -0.0008758625   0.0003157158  -0.0028056390  -0.0020948992
        0.0757949664   0.0631312283   0.0259297434   0.0005403412   0.0000467005
       -0.0002410120  -0.0001188569   0.0000446595  -0.0002231981  -0.0008211605
        0.0009770432   0.0006455093   0.0000615241  -0.0000266232  -0.0000303755
        0.0000814027   0.0000469211  -0.0000298627   0.0000392388  -0.0000095932
        0.0000240266   0.0000570846   0.0000791489   0.0000285250   0.0000471874
        0.0000113441  -0.0000508433  -0.0004182266  -0.0000803866   0.0001282477
        0.0000010258   0.0002504294   0.0000461555   0.0000819389   0.0001562081
        0.0002214863
       -0.0010840057   0.0009930451  -0.0000493643  -0.0013103333  -0.0269012508
       -0.0078197882  -0.0563312208  -0.2206076381  -0.0727421991  -0.0070846171
       -0.0102379176  -0.0030843746   0.0017536973   0.0009092534  -0.0002465586
        0.0001706111  -0.0000584529  -0.0000231923   0.0000813469   0.0000170413
        0.0000096304  -0.0001189836  -0.0005590929  -0.0003528739  -0.0020788801
       -0.0001728744   0.0013291843   0.0007837242   0.0005844225   0.0001815413
        0.0000584089  -0.0001307347  -0.0001185410  -0.0004435645   0.0003392120
        0.0000118425  -0.0005756891   0.0003896770  -0.0001947625   0.0037720562
       -0.0038159356   0.0017419751  -0.0009754618  -0.0013829884  -0.0029720897
        0.0631312283   0.2597350796   0.0838876804   0.0001778899  -0.0001073659
        0.0001078454  -0.0001767492  -0.0000264824  -0.0000719981   0.0001188794
        0.0006146895   0.0000573248   0.0000077546  -0.0000230916   0.0000342420
        0.0000512455   0.0000594054  -0.0000066891   0.0000200850   0.0000065614
        0.0000034154  -0.0000086401   0.0000405098   0.0000131931   0.0000204177
       -0.0000182806   0.0000016651  -0.0001668381  -0.0000234701   0.0000863416
        0.0000798998   0.0002861411  -0.0000113237   0.0001277385   0.0000905379
        0.0002278735
        0.0001994087  -0.0000646427   0.0001857290   0.0017107857   0.0060647404
        0.0034217123  -0.0229986343  -0.0716960076  -0.0761942865   0.0039544224
        0.0088662495   0.0040847066  -0.0000815917   0.0003455025   0.0003422637
       -0.0000389145   0.0000898247  -0.0000748130   0.0000185102   0.0000038084
       -0.0000151138   0.0002677611   0.0002988577   0.0002944091   0.0014354573
        0.0001264339  -0.0000616411   0.0002337138   0.0000387140   0.0002556815
       -0.0000351711  -0.0001893230  -0.0002907006   0.0000178606   0.0001453078
       -0.0000990674   0.0001714570   0.0006085108   0.0004523936  -0.0008945467
        0.0014009657   0.0007346786  -0.0100077898  -0.0303893106  -0.0174127721
        0.0259297434   0.0838876804   0.0840144059   0.0000725542   0.0003212813
        0.0002509165  -0.0001835590  -0.0001776446  -0.0002926943   0.0000832754
        0.0000101831   0.0002930885   0.0000529915   0.0000432969  -0.0000142729
       -0.0000505152   0.0000258956   0.0000102837   0.0000109309  -0.0000094376
       -0.0000081472  -0.0000209071   0.0000221425   0.0000088018  -0.0000713539
       -0.0000063519   0.0000621980   0.0001243133   0.0000643812  -0.0000242531
       -0.0001028605   0.0001088583  -0.0001227437   0.0002026582   0.0000600832
        0.0001992368
       -0.0000036001  -0.0000439803  -0.0001043956   0.0008507479  -0.0006491731
        0.0013968162  -0.0025089645  -0.0047695661   0.0275185698  -0.0436972792
        0.0027471412  -0.0184940653  -0.0035504762   0.0063497072  -0.0184030263
        0.0005621492   0.0002908631  -0.0012442319  -0.0003221229  -0.0000432162
       -0.0000562649   0.0003991494   0.0001168901  -0.0011364402  -0.0015067932
       -0.0001993475  -0.0124461071   0.0000373265  -0.0000058349   0.0000293883
        0.0000972462   0.0000306545  -0.0001717429   0.0000629277   0.0000483139
       -0.0000663734  -0.0007131710   0.0002693889  -0.0004565608   0.0000160152
        0.0000190476  -0.0000816004  -0.0047277590  -0.0013833718   0.0030326807
        0.0005403412   0.0001778899   0.0000725542   0.0569174045  -0.0036702614
        0.0210240157  -0.0021260322   0.0033696012  -0.0010660809   0.0004576234
       -0.0005358926   0.0001320629  -0.0004948351   0.0002440550   0.0005417006
        0.0001905165  -0.0001609784   0.0001838611   0.0000888214  -0.0000034572
        0.0002330102  -0.0000210228   0.0000016513   0.0000284302  -0.0003172552
       -0.0005352648   0.0003027729   0.0000823755   0.0001090648   0.0002136972
        0.0002916471   0.0003662791   0.0004168306  -0.0006049803  -0.0021402036
       -0.0013995010
        0.0000624191  -0.0000649651   0.0000115098   0.0004446970   0.0003482405
       -0.0006903063  -0.0008165559  -0.0005226956   0.0077723875   0.0029412962
       -0.0489786924   0.0367441896   0.0057510916  -0.0077833362   0.0244948551
       -0.0006659497   0.0004495078   0.0003190653  -0.0000026705   0.0000660419
        0.0000410463   0.0004634092   0.0005232262  -0.0006574297  -0.0043342649
        0.0008422755  -0.0249128485  -0.0000441716  -0.0000369343   0.0000343297
        0.0000286221  -0.0000467113  -0.0000022015   0.0000237471   0.0000051576
       -0.0000283280   0.0001902047   0.0002429586  -0.0000468217  -0.0000083287
       -0.0001383582  -0.0001389850  -0.0012739357  -0.0000234446   0.0007505326
        0.0000467005  -0.0001073659   0.0003212813  -0.0036702614   0.0619337028
       -0.0425061351   0.0034783048  -0.0039617158   0.0016915163  -0.0002575801
        0.0003388750   0.0005642816   0.0003055163   0.0001917767  -0.0003723185
       -0.0002923936   0.0000516931  -0.0000866026  -0.0000010788  -0.0002147731
       -0.0000339505  -0.0000010598  -0.0000651762  -0.0000093466  -0.0003062142
       -0.0000852382   0.0002729120   0.0002096553   0.0000490370   0.0001018867
        0.0001019139   0.0006807400  -0.0003970615  -0.0023731128  -0.0036938257
       -0.0032374584
       -0.0002054923  -0.0000457354   0.0001367520  -0.0011214532  -0.0000445400
        0.0004904077   0.0032321723   0.0035135831  -0.0166817240  -0.0190158063
        0.0364778599  -0.2526336639  -0.0026243779   0.0041775756  -0.0084399733
        0.0005015549  -0.0004916144   0.0004364813  -0.0002428374   0.0000104345
       -0.0001616275   0.0005602140   0.0006306945   0.0004425408  -0.0035815882
       -0.0011166863  -0.0191802508  -0.0000447775   0.0000311503   0.0000082776
       -0.0001857665  -0.0000058878   0.0001207179  -0.0000241904  -0.0000474683
        0.0000547403   0.0005688940  -0.0002674056   0.0007177946   0.0000702907
       -0.0000670597  -0.0001818437   0.0029294679   0.0012989270  -0.0012301052
       -0.0002410120   0.0001078454   0.0002509165   0.0210240157  -0.0425061351
        0.2952740811  -0.0009027810   0.0016589884   0.0000193298   0.0003020837
       -0.0000128386   0.0004654937  -0.0002905942  -0.0000243940   0.0005536420
        0.0002108181  -0.0001632882   0.0001249585   0.0002306094  -0.0000331916
        0.0001235744   0.0000250387  -0.0000109877   0.0000046597  -0.0003706138
       -0.0002741477   0.0006438062   0.0002481311   0.0001776107   0.0002360189
        0.0003096070   0.0001828859   0.0002915750  -0.0013616069  -0.0031561750
       -0.0018865796
       -0.0000171085  -0.0000408376   0.0000392610  -0.0000504311  -0.0000196402
        0.0000579910   0.0005542731   0.0003508345  -0.0010076859  -0.0036139202
        0.0061678240  -0.0187382527  -0.0436556179   0.0025304819  -0.0194607859
       -0.0016674385  -0.0059506645   0.0285519073   0.0007724532   0.0004141870
        0.0008975383   0.0000261730  -0.0001015275  -0.0000094461   0.0004006438
       -0.0007048255   0.0000084046  -0.0000020922  -0.0000051557  -0.0000179791
       -0.0000409870   0.0000089233   0.0000457666   0.0000452490  -0.0000191815
        0.0000130647   0.0000958214  -0.0000889254   0.0001651181   0.0000576930
       -0.0000801786  -0.0000039787  -0.0004270137   0.0003499737   0.0005267127
       -0.0001188569  -0.0001767492  -0.0001835590  -0.0021260322   0.0034783048
       -0.0009027810   0.0549231346  -0.0049848722   0.0204522391  -0.0006977941
        0.0006145640  -0.0136525907  -0.0051077279  -0.0016065453   0.0032445793
        0.0007710756  -0.0000828965   0.0003299948  -0.0002621012  -0.0002558786
       -0.0003926849   0.0001784020   0.0002469969  -0.0001311613  -0.0001996349
        0.0000826357  -0.0000469909  -0.0000573941   0.0000209014   0.0000020357
       -0.0000584633  -0.0002258411   0.0000142531   0.0002776950   0.0000780920
        0.0001990297
       -0.0000126568   0.0000345421  -0.0000422445  -0.0000027411   0.0000018769
       -0.0000689128  -0.0008025745   0.0004426641   0.0003470254   0.0049821495
       -0.0075116810   0.0247436963   0.0023082535  -0.0527740394   0.0399888450
       -0.0005898253  -0.0008143148   0.0068711422   0.0001247588   0.0002907008
        0.0009824059  -0.0001308021  -0.0002936384   0.0000276202   0.0002382677
        0.0007431974   0.0013963147  -0.0000054290  -0.0000028690  -0.0000013971
        0.0000217981   0.0000102679  -0.0000299182  -0.0000339564  -0.0000008116
        0.0000036974  -0.0000937345   0.0000164093  -0.0000991142  -0.0000127745
        0.0000025543   0.0000361713   0.0003068309   0.0000494429  -0.0002947741
        0.0000446595  -0.0000264824  -0.0001776446   0.0033696012  -0.0039617158
        0.0016589884  -0.0049848722   0.0605888329  -0.0479220742  -0.0035331217
        0.0028660091  -0.0262617624  -0.0012264897   0.0003853513   0.0008395682
        0.0002969793   0.0002115695  -0.0005320972  -0.0004837143  -0.0000544544
       -0.0002430952   0.0001172654   0.0000067498  -0.0001776075   0.0000734814
        0.0000629468  -0.0002304937   0.0000147700  -0.0000175683  -0.0000107942
       -0.0000943366   0.0003070081  -0.0001867728   0.0001082135  -0.0005625479
       -0.0006167725
        0.0000481330  -0.0000207161   0.0000056350   0.0000657726  -0.0001544228
        0.0000296450   0.0005241992  -0.0004911574   0.0005462824  -0.0034522775
        0.0049197963  -0.0089643205  -0.0191654456   0.0394236370  -0.2605281821
        0.0034171237   0.0035753632  -0.0167139128  -0.0008032169  -0.0003387378
        0.0006374808   0.0000721319   0.0002209572  -0.0001480907   0.0003768834
       -0.0007488494   0.0005911900  -0.0000131838  -0.0000078335  -0.0000274594
       -0.0000345238   0.0000026600   0.0000729061   0.0000298509  -0.0000141261
       -0.0000030852   0.0001416355  -0.0000771853   0.0000831009   0.0000487956
       -0.0000290634   0.0000182091  -0.0002456295   0.0000758640   0.0005819471
       -0.0002231981  -0.0000719981  -0.0002926943  -0.0010660809   0.0016915163
        0.0000193298   0.0204522391  -0.0479220742   0.3038618855  -0.0034452151
       -0.0000934073  -0.0205825093   0.0033347026   0.0007033149  -0.0010119959
       -0.0001865087  -0.0003217097   0.0002965124   0.0002631451   0.0002615208
        0.0006101295  -0.0002592114  -0.0002576497   0.0001601513  -0.0000492572
       -0.0002288852   0.0000875264   0.0000036820  -0.0000189749   0.0000110838
        0.0000715145  -0.0002797409   0.0000872441   0.0000939394   0.0002019020
        0.0005719911
       -0.0000209546  -0.0000312933   0.0000226662   0.0000010732  -0.0000458749
       -0.0000634839   0.0007217656   0.0016692920   0.0001730594   0.0048567069
        0.0140525224   0.0075601996  -0.0735529813  -0.0694388425  -0.0408338157
       -0.0158388975  -0.0239619623  -0.0111494917  -0.0055880598  -0.0013328512
        0.0026495247   0.0000036336   0.0001178351  -0.0000302319  -0.0016039000
        0.0028381449  -0.0002720820  -0.0000259293  -0.0000012846  -0.0000009475
        0.0000053075  -0.0000020468  -0.0000032233   0.0000299707  -0.0000197126
       -0.0000090973   0.0000268119   0.0000019758   0.0000254798   0.0000694919
       -0.0000450910  -0.0000021831  -0.0000513299  -0.0001383549  -0.0000064204
       -0.0008211605   0.0001188794   0.0000832754   0.0004576234  -0.0002575801
        0.0003020837  -0.0006977941  -0.0035331217  -0.0034452151   0.0917889555
        0.0803563016   0.0455481147   0.0007632171  -0.0000188220  -0.0002937567
        0.0002649600  -0.0001239302  -0.0004766328   0.0000735678   0.0002319540
        0.0003249542  -0.0008882890  -0.0014599145  -0.0005139533  -0.0000585044
        0.0000138060   0.0000079617   0.0000010515   0.0000678122   0.0000310565
        0.0001967936   0.0009387775   0.0003558002  -0.0001131298   0.0000033816
        0.0000163589
       -0.0000636496   0.0000497460  -0.0000101254  -0.0000976682   0.0001219842
        0.0000315436  -0.0011057901   0.0004029012  -0.0000401305  -0.0061607471
       -0.0257201274  -0.0119739031  -0.0697332286  -0.1886470937  -0.0831763126
       -0.0060697798  -0.0069583999  -0.0032336924  -0.0021150034   0.0004798043
        0.0009864035   0.0001731549   0.0003899391   0.0000197849   0.0039826463
       -0.0045924841   0.0009538421   0.0000825310   0.0000766955   0.0000241711
       -0.0000109535  -0.0000131348  -0.0000045481  -0.0000605163   0.0000179023
        0.0000094122  -0.0000305619  -0.0000398984   0.0000248336  -0.0001527109
        0.0002080063   0.0000677110   0.0000147517  -0.0000565697   0.0000142815
        0.0009770432   0.0006146895   0.0000101831  -0.0005358926   0.0003388750
       -0.0000128386   0.0006145640   0.0028660091  -0.0000934073   0.0803563016
        0.2214663840   0.0966021814   0.0001749369  -0.0000764904   0.0001154759
        0.0002059130   0.0006411481  -0.0000346332   0.0001128117   0.0000669224
        0.0001791038  -0.0001928800  -0.0004767290  -0.0002052502   0.0000226255
       -0.0000179591  -0.0000143992   0.0000724259   0.0001996667   0.0000469266
       -0.0005865719  -0.0015080172  -0.0005962881   0.0001262481   0.0001662299
        0.0003096743
       -0.0000092636  -0.0000058189  -0.0000068099   0.0000247558   0.0001204365
       -0.0000089343  -0.0000442853  -0.0002984973  -0.0000156888   0.0011721680
        0.0021873794   0.0017520986  -0.0406391874  -0.0830750582  -0.0937391808
        0.0050555404   0.0081543115   0.0045992245   0.0016789468   0.0005237945
       -0.0000296409   0.0000088903   0.0000352340  -0.0000902582  -0.0000803583
        0.0001181051   0.0006306399   0.0000377224   0.0000239185   0.0000284666
        0.0000043813  -0.0000115535  -0.0000255192  -0.0000101203   0.0000211533
       -0.0000003208  -0.0000224033   0.0000414106   0.0000052478  -0.0000652827
        0.0001049342  -0.0000175967  -0.0000876935  -0.0000958884  -0.0001839828
        0.0006455093   0.0000573248   0.0002930885   0.0001320629   0.0005642816
        0.0004654937  -0.0136525907  -0.0262617624  -0.0205825093   0.0455481147
        0.0966021814   0.1052527313   0.0002365058   0.0004662874   0.0005786056
       -0.0004285381   0.0001168521   0.0000894284   0.0002054889   0.0000914657
        0.0001920852   0.0002375841   0.0003224062   0.0003190779   0.0000117517
       -0.0000144678   0.0000112273   0.0000110110   0.0000392552   0.0000001884
        0.0000054686  -0.0000427661   0.0001980413   0.0000238210   0.0002150805
        0.0002847968
        0.0000159666  -0.0000097155  -0.0000086748   0.0000176283   0.0000337458
       -0.0000364441  -0.0000509037  -0.0000288648  -0.0000861031   0.0009245752
       -0.0007574754   0.0010854562  -0.0018017432  -0.0052882519   0.0286257200
       -0.0446787864   0.0049054369  -0.0178388435  -0.0016286155  -0.0003421437
       -0.0134520843   0.0003419253   0.0003777419   0.0005458526  -0.0000385132
        0.0001511121   0.0000305532   0.0000032455  -0.0000011345   0.0000092814
        0.0000213140  -0.0000021474  -0.0000216409   0.0000095791   0.0000071479
       -0.0000070131  -0.0000414509   0.0000247810  -0.0000306421   0.0000037185
       -0.0000052509  -0.0000048674   0.0000772294  -0.0000154460  -0.0001682728
        0.0000615241   0.0000077546   0.0000529915  -0.0004948351   0.0003055163
       -0.0002905942  -0.0051077279  -0.0012264897   0.0033347026   0.0007632171
        0.0001749369   0.0002365058   0.0543654356  -0.0017709344   0.0201487041
       -0.0022728765   0.0057141414  -0.0199865519  -0.0004781841  -0.0025587578
       -0.0016100817   0.0000516650   0.0001871096  -0.0005328940   0.0002671161
        0.0000824289   0.0001125193  -0.0001291388   0.0001413405   0.0000249832
       -0.0000491045  -0.0000319375  -0.0000011437  -0.0001522599  -0.0000746442
       -0.0001314184
        0.0000055791   0.0000008155   0.0000033656   0.0000213667  -0.0000040251
       -0.0000195708   0.0000570638  -0.0000538770  -0.0000118583   0.0002898054
        0.0004062361  -0.0007659703  -0.0012519092  -0.0009068285   0.0071002308
        0.0049118994  -0.0503288503   0.0359803554  -0.0034977601   0.0011002090
       -0.0253642022  -0.0004725232   0.0009427247  -0.0011272686   0.0001471072
       -0.0001046982  -0.0000149977  -0.0000066851  -0.0000080563   0.0000041189
        0.0000003235  -0.0000068118   0.0000032805  -0.0000091511   0.0000051269
       -0.0000043867   0.0000025201   0.0000171067  -0.0000022949   0.0000051736
       -0.0000084970  -0.0000091637   0.0000333896  -0.0000514974  -0.0000165087
       -0.0000266232  -0.0000230916   0.0000432969   0.0002440550   0.0001917767
       -0.0000243940  -0.0016065453   0.0003853513   0.0007033149  -0.0000188220
       -0.0000764904   0.0004662874  -0.0017709344   0.0586437739  -0.0407680933
        0.0047169928  -0.0064595107   0.0266679811  -0.0021112749  -0.0038691827
       -0.0033228838   0.0003793241   0.0006868619  -0.0001043297   0.0000742104
       -0.0004980270   0.0002392265  -0.0000109495   0.0001819405   0.0002157186
       -0.0000216074  -0.0000341990  -0.0000024867  -0.0000840254  -0.0001282803
        0.0001312327
       -0.0000460272  -0.0000007439   0.0000037742  -0.0000562370   0.0000187957
       -0.0000091051  -0.0001075245   0.0000042504   0.0001449370  -0.0008424798
        0.0001094254   0.0001763686   0.0035275430   0.0037425702  -0.0165346552
       -0.0179883633   0.0360565335  -0.2628236951  -0.0038709971  -0.0015862114
       -0.0188857354   0.0000953972   0.0008590284   0.0003887095   0.0001696346
       -0.0001917438  -0.0002318676   0.0000026424   0.0000175561   0.0000006903
       -0.0000231782   0.0000016802   0.0000114827   0.0000062406  -0.0000179271
        0.0000125637   0.0000490193  -0.0000311335   0.0000815159  -0.0000052960
       -0.0000032730  -0.0000101692  -0.0001545298   0.0000322232   0.0001534285
       -0.0000303755   0.0000342420  -0.0000142729   0.0005417006  -0.0003723185
        0.0005536420   0.0032445793   0.0008395682  -0.0010119959  -0.0002937567
        0.0001154759   0.0005786056   0.0201487041  -0.0407680933   0.3068886853
       -0.0027317764   0.0041923006  -0.0096966712  -0.0016701530  -0.0032440177
       -0.0014249606  -0.0000362500   0.0003450134   0.0005807101   0.0002265296
       -0.0006061082   0.0005328458  -0.0000103776   0.0003220866   0.0002870894
       -0.0000101985  -0.0000016600   0.0000201039  -0.0001344702   0.0001324804
        0.0002279757
       -0.0001059580   0.0001085742  -0.0000279408  -0.0003597205  -0.0001459088
        0.0001958113  -0.0010731964   0.0013602615  -0.0001363754  -0.0053713225
       -0.0016701518   0.0026792997  -0.0228247391   0.0217080387  -0.0026969873
       -0.1224994940   0.1079979100  -0.0228580027   0.0060821525  -0.0081782791
        0.0011856905   0.0001063178  -0.0017473253  -0.0008977480   0.0000866691
       -0.0001987436  -0.0000729840   0.0000140663  -0.0000079289  -0.0000045341
        0.0000132404  -0.0000043578   0.0000064681  -0.0000685989   0.0000097221
        0.0000025522   0.0000459487  -0.0000356276   0.0000349769   0.0000245952
       -0.0000410753  -0.0000019892   0.0000179354   0.0000016116  -0.0000089594
        0.0000814027   0.0000512455  -0.0000505152   0.0001905165  -0.0002923936
        0.0002108181   0.0007710756   0.0002969793  -0.0001865087   0.0002649600
        0.0002059130  -0.0004285381  -0.0022728765   0.0047169928  -0.0027317764
        0.1458420323  -0.1232339763   0.0253668272   0.0002636844   0.0000370933
        0.0003544906   0.0005631332  -0.0001988831   0.0000182256  -0.0000682020
       -0.0000958659   0.0000620532   0.0002403896  -0.0005169083   0.0000164838
        0.0000787765  -0.0001043361  -0.0000218479  -0.0000427883  -0.0000225808
       -0.0000089900
       -0.0000234880  -0.0000058533   0.0000059649  -0.0000772914   0.0000369253
       -0.0000212722  -0.0001678108  -0.0000020486   0.0000001249  -0.0004304806
        0.0008014194   0.0001982898  -0.0010625001   0.0030581596  -0.0005897276
        0.1078488352  -0.1829642430   0.0302984575   0.0137586116  -0.0256506470
        0.0022175016  -0.0027769881  -0.0048311781  -0.0029854024  -0.0002364021
        0.0002544295   0.0000993754   0.0000163698   0.0000253965   0.0000081274
        0.0000046118   0.0000029985  -0.0000213351   0.0000141335  -0.0000091693
        0.0000026554  -0.0000186271  -0.0000011314  -0.0000067425  -0.0000287170
        0.0000269759   0.0000140279   0.0000226422  -0.0000164975  -0.0000451286
        0.0000469211   0.0000594054   0.0000258956  -0.0001609784   0.0000516931
       -0.0001632882  -0.0000828965   0.0002115695  -0.0003217097  -0.0001239302
        0.0006411481   0.0001168521   0.0057141414  -0.0064595107   0.0041923006
       -0.1232339763   0.2148775346  -0.0333259745   0.0003951982   0.0007063063
        0.0001412318   0.0000626501   0.0002276380   0.0004458518  -0.0002458032
        0.0003180012  -0.0002865438   0.0009338533  -0.0014790449  -0.0000352171
       -0.0001213277   0.0001532387   0.0000303182  -0.0000267507  -0.0000335159
        0.0000053669
        0.0000330468  -0.0000239913   0.0000130150   0.0001461198   0.0000049648
       -0.0000592029   0.0003569527  -0.0003919226   0.0001903727   0.0018841284
        0.0004810742  -0.0002979993   0.0084664484  -0.0082931906   0.0017111410
       -0.0228167462   0.0302947705  -0.0519611126   0.0066830654  -0.0118775735
        0.0017672869  -0.0009782415  -0.0022138218  -0.0005455679  -0.0000726189
        0.0001061102  -0.0000353288  -0.0000083945  -0.0000018805  -0.0000011408
       -0.0000094289  -0.0000038537   0.0000095137   0.0000066532   0.0000005941
       -0.0000027039   0.0000119054   0.0000064583  -0.0000038531  -0.0000061798
        0.0000079853   0.0000008423  -0.0000607473  -0.0000129809   0.0000531473
       -0.0000298627  -0.0000066891   0.0000102837   0.0001838611  -0.0000866026
        0.0001249585   0.0003299948  -0.0005320972   0.0002965124  -0.0004766328
       -0.0000346332   0.0000894284  -0.0199865519   0.0266679811  -0.0096966712
        0.0253668272  -0.0333259745   0.0575843529   0.0004488667  -0.0004470349
        0.0003401016   0.0001756412   0.0004263412   0.0001133985   0.0000103751
       -0.0001832465   0.0000852838   0.0003660896  -0.0005824768   0.0001992373
       -0.0000154594   0.0000281631  -0.0000073776  -0.0000091118  -0.0000064730
        0.0000220822
        0.0000086464  -0.0000130113   0.0000060905   0.0000024803   0.0000019152
       -0.0000036303  -0.0000521498   0.0000020789  -0.0000351312  -0.0003120433
       -0.0000373673  -0.0001001451   0.0005025799   0.0002164159  -0.0011580274
       -0.0015919957   0.0002654830  -0.0129180350  -0.0482444156   0.0035037646
       -0.0231799038  -0.0035673382   0.0060079287  -0.0188988817   0.0006797074
        0.0002464959  -0.0012505010   0.0000029363   0.0000038738  -0.0000017030
       -0.0000127914  -0.0000016996   0.0000134926   0.0000207045  -0.0000044114
        0.0000009370   0.0000350808  -0.0000089469   0.0000339365   0.0000003851
        0.0000086931  -0.0000111226  -0.0000518526  -0.0000084056   0.0000721560
        0.0000392388   0.0000200850   0.0000109309   0.0000888214  -0.0000010788
        0.0002306094  -0.0002621012  -0.0004837143   0.0002631451   0.0000735678
        0.0001128117   0.0002054889  -0.0004781841  -0.0021112749  -0.0016701530
        0.0002636844   0.0003951982   0.0004488667   0.0543026227  -0.0053974976
        0.0289218957   0.0004624268  -0.0056854190   0.0295037282  -0.0020949872
        0.0034712818  -0.0012652299   0.0004302412  -0.0005589851   0.0001231788
        0.0001800460  -0.0001685629   0.0001707112  -0.0004253107   0.0002243489
        0.0004872966
        0.0000033696  -0.0000024471  -0.0000012727   0.0000121990   0.0000040841
        0.0000016562  -0.0000185268  -0.0000584231   0.0000034935  -0.0000033970
        0.0000360775   0.0000396244   0.0005421228   0.0005759458  -0.0005776525
       -0.0042584795   0.0011834271  -0.0254349861   0.0034960703  -0.0485407017
        0.0384467299   0.0057592508  -0.0078625496   0.0248740495  -0.0007015256
        0.0005067236   0.0002258296   0.0000013955   0.0000042458  -0.0000012128
        0.0000036027   0.0000044266  -0.0000077561   0.0000013240  -0.0000022237
        0.0000016615  -0.0000095719  -0.0000175176  -0.0000100995  -0.0000014399
       -0.0000000799   0.0000209842   0.0000026052   0.0000222412  -0.0000078723
       -0.0000095932   0.0000065614  -0.0000094376  -0.0000034572  -0.0002147731
       -0.0000331916  -0.0002558786  -0.0000544544   0.0002615208   0.0002319540
        0.0000669224   0.0000914657  -0.0025587578  -0.0038691827  -0.0032440177
        0.0000370933   0.0007063063  -0.0004470349  -0.0053974976   0.0612791226
       -0.0435111402  -0.0004643116  -0.0003125141   0.0077314687   0.0038560761
       -0.0040662107   0.0014443713  -0.0002188188   0.0003549407   0.0005679109
       -0.0003201287   0.0000462327  -0.0000703383   0.0002743206   0.0002038199
       -0.0003547537
        0.0000235801   0.0000074409  -0.0000045565   0.0000356921  -0.0000376609
       -0.0000140233   0.0000595436   0.0000209662  -0.0000604425  -0.0002345448
        0.0000214824  -0.0002366912   0.0005175527   0.0007088637   0.0006275864
       -0.0037461071  -0.0017213508  -0.0189308807  -0.0231085870   0.0384408758
       -0.2614980259  -0.0029426598   0.0045652023  -0.0078945910   0.0004604048
       -0.0005894123   0.0005352570  -0.0000008293  -0.0000058546  -0.0000053001
       -0.0000112644  -0.0000055911   0.0000327120  -0.0000032151   0.0000059382
       -0.0000032622   0.0000240121  -0.0000069242   0.0000185248  -0.0000037465
        0.0000226929   0.0000037221  -0.0000367295  -0.0000067193   0.0001114708
        0.0000240266   0.0000034154  -0.0000081472   0.0002330102  -0.0000339505
        0.0001235744  -0.0003926849  -0.0002430952   0.0006101295   0.0003249542
        0.0001791038   0.0001920852  -0.0016100817  -0.0033228838  -0.0014249606
        0.0003544906   0.0001412318   0.0003401016   0.0289218957  -0.0435111402
        0.3044789238   0.0019148070   0.0039952835  -0.0185140957  -0.0010608523
        0.0015529904   0.0003868795   0.0003160849  -0.0000021459   0.0005250734
        0.0002530181  -0.0001332035   0.0000921317  -0.0003117702  -0.0000455552
        0.0005168046
        0.0000056029   0.0000050544  -0.0000074137   0.0000076443  -0.0000319506
        0.0000494109   0.0001379189   0.0000758271  -0.0000261456   0.0004688210
        0.0001004163   0.0000507749  -0.0006644771  -0.0031604731  -0.0017352967
       -0.0142124046  -0.0063844248   0.0045756639  -0.2241976712  -0.0405281601
        0.0827743439  -0.0215678281  -0.0001320202   0.0083721084  -0.0024932120
        0.0042526652  -0.0007668743  -0.0000017784  -0.0000231655  -0.0000033844
        0.0000110987  -0.0000040892   0.0000077097  -0.0000356769   0.0000251663
       -0.0000073851   0.0000096856   0.0000027641  -0.0000075096   0.0000400614
       -0.0000278673  -0.0000189032   0.0000510107   0.0000331484  -0.0000506371
        0.0000570846  -0.0000086401  -0.0000209071  -0.0000210228  -0.0000010598
        0.0000250387   0.0001784020   0.0001172654  -0.0002592114  -0.0008882890
       -0.0001928800   0.0002375841   0.0000516650   0.0003793241  -0.0000362500
        0.0005631332   0.0000626501   0.0001756412   0.0004624268  -0.0004643116
        0.0019148070   0.2623235439   0.0465586574  -0.0954203061   0.0002102266
       -0.0004931457  -0.0001163375   0.0005248126  -0.0000997078   0.0002378205
       -0.0012561148  -0.0001347720   0.0003693800   0.0002353366   0.0000737288
       -0.0003137215
        0.0000079948   0.0000272786  -0.0000063085   0.0000235940   0.0000060846
       -0.0000065282   0.0000076184   0.0000755578   0.0000010584   0.0000766188
       -0.0002208836  -0.0000233269  -0.0024277503  -0.0042002898  -0.0026398304
       -0.0241016825  -0.0082325093   0.0083615209  -0.0405359524  -0.0498528518
        0.0193685568   0.0226611300   0.0021616804  -0.0089250931   0.0033186408
       -0.0033520835   0.0007432690   0.0000161585   0.0000061496   0.0000038715
        0.0000029087  -0.0000072713   0.0000031260  -0.0000197726   0.0000100920
       -0.0000038454  -0.0000144031  -0.0000037040  -0.0000176878  -0.0000545727
        0.0000468178   0.0000268364   0.0000172995  -0.0000332358  -0.0000097842
        0.0000791489   0.0000405098   0.0000221425   0.0000016513  -0.0000651762
       -0.0000109877   0.0002469969   0.0000067498  -0.0002576497  -0.0014599145
       -0.0004767290   0.0003224062   0.0001871096   0.0006868619   0.0003450134
       -0.0001988831   0.0002276380   0.0004263412  -0.0056854190  -0.0003125141
        0.0039952835   0.0465586574   0.0624242101  -0.0208318477  -0.0001155476
        0.0006299839  -0.0003120182   0.0001997581   0.0005237907  -0.0002152943
        0.0013056854   0.0000317330  -0.0004254490  -0.0000970732  -0.0001478897
        0.0000662251
       -0.0000041672  -0.0000081180   0.0000075527  -0.0000132053   0.0000100413
       -0.0000036521  -0.0000762698   0.0000108465   0.0000018645   0.0000172829
       -0.0000277175  -0.0000949095  -0.0010714679  -0.0018293482  -0.0003708548
       -0.0112381242  -0.0037520674   0.0046372483   0.0828531523   0.0193944834
       -0.0837790175  -0.0025599345  -0.0004471997   0.0016197740  -0.0002444523
        0.0000815534   0.0006053814   0.0000054630   0.0000075726   0.0000008965
       -0.0000055615   0.0000004867  -0.0000023878   0.0000154510  -0.0000061932
        0.0000021722   0.0000144077  -0.0000076954   0.0000158230  -0.0000061040
        0.0000120781  -0.0000011517  -0.0000325525  -0.0000086322   0.0000229060
        0.0000285250   0.0000131931   0.0000088018   0.0000284302  -0.0000093466
        0.0000046597  -0.0001311613  -0.0001776075   0.0001601513  -0.0005139533
       -0.0002052502   0.0003190779  -0.0005328940  -0.0001043297   0.0005807101
        0.0000182256   0.0004458518   0.0001133985   0.0295037282   0.0077314687
       -0.0185140957  -0.0954203061  -0.0208318477   0.0938865671  -0.0006063998
       -0.0000021243   0.0004784923   0.0001946240  -0.0002600713  -0.0001475754
        0.0000042912  -0.0000430258   0.0001874037  -0.0002270274   0.0000129990
        0.0002607634
        0.0000106959   0.0000035382  -0.0000215677  -0.0000200636   0.0000393611
        0.0000282236  -0.0000730708   0.0000557497  -0.0000150229   0.0007886550
        0.0004806041   0.0010844400   0.0000321940  -0.0001064401  -0.0000244463
        0.0003908705  -0.0006118799   0.0000133597  -0.0036033188   0.0067446447
       -0.0191141892  -0.0439128165   0.0022612372  -0.0191305656  -0.0017363427
       -0.0060637525   0.0284380403   0.0000056826  -0.0000039264  -0.0000038239
        0.0000323989   0.0000134822  -0.0000270320   0.0000043642   0.0000056585
       -0.0000031812  -0.0000619786  -0.0000269887  -0.0000554112   0.0000321506
       -0.0000416666   0.0000465845   0.0000618070   0.0000529529  -0.0001471119
        0.0000471874   0.0000204177  -0.0000713539  -0.0003172552  -0.0003062142
       -0.0003706138  -0.0001996349   0.0000734814  -0.0000492572  -0.0000585044
        0.0000226255   0.0000117517   0.0002671161   0.0000742104   0.0002265296
       -0.0000682020  -0.0002458032   0.0000103751  -0.0020949872   0.0038560761
       -0.0010608523   0.0002102266  -0.0001155476  -0.0006063998   0.0552794775
       -0.0052149024   0.0208668653  -0.0006717662   0.0006941353  -0.0136035738
        0.0007594764  -0.0000961801   0.0003503588  -0.0051043616  -0.0015648730
        0.0032278740
        0.0000286352  -0.0000087279  -0.0000024349   0.0000257136   0.0000285439
        0.0000024237  -0.0000336217  -0.0000278200  -0.0000699341   0.0001548956
        0.0002870385   0.0010731644  -0.0001419719  -0.0002685387   0.0000144115
        0.0002390232   0.0007055325   0.0013532610   0.0051309704  -0.0078500033
        0.0247383654   0.0023024755  -0.0529865455   0.0408861389  -0.0006998955
       -0.0009087434   0.0070329988  -0.0000044172  -0.0000076103   0.0000013665
        0.0000086724   0.0000003119  -0.0000076549   0.0000154550   0.0000043534
       -0.0000054745  -0.0000248367   0.0000181029  -0.0000282724   0.0000045017
       -0.0000048630  -0.0000078860   0.0000495023  -0.0000112237  -0.0001003923
        0.0000113441  -0.0000182806  -0.0000063519  -0.0005352648  -0.0000852382
       -0.0002741477   0.0000826357   0.0000629468  -0.0002288852   0.0000138060
       -0.0000179591  -0.0000144678   0.0000824289  -0.0004980270  -0.0006061082
       -0.0000958659   0.0003180012  -0.0001832465   0.0034712818  -0.0040662107
        0.0015529904  -0.0004931457   0.0006299839  -0.0000021243  -0.0052149024
        0.0610836700  -0.0492423021  -0.0034762240   0.0030026625  -0.0261427099
        0.0003001052   0.0002211590  -0.0005470824  -0.0012013008   0.0003974849
        0.0008143544
       -0.0000521486  -0.0000239823   0.0000074441  -0.0000342014   0.0000044698
       -0.0000391012  -0.0000889379  -0.0001168939   0.0000712117  -0.0008128354
       -0.0003608790   0.0004331020   0.0000716294   0.0002243760  -0.0001465400
        0.0004247733  -0.0006462201   0.0005794076  -0.0032934162   0.0043702442
       -0.0080055348  -0.0192981247   0.0407329260  -0.2608278865   0.0036140063
        0.0036528214  -0.0165553555  -0.0000104659   0.0000098636   0.0000116221
       -0.0000319529  -0.0000081626   0.0000186354   0.0000134250  -0.0000200724
        0.0000108892   0.0000629519   0.0000036608   0.0001133834   0.0000182879
        0.0000087232  -0.0000747486  -0.0001396263  -0.0000935070   0.0000977770
       -0.0000508433   0.0000016651   0.0000621980   0.0003027729   0.0002729120
        0.0006438062  -0.0000469909  -0.0002304937   0.0000875264   0.0000079617
       -0.0000143992   0.0000112273   0.0001125193   0.0002392265   0.0005328458
        0.0000620532  -0.0002865438   0.0000852838  -0.0012652299   0.0014443713
        0.0003868795  -0.0001163375  -0.0003120182   0.0004784923   0.0208668653
       -0.0492423021   0.3035194268  -0.0034853235   0.0000439704  -0.0207536937
       -0.0001796089  -0.0003290621   0.0002667406   0.0033487972   0.0006753061
       -0.0010150388
       -0.0000357765   0.0000361395   0.0000025825   0.0000205447  -0.0001069336
        0.0000102437  -0.0006455099  -0.0013631717  -0.0006163774  -0.0052902326
       -0.0010267989   0.0027057807  -0.0000048474   0.0001663321   0.0000088641
       -0.0015047146   0.0031307742  -0.0004910923   0.0055816039   0.0153855569
        0.0075182292  -0.0744036697  -0.0704251315  -0.0411799687  -0.0159298626
       -0.0237218020  -0.0111833062   0.0000353530   0.0000166195   0.0000055278
        0.0000137321  -0.0000106016   0.0000008854  -0.0000322706   0.0000223351
       -0.0000064955   0.0000477095  -0.0000046085   0.0000453064  -0.0000032699
       -0.0000305006  -0.0000138892   0.0000614515   0.0000149209  -0.0000420543
       -0.0004182266  -0.0001668381   0.0001243133   0.0000823755   0.0002096553
        0.0002481311  -0.0000573941   0.0000147700   0.0000036820   0.0000010515
        0.0000724259   0.0000110110  -0.0001291388  -0.0000109495  -0.0000103776
        0.0002403896   0.0009338533   0.0003660896   0.0004302412  -0.0002188188
        0.0003160849   0.0005248126   0.0001997581   0.0001946240  -0.0006717662
       -0.0034762240  -0.0034853235   0.0910297788   0.0805265741   0.0462454282
        0.0002806154  -0.0001610058  -0.0004750546   0.0007770201  -0.0000063300
       -0.0003028447
        0.0000145918   0.0000367271  -0.0000174236   0.0000226891  -0.0000800907
       -0.0000039079  -0.0001020660  -0.0004355699  -0.0002884177  -0.0019616830
        0.0005501308   0.0009686742   0.0001915862   0.0003985928   0.0000388185
        0.0040633044  -0.0044472934   0.0009264094  -0.0063958106  -0.0251809022
       -0.0118223481  -0.0703111339  -0.1882332670  -0.0839522008  -0.0062138598
       -0.0068795507  -0.0031606563   0.0000249697   0.0000078376   0.0000037144
        0.0000047575  -0.0000120466   0.0000159712  -0.0000358132   0.0000251084
       -0.0000076400   0.0000131808  -0.0000060422   0.0000110899  -0.0000388959
        0.0000482099   0.0000176909   0.0000218241  -0.0000184608   0.0000134572
       -0.0000803866  -0.0000234701   0.0000643812   0.0001090648   0.0000490370
        0.0001776107   0.0000209014  -0.0000175683  -0.0000189749   0.0000678122
        0.0001996667   0.0000392552   0.0001413405   0.0001819405   0.0003220866
       -0.0005169083  -0.0014790449  -0.0005824768  -0.0005589851   0.0003549407
       -0.0000021459  -0.0000997078   0.0005237907  -0.0002600713   0.0006941353
        0.0030026625   0.0000439704   0.0805265741   0.2208625871   0.0973988609
        0.0002222186   0.0006526522  -0.0000333733   0.0001762996  -0.0000805774
        0.0001076460
        0.0000139572   0.0000113789   0.0000009739   0.0000088501  -0.0000213766
       -0.0000145733   0.0002572378   0.0002995629   0.0002782938   0.0015893780
        0.0004219773  -0.0001585221   0.0000068231   0.0000253916  -0.0000683314
        0.0000161502   0.0002243579   0.0006298490   0.0010007556   0.0021267793
        0.0017264752  -0.0411032430  -0.0839174779  -0.0946910972   0.0050989051
        0.0082329864   0.0046757297   0.0000025995   0.0000007949  -0.0000034201
       -0.0000076850  -0.0000030684   0.0000163001  -0.0000172095   0.0000037837
       -0.0000014212   0.0000225499  -0.0000008332   0.0000027123  -0.0000293436
        0.0000175837   0.0000127925  -0.0000729478  -0.0000151408   0.0000690537
        0.0001282477   0.0000863416  -0.0000242531   0.0002136972   0.0001018867
        0.0002360189   0.0000020357  -0.0000107942   0.0000110838   0.0000310565
        0.0000469266   0.0000001884   0.0000249832   0.0002157186   0.0002870894
        0.0000164838  -0.0000352171   0.0001992373   0.0001231788   0.0005679109
        0.0005250734   0.0002378205  -0.0002152943  -0.0001475754  -0.0136035738
       -0.0261427099  -0.0207536937   0.0462454282   0.0973988609   0.1065166879
       -0.0004401914   0.0001258170   0.0000952560   0.0002340560   0.0004538538
        0.0005800724
        0.0000147415   0.0001495095   0.0001282870  -0.0011257457  -0.0011852452
       -0.0003658906   0.0003675913   0.0000881362  -0.0000232969   0.0059899007
       -0.0074039717   0.0014905392  -0.0000782208  -0.0016861692  -0.0007605194
        0.0000851396  -0.0001983001  -0.0000728768  -0.0057761237  -0.0014287766
        0.0027202251  -0.0230728094   0.0220003324  -0.0025631076  -0.1199137155
        0.1085704793  -0.0225748338   0.0000640488   0.0000411901  -0.0000241349
        0.0000153687  -0.0000001706   0.0000148644  -0.0000133889   0.0000217366
       -0.0000141373   0.0000440736  -0.0000122481  -0.0001428212  -0.0019600730
       -0.0003159400   0.0002950122  -0.0000238474   0.0000587592   0.0000606318
        0.0000010258   0.0000798998  -0.0001028605   0.0002916471   0.0001019139
        0.0003096070  -0.0000584633  -0.0000943366   0.0000715145   0.0001967936
       -0.0005865719   0.0000054686  -0.0000491045  -0.0000216074  -0.0000101985
        0.0000787765  -0.0001213277  -0.0000154594   0.0001800460  -0.0003201287
        0.0002530181  -0.0012561148   0.0013056854   0.0000042912   0.0007594764
        0.0003001052  -0.0001796089   0.0002806154   0.0002222186  -0.0004401914
        0.1471104120  -0.1241088222   0.0245136228  -0.0021520502   0.0045436495
       -0.0025771444
        0.0000461822   0.0001836226  -0.0000188650   0.0001355199  -0.0003407945
       -0.0002043185   0.0006481367   0.0002295195   0.0002021645   0.0133727831
       -0.0255555028   0.0022993750  -0.0026137715  -0.0048717893  -0.0030102303
       -0.0002438505   0.0002426981   0.0001205452  -0.0003540998   0.0009180318
        0.0001416281  -0.0010216400   0.0028216255  -0.0004612425   0.1085666473
       -0.1866878020   0.0300739931   0.0001485519   0.0001002035   0.0000034735
        0.0000444803  -0.0000067568   0.0000053776   0.0000033391   0.0000551147
       -0.0000189158  -0.0001440136   0.0000534382  -0.0002333392  -0.0009507861
        0.0010483295   0.0003668510   0.0000295178  -0.0001993770   0.0001278930
        0.0002504294   0.0002861411   0.0001088583   0.0003662791   0.0006807400
        0.0001828859  -0.0002258411   0.0003070081  -0.0002797409   0.0009387775
       -0.0015080172  -0.0000427661  -0.0000319375  -0.0000341990  -0.0000016600
       -0.0001043361   0.0001532387   0.0000281631  -0.0001685629   0.0000462327
       -0.0001332035  -0.0001347720   0.0000317330  -0.0000430258  -0.0000961801
        0.0002211590  -0.0003290621  -0.0001610058   0.0006526522   0.0001258170
       -0.1241088222   0.2178164636  -0.0332272025   0.0058089752  -0.0066437132
        0.0042165468
        0.0000114991  -0.0000601084  -0.0000767447   0.0000056875   0.0002162765
        0.0002055555   0.0002152152   0.0005022278   0.0002911091   0.0068854957
       -0.0118114872   0.0018404832  -0.0010113484  -0.0021882940  -0.0005399941
       -0.0000864489   0.0001029376  -0.0000480836   0.0020506198   0.0004005761
       -0.0002245918   0.0085395008  -0.0082759721   0.0017104109  -0.0225276220
        0.0300366190  -0.0516728344  -0.0000295993  -0.0000338037  -0.0000137874
        0.0000568692   0.0000491845  -0.0000632714  -0.0000052355  -0.0000039731
        0.0000057161  -0.0001474226  -0.0002228410  -0.0002794797   0.0002669562
       -0.0000914388   0.0005735080  -0.0001148851   0.0001367560  -0.0001511322
        0.0000461555  -0.0000113237  -0.0001227437   0.0004168306  -0.0003970615
        0.0002915750   0.0000142531  -0.0001867728   0.0000872441   0.0003558002
       -0.0005962881   0.0001980413  -0.0000011437  -0.0000024867   0.0000201039
       -0.0000218479   0.0000303182  -0.0000073776   0.0001707112  -0.0000703383
        0.0000921317   0.0003693800  -0.0004254490   0.0001874037   0.0003503588
       -0.0005470824   0.0002667406  -0.0004750546  -0.0000333733   0.0000952560
        0.0245136228  -0.0332272025   0.0567987060  -0.0198483478   0.0267104010
       -0.0094639443
       -0.0000701395  -0.0000348118   0.0000211635  -0.0002465427  -0.0000531736
        0.0000095777   0.0004924507   0.0000963069  -0.0013329306  -0.0019514682
       -0.0001275993  -0.0129491733   0.0003549612   0.0004317560   0.0005764971
       -0.0000473054   0.0001434310   0.0000549151   0.0009003885  -0.0006276606
        0.0009272993  -0.0016269339  -0.0054359759   0.0285694845  -0.0443267801
        0.0048651314  -0.0185884598   0.0000375762   0.0000271679   0.0000123403
       -0.0000638445  -0.0000263633   0.0000532689   0.0000470698  -0.0000032951
        0.0000141431   0.0001538501   0.0000362912   0.0002310874  -0.0000440332
        0.0001643565  -0.0001741102  -0.0004140197  -0.0005174977   0.0003946824
        0.0000819389   0.0001277385   0.0002026582  -0.0006049803  -0.0023731128
       -0.0013616069   0.0002776950   0.0001082135   0.0000939394  -0.0001131298
        0.0001262481   0.0000238210  -0.0001522599  -0.0000840254  -0.0001344702
       -0.0000427883  -0.0000267507  -0.0000091118  -0.0004253107   0.0002743206
       -0.0003117702   0.0002353366  -0.0000970732  -0.0002270274  -0.0051043616
       -0.0012013008   0.0033487972   0.0007770201   0.0001762996   0.0002340560
       -0.0021520502   0.0058089752  -0.0198483478   0.0540276612  -0.0017775964
        0.0201692772
        0.0000115286   0.0000017901   0.0000124134   0.0000352357   0.0000301478
        0.0000459123   0.0005809684   0.0005222342  -0.0006656097  -0.0035318161
        0.0014593309  -0.0247133998  -0.0004856188   0.0009432775  -0.0011759464
        0.0001407424  -0.0001283351  -0.0000302865   0.0002932187   0.0004419104
       -0.0007780868  -0.0012494948  -0.0009542483   0.0071666885   0.0049454661
       -0.0509663564   0.0366899524   0.0000090823   0.0000038125  -0.0000133351
        0.0000096446   0.0000237452  -0.0000042008   0.0000103893  -0.0000024049
        0.0000062336   0.0000180824  -0.0001443751  -0.0000269322   0.0000467471
        0.0000058266   0.0002035243  -0.0003273567  -0.0000012981   0.0002682542
        0.0001562081   0.0000905379   0.0000600832  -0.0021402036  -0.0036938257
       -0.0031561750   0.0000780920  -0.0005625479   0.0002019020   0.0000033816
        0.0001662299   0.0002150805  -0.0000746442  -0.0001282803   0.0001324804
       -0.0000225808  -0.0000335159  -0.0000064730   0.0002243489   0.0002038199
       -0.0000455552   0.0000737288  -0.0001478897   0.0000129990  -0.0015648730
        0.0003974849   0.0006753061  -0.0000063300  -0.0000805774   0.0004538538
        0.0045436495  -0.0066437132   0.0267104010  -0.0017775964   0.0591972202
       -0.0422390842
        0.0000813844   0.0000264080   0.0000006288  -0.0001120323  -0.0000862390
       -0.0000761303   0.0005786344   0.0005494185   0.0005293705  -0.0039546429
       -0.0016161634  -0.0201049177   0.0000035833   0.0009365983   0.0004091795
        0.0001801471  -0.0001803614  -0.0002436684  -0.0008142111   0.0000667117
        0.0003768219   0.0032212044   0.0037921409  -0.0164764607  -0.0183878165
        0.0371459265  -0.2614892865   0.0000373074   0.0000312705  -0.0000073601
       -0.0000472562  -0.0000232424   0.0000966406   0.0000424119   0.0000036793
       -0.0000055121   0.0001966148  -0.0000131083   0.0002024782  -0.0002000507
        0.0001805423  -0.0001142477  -0.0004129807  -0.0002444325   0.0006999754
        0.0002214863   0.0002278735   0.0001992368  -0.0013995010  -0.0032374584
       -0.0018865796   0.0001990297  -0.0006167725   0.0005719911   0.0000163589
        0.0003096743   0.0002847968  -0.0001314184   0.0001312327   0.0002279757
       -0.0000089900   0.0000053669   0.0000220822   0.0004872966  -0.0003547537
        0.0005168046  -0.0003137215   0.0000662251   0.0002607634   0.0032278740
        0.0008143544  -0.0010150388  -0.0003028447   0.0001076460   0.0005800724
       -0.0025771444   0.0042165468  -0.0094639443   0.0201692772  -0.0422390842
        0.3059043283
