$hessian                                                                        
        0.4789053396   0.0240774369  -0.0179355464  -0.1605560570   0.0510632321
       -0.0379222034  -0.0291620967   0.0075485006  -0.0052464753  -0.0038375663
       -0.0022697652   0.0019023425  -0.0011131836   0.0005341336  -0.0004179477
       -0.0002544889  -0.0001786208   0.0001820140  -0.0000006669   0.0000002783
       -0.0000082247  -0.0001270757   0.0000468400  -0.0000389388  -0.0436436088
       -0.0015900584  -0.0107113502  -0.1889682024  -0.0916693583   0.0743821648
       -0.0432006084   0.0040208215   0.0023038626  -0.0043658295   0.0046807623
       -0.0010174710  -0.0051412523   0.0025991505  -0.0045283058   0.0007376348
        0.0008374039  -0.0003157160   0.0007595737   0.0004919528  -0.0007392359
       -0.0000132432  -0.0002043921  -0.0000368362  -0.0000168476   0.0000041400
        0.0001812516  -0.0000030270   0.0000027407  -0.0000622217   0.0000093061
        0.0000738851  -0.0000140248   0.0000259817  -0.0000024902   0.0000443117
       -0.0000123013  -0.0000057826   0.0000051423   0.0000053487  -0.0000405756
        0.0000084090   0.0000020560  -0.0000146479  -0.0000180576  -0.0000450161
       -0.0000211943   0.0000116016   0.0000066063   0.0000014407  -0.0000099687
        0.0000092249   0.0000141662   0.0000014242
        0.0240774369   0.5122763150   0.0080188280   0.0503812645  -0.0925488147
        0.0180059609  -0.0091710670   0.0048683512  -0.0032418250  -0.0021246979
       -0.0007368193   0.0008748522  -0.0005960221   0.0003874883  -0.0001580031
       -0.0001354806  -0.0000738948   0.0001014037  -0.0000307308  -0.0000110710
       -0.0000023215  -0.0000592924   0.0000270341  -0.0000165805  -0.0014022545
       -0.0458298644  -0.0116596259  -0.0918686783  -0.1003523684   0.0448215218
        0.0044803517  -0.2624532907  -0.0662649578   0.0268755623  -0.0172872097
        0.0088268962   0.0009124523   0.0005223736   0.0011170096  -0.0011268764
        0.0008431833  -0.0000315407  -0.0002307889   0.0002234959  -0.0003060829
       -0.0001067805   0.0001383554   0.0000506400   0.0000263705  -0.0000412831
       -0.0000759673   0.0000355254   0.0000049159  -0.0000113560   0.0000709861
        0.0000384480  -0.0000305653   0.0000072449  -0.0000045617  -0.0000092142
       -0.0000049900   0.0000187335  -0.0000120686  -0.0000091714  -0.0000103598
       -0.0000013429   0.0000115116  -0.0000032194   0.0000067438  -0.0000288114
        0.0000011377  -0.0000023605   0.0000078353   0.0000040793   0.0000020122
        0.0000091008  -0.0000011545  -0.0000020562
       -0.0179355464   0.0080188280   0.5172405947  -0.0374027352   0.0180143898
       -0.0813760654   0.0077929139  -0.0036167423   0.0031225538   0.0017721849
        0.0008490895  -0.0004091796   0.0004869511  -0.0001577260   0.0003190625
        0.0001140335   0.0000726314  -0.0000752304   0.0000260546   0.0000036974
        0.0000156064   0.0000508298  -0.0000141286   0.0000278967  -0.0111322189
       -0.0115854359  -0.2816772843   0.0745419463   0.0448008638  -0.0817187157
        0.0022165539  -0.0663012633  -0.0655205758   0.0058873314  -0.0034010554
        0.0030378650  -0.0274655398   0.0137881489  -0.0139602846  -0.0000578752
       -0.0001730164   0.0001430506   0.0011026104  -0.0002255049   0.0007444646
       -0.0000560359  -0.0000259065  -0.0000564855   0.0001361922   0.0000080046
        0.0001206933  -0.0000545559  -0.0000331986   0.0000253409  -0.0000353674
       -0.0000169009   0.0000088991   0.0000090041   0.0000035953  -0.0000064955
        0.0000094973  -0.0000065427   0.0000091256  -0.0000066648   0.0000043604
       -0.0000121535  -0.0000100558  -0.0000001121  -0.0000030023   0.0000235522
        0.0000009524   0.0000026654  -0.0000057820  -0.0000035256  -0.0000033315
       -0.0000072783  -0.0000035024   0.0000009854
       -0.1605560570   0.0503812645  -0.0374027352   0.4558811755  -0.0038482116
        0.0048271200  -0.1404510717  -0.0507003177   0.0413326821  -0.0280266607
       -0.0086904917   0.0075670933  -0.0040029865   0.0019073936  -0.0015187104
       -0.0009119842  -0.0005793520   0.0005616309   0.0000322781  -0.0000267882
       -0.0000056267  -0.0003340292   0.0001146021  -0.0001264060  -0.0045068534
        0.0022113982  -0.0052060487  -0.0262296636   0.0097603905  -0.0070629210
       -0.0037042481   0.0052366692  -0.0005158744  -0.0411583590   0.0020017615
        0.0007081509  -0.0414842402  -0.0006831497  -0.0086897618  -0.0032382842
       -0.0043866787   0.0009303924  -0.0025391866  -0.0015109185   0.0037341295
        0.0007128294  -0.0008881375   0.0002918276   0.0007048589  -0.0004469647
        0.0006821402  -0.0000901888  -0.0000263389  -0.0001163306  -0.0000485666
        0.0002030911  -0.0000127407   0.0000129807  -0.0000177519   0.0000622663
        0.0000380660   0.0000088417   0.0000159299  -0.0000360364  -0.0000023048
       -0.0000063548  -0.0000089468  -0.0000174122  -0.0000408173  -0.0000854366
       -0.0000633419   0.0000378724   0.0000176695   0.0000125955  -0.0000460975
        0.0000129413   0.0000501522  -0.0000008107
        0.0510632321  -0.0925488147   0.0180143898  -0.0038482116   0.5144746888
        0.0194370929  -0.0498751384  -0.0968785510   0.0226773451   0.0072891575
        0.0045867887  -0.0036063747   0.0020471982  -0.0006781848   0.0007322689
        0.0004307292   0.0004249424  -0.0002610613   0.0000134716   0.0000317092
        0.0000021454   0.0001940921  -0.0000752859   0.0000669838   0.0002332330
        0.0003839511   0.0017926438  -0.0111284334   0.0055343182  -0.0038531402
        0.0266522488  -0.0178515367   0.0088406330   0.0014175628  -0.2516698258
       -0.0634843631  -0.0008706583  -0.0473064640  -0.0124038672  -0.0248461822
       -0.0198476938   0.0108716086  -0.0004779405   0.0004549550   0.0015992621
        0.0013974493   0.0006310378  -0.0001229884   0.0002884499   0.0001887013
       -0.0002538148  -0.0000472200  -0.0000184248  -0.0000842137   0.0000236348
        0.0001194421   0.0000425694  -0.0000321425   0.0000013599  -0.0000015993
        0.0000190624   0.0000002942   0.0000073199  -0.0000109679   0.0000142227
        0.0000260671  -0.0000047463   0.0000090619  -0.0000238486   0.0000926910
        0.0000245212  -0.0000000456  -0.0000110370  -0.0000011110  -0.0000210235
       -0.0000095349  -0.0000041021   0.0000060104
       -0.0379222034   0.0180059609  -0.0813760654   0.0048271200   0.0194370929
        0.5240059989   0.0405615446   0.0227085266  -0.0879357824  -0.0050967708
       -0.0032614614   0.0030285212  -0.0015192505   0.0006496676  -0.0002023279
       -0.0002988336  -0.0001352355   0.0003894264  -0.0000356785  -0.0000024239
       -0.0000230821  -0.0001341345   0.0000456089  -0.0000405797  -0.0274626447
        0.0139273052  -0.0143801101   0.0092275291  -0.0042717001   0.0034698972
        0.0065940197  -0.0028907566   0.0030657131   0.0007869482  -0.0633364724
       -0.0662059510  -0.0081484864  -0.0125363004  -0.2703768194  -0.0054872339
       -0.0033146733   0.0034813475   0.0254205222   0.0154090533  -0.0175610621
        0.0000032882  -0.0001466803   0.0001455287  -0.0012637682  -0.0001872268
        0.0004838880  -0.0000804297   0.0000171118   0.0001106291   0.0000371607
       -0.0000670231  -0.0000737563   0.0000332283  -0.0000260636  -0.0000164640
       -0.0000386553   0.0000106625  -0.0000037813   0.0000336529  -0.0000142690
        0.0000277107   0.0000116804  -0.0000002207  -0.0000129901  -0.0000682794
       -0.0000085003   0.0000021270   0.0000025968   0.0000033700   0.0000004970
        0.0000170778  -0.0000153522  -0.0000025134
       -0.0291620967  -0.0091710670   0.0077929139  -0.1404510717  -0.0498751384
        0.0405615446   0.4540562142  -0.0008881597   0.0022174997  -0.1509870372
        0.0493815215  -0.0371655240  -0.0288565520   0.0066384101  -0.0049246926
       -0.0030220981  -0.0020188284   0.0019852329   0.0000493371  -0.0000485037
       -0.0000623430  -0.0011081144   0.0003116816  -0.0003613368   0.0009508620
       -0.0004757043   0.0007949510  -0.0050020052   0.0018815986  -0.0013449937
        0.0009650243  -0.0008852774   0.0002438073  -0.0033676673  -0.0046551916
        0.0009402975  -0.0026024567  -0.0015220040   0.0039722348  -0.0413595192
        0.0027419956   0.0006688525  -0.0416170810  -0.0003070923  -0.0087270941
       -0.0041862266   0.0049158136  -0.0007399078  -0.0053731983   0.0025975371
       -0.0049780006   0.0006749523   0.0003880345  -0.0006180840   0.0007750382
        0.0010994807  -0.0004486741  -0.0000318682  -0.0000205784   0.0001503171
        0.0000595754   0.0000218298   0.0000614253  -0.0000560325   0.0000269980
       -0.0000254389  -0.0000674889  -0.0000071689  -0.0000578999  -0.0002764423
       -0.0002186832   0.0001294321  -0.0000068827   0.0000124516  -0.0000603367
        0.0000028355   0.0000760447  -0.0000041827
        0.0075485006   0.0048683512  -0.0036167423  -0.0507003177  -0.0968785510
        0.0227085266  -0.0008881597   0.5132895744   0.0198935341   0.0494095283
       -0.0913548839   0.0168429967  -0.0088855812   0.0043063466  -0.0030354916
       -0.0021523486  -0.0009892700   0.0011133156   0.0001665257  -0.0001325518
        0.0000076318  -0.0006763165   0.0002284893  -0.0002004210   0.0002405845
        0.0002202028  -0.0003134878   0.0030197108  -0.0003098236   0.0005925799
        0.0013254925   0.0007720691  -0.0001816166  -0.0247860684  -0.0197717757
        0.0109467498  -0.0004837393   0.0004599137   0.0016407128   0.0029352301
       -0.2506961098  -0.0628267016  -0.0003749118  -0.0473688264  -0.0131480185
        0.0264869426  -0.0185737017   0.0088995858  -0.0001126389   0.0008299451
        0.0011106184  -0.0002824473   0.0001253896  -0.0002385914  -0.0016479404
        0.0008154737  -0.0000207425   0.0000394244  -0.0000502097  -0.0000650270
        0.0000266399   0.0001457952  -0.0000588058  -0.0000495603   0.0001317380
       -0.0001158220   0.0000266390  -0.0000077201   0.0000630123  -0.0002388888
       -0.0000808451   0.0000319836   0.0000334890   0.0000194721  -0.0000049185
        0.0000202115   0.0000015079  -0.0000248609
       -0.0052464753  -0.0032418250   0.0031225538   0.0413326821   0.0226773451
       -0.0879357824   0.0022174997   0.0198935341   0.5222280624  -0.0366760154
        0.0167317985  -0.0812206399   0.0081842566  -0.0037855529   0.0031589729
        0.0015211736   0.0008924286  -0.0006733791   0.0001446679   0.0000478058
        0.0000953251   0.0004996183  -0.0001316591   0.0003122238  -0.0013147948
       -0.0002768882   0.0006875222  -0.0022420039   0.0006155572   0.0001046977
        0.0000527113  -0.0001438966   0.0000959675  -0.0055481515  -0.0032737581
        0.0035089319   0.0253890174   0.0154241227  -0.0173962501   0.0006363002
       -0.0628979786  -0.0658035258  -0.0089026156  -0.0129074479  -0.2691527664
        0.0057083915  -0.0030950684   0.0030281048  -0.0270923707   0.0138688473
       -0.0148392327   0.0011925212  -0.0001323088   0.0003953467   0.0000090000
       -0.0002562589   0.0002786681   0.0000806442   0.0000328400   0.0000829421
        0.0000214280  -0.0000267940   0.0000025026  -0.0000950753  -0.0000348135
       -0.0000437382   0.0000016535  -0.0000069472  -0.0000228940   0.0001931225
        0.0000770364  -0.0000297641  -0.0000301158  -0.0000368018   0.0000050503
       -0.0000370698  -0.0000133167   0.0000111010
       -0.0038375663  -0.0021246979   0.0017721849  -0.0280266607   0.0072891575
       -0.0050967708  -0.1509870372   0.0494095283  -0.0366760154   0.4493492188
        0.0029626432   0.0042918216  -0.1381293976  -0.0486019935   0.0431193760
       -0.0263930938  -0.0093859154   0.0074669263   0.0003194143  -0.0000367833
       -0.0000708757  -0.0042953301   0.0016749781  -0.0015256552  -0.0000274784
       -0.0000337395   0.0002178740  -0.0012527097   0.0005234457  -0.0003790076
       -0.0000453860  -0.0002169536  -0.0000213770   0.0007690872   0.0008389714
       -0.0003201563   0.0007915866   0.0005022201  -0.0007418951  -0.0043782673
        0.0049576832  -0.0009254277  -0.0051090178   0.0023533381  -0.0049216485
       -0.0402758882  -0.0017326659  -0.0008236113  -0.0416552906  -0.0011478281
       -0.0115380853  -0.0029976913  -0.0016908180   0.0039478623  -0.0025564603
       -0.0042890992   0.0006651669   0.0008932140  -0.0003415677   0.0010576559
       -0.0000874239  -0.0003308338   0.0000759055  -0.0007401095  -0.0000685640
        0.0001476963  -0.0001591033   0.0000575770   0.0000584495  -0.0011732577
       -0.0007650383   0.0004199693  -0.0000535629   0.0000264841  -0.0001738903
        0.0000582115   0.0001704714  -0.0000264720
       -0.0022697652  -0.0007368193   0.0008490895  -0.0086904917   0.0045867887
       -0.0032614614   0.0493815215  -0.0913548839   0.0167317985   0.0029626432
        0.5180810991   0.0209024874  -0.0475805493  -0.0957051302   0.0237978044
        0.0045660983   0.0048596432  -0.0036370290  -0.0003156460   0.0000618692
        0.0001712209   0.0015385001  -0.0001238035   0.0005527464   0.0000320815
       -0.0000377240  -0.0000772686  -0.0007831757   0.0003421872  -0.0000893016
       -0.0000485122   0.0000934754   0.0000461165  -0.0013614154   0.0005885760
       -0.0000350601  -0.0002928079   0.0002101509  -0.0002736942   0.0261387091
       -0.0181802471   0.0088568390   0.0002739225   0.0007014149   0.0012697717
       -0.0014547622  -0.2561938172  -0.0601425864  -0.0008982595  -0.0482078757
       -0.0182431737   0.0014262334   0.0016336435   0.0002495624  -0.0248209687
       -0.0207397577   0.0125735416   0.0002475141   0.0001451588  -0.0002415755
        0.0000952785  -0.0000416555  -0.0001365919   0.0011781520  -0.0004382474
        0.0003377919   0.0001302333   0.0000004908  -0.0001367118   0.0004941585
        0.0003960541  -0.0000334994  -0.0000154352  -0.0000514192  -0.0001093710
        0.0000667431   0.0001108290   0.0000785545
        0.0019023425   0.0008748522  -0.0004091796   0.0075670933  -0.0036063747
        0.0030285212  -0.0371655240   0.0168429967  -0.0812206399   0.0042918216
        0.0209024874   0.5210448050   0.0425317567   0.0239539010  -0.0899102875
       -0.0051870210  -0.0042359858   0.0035688079  -0.0001462537  -0.0000421450
        0.0000300764  -0.0021387228   0.0005163361  -0.0003251550   0.0000654650
        0.0000107158   0.0000831166   0.0006626095  -0.0001252137   0.0002867162
       -0.0000507104  -0.0000414248  -0.0000420119  -0.0000057694  -0.0002002241
        0.0001193222   0.0012353312  -0.0001449433   0.0005145871   0.0061655056
       -0.0032233621   0.0030094874  -0.0270135738   0.0137769546  -0.0148419325
       -0.0007687812  -0.0598901904  -0.0633768753  -0.0114630783  -0.0180261928
       -0.2676541503   0.0248969491   0.0148163305  -0.0179198753  -0.0031588484
       -0.0015534955   0.0028992487  -0.0015114602  -0.0003051891   0.0006118359
       -0.0001575100   0.0000136263   0.0000499970   0.0001133844  -0.0001031356
        0.0002250940  -0.0000051032   0.0000229962  -0.0000829145  -0.0006577232
       -0.0002113262   0.0002772365  -0.0000541317  -0.0000154062   0.0000779179
        0.0000519520  -0.0000065874  -0.0000437484
       -0.0011131836  -0.0005960221   0.0004869511  -0.0040029865   0.0020471982
       -0.0015192505  -0.0288565520  -0.0088855812   0.0081842566  -0.1381293976
       -0.0475805493   0.0425317567   0.4529377156   0.0000829552  -0.0034196403
       -0.1494994632   0.0343343330  -0.0400926626  -0.0081035348   0.0079993044
       -0.0017296395  -0.0295663960   0.0030075880  -0.0067826276   0.0000152665
       -0.0000198019   0.0000670203  -0.0003746419   0.0001776243  -0.0001296373
        0.0000135613  -0.0000673341   0.0000026264  -0.0000839084   0.0001167796
        0.0000259989  -0.0000685324   0.0000007511  -0.0001069627   0.0007164558
       -0.0009441560   0.0002657755   0.0007901518  -0.0005113613   0.0008484758
       -0.0026700965  -0.0043024594   0.0010753747  -0.0024210715  -0.0010134686
        0.0038960338  -0.0418524449   0.0002412519  -0.0025776199  -0.0414272448
        0.0151714136   0.0030273875  -0.0041017163   0.0015500351  -0.0042595627
        0.0000660104   0.0010863182   0.0001753310   0.0001903499  -0.0005176347
        0.0000436559   0.0004736964  -0.0007460374  -0.0003031130  -0.0043239037
       -0.0022954581   0.0013723827   0.0008589640   0.0006604288  -0.0008087383
        0.0005329023   0.0010038828  -0.0002735724
        0.0005341336   0.0003874883  -0.0001577260   0.0019073936  -0.0006781848
        0.0006496676   0.0066384101   0.0043063466  -0.0037855529  -0.0486019935
       -0.0957051302   0.0239539010   0.0000829552   0.5098865268   0.0237188729
        0.0373417420  -0.0768041517   0.0146262767   0.0259078853  -0.0148665582
        0.0082767913  -0.0127900119   0.0029992939  -0.0044377930  -0.0000369689
        0.0000152482   0.0000093116   0.0002301011  -0.0000388576   0.0000228466
       -0.0000460230   0.0000063970  -0.0000330958   0.0000633420   0.0001281957
        0.0000471370  -0.0000306443  -0.0000352034  -0.0000910221   0.0014680650
        0.0006336196  -0.0001888197   0.0002111798   0.0002392783  -0.0002271904
       -0.0247379621  -0.0185613845   0.0117534259   0.0003132280   0.0011413472
        0.0008969361  -0.0000612065  -0.0500969862  -0.0322306718   0.0148882491
       -0.2587559108  -0.0438321853  -0.0003651078   0.0010780175   0.0004977506
        0.0019021839  -0.0060113068  -0.0010339573  -0.0000629161   0.0005029282
        0.0003984847   0.0001932233   0.0008987095   0.0007545011  -0.0033717398
       -0.0014722180   0.0009562593  -0.0000835454   0.0003085882  -0.0003621841
       -0.0014939727   0.0004939073  -0.0001819640
       -0.0004179477  -0.0001580031   0.0003190625  -0.0015187104   0.0007322689
       -0.0002023279  -0.0049246926  -0.0030354916   0.0031589729   0.0431193760
        0.0237978044  -0.0899102875  -0.0034196403   0.0237188729   0.5170176133
       -0.0411203414   0.0143811622  -0.0858703769   0.0041746603  -0.0008683482
        0.0023651617   0.0067288999  -0.0019603117   0.0033292356   0.0000425260
       -0.0000258451  -0.0000002620  -0.0001891131   0.0000263006  -0.0000150982
        0.0000259978   0.0000019827   0.0000063117   0.0000506132  -0.0000623022
       -0.0000442202  -0.0000925384  -0.0000082888   0.0001264380  -0.0001105170
       -0.0001428174   0.0000737998  -0.0012012905  -0.0001240278   0.0006509864
       -0.0046225047  -0.0024124186   0.0030933149   0.0250616218   0.0146178530
       -0.0181101948  -0.0029547718  -0.0321369623  -0.2652290289   0.0028699881
       -0.0447375056  -0.0556055690  -0.0272539142   0.0100467970  -0.0170506026
        0.0008872626  -0.0016513085   0.0002504339   0.0000781469   0.0002272830
        0.0000506454   0.0012330848  -0.0008939913   0.0007100492   0.0022651869
        0.0008938490   0.0001296559   0.0012064593   0.0000072932   0.0006846159
        0.0000821586  -0.0002338446   0.0000716708
       -0.0002544889  -0.0001354806   0.0001140335  -0.0009119842   0.0004307292
       -0.0002988336  -0.0030220981  -0.0021523486   0.0015211736  -0.0263930938
        0.0045660983  -0.0051870210  -0.1494994632   0.0373417420  -0.0411203414
        0.4646504465  -0.0029071440  -0.0054672250  -0.0669356606   0.0198564704
        0.0056255389  -0.1338106470  -0.0549041549   0.0332601769   0.0000186117
       -0.0000123143   0.0000489190  -0.0000411971   0.0000489914  -0.0000395316
        0.0000213205  -0.0000517073   0.0000009196  -0.0000129206   0.0000625247
        0.0000043758  -0.0000040503   0.0000135509  -0.0000681848   0.0000629995
       -0.0001818350  -0.0000000236  -0.0000536437  -0.0000082456   0.0001597209
        0.0006299230   0.0002747381  -0.0003122276   0.0008569842   0.0004624669
       -0.0008124894  -0.0038280158   0.0011734515  -0.0048400027  -0.0063367052
        0.0053786920  -0.0023474075  -0.0424520153   0.0008565888   0.0051969591
       -0.0081416038   0.0270349703   0.0061540997   0.0025842678  -0.0202573375
       -0.0046184741   0.0000169169   0.0000805039   0.0008762382  -0.0257033431
       -0.0146171641   0.0082228501  -0.0029860266  -0.0020995621   0.0049099261
        0.0015454872  -0.0002542243  -0.0009831693
       -0.0001786208  -0.0000738948   0.0000726314  -0.0005793520   0.0004249424
       -0.0001352355  -0.0020188284  -0.0009892700   0.0008924286  -0.0093859154
        0.0048596432  -0.0042359858   0.0343343330  -0.0768041517   0.0143811622
       -0.0029071440   0.4754455035   0.0046085507   0.0213265180  -0.1808434268
       -0.0333755333  -0.0555547502  -0.1051423392   0.0251692335   0.0000126352
       -0.0000003906  -0.0000113859  -0.0000833537   0.0000086413  -0.0000012820
        0.0000134679  -0.0000093092   0.0000034280   0.0000175591  -0.0000248519
       -0.0000373104   0.0000253258   0.0000192283   0.0000104356   0.0000026633
       -0.0000077258   0.0000759719   0.0000407597  -0.0000524015  -0.0000670082
       -0.0003302941  -0.0003275171  -0.0002741440  -0.0001286825   0.0003485303
       -0.0001748287  -0.0019912263   0.0012994404  -0.0003423707   0.0260637638
       -0.0158115152   0.0110275650   0.0010703876  -0.0431861811  -0.0147846132
        0.0055721982  -0.0127088805  -0.0020188566   0.0003281056  -0.0220460653
       -0.0038655698   0.0012430695  -0.0064361073  -0.0062666492   0.0048281807
        0.0040171109  -0.0025234186  -0.0004553543   0.0000123643   0.0024984224
       -0.0212654458  -0.0219713767   0.0093743627
        0.0001820140   0.0001014037  -0.0000752304   0.0005616309  -0.0002610613
        0.0003894264   0.0019852329   0.0011133156  -0.0006733791   0.0074669263
       -0.0036370290   0.0035688079  -0.0400926626   0.0146262767  -0.0858703769
       -0.0054672250   0.0046085507   0.5383750971   0.0059139750  -0.0336540319
       -0.0777634502   0.0341808071   0.0257258946  -0.0839477857  -0.0000164923
        0.0000073013  -0.0000092995   0.0001002182  -0.0000049993   0.0000045527
       -0.0000122157  -0.0000199367   0.0000001672  -0.0000276114  -0.0000023019
        0.0000057402  -0.0000137397  -0.0000216025  -0.0000350166  -0.0000504374
       -0.0000395226  -0.0000314542  -0.0000104108   0.0000278934   0.0000174447
       -0.0001133579  -0.0001810926   0.0001404395   0.0016932677  -0.0001446492
        0.0003374017  -0.0272762054   0.0102573910  -0.0178277138   0.0039534634
       -0.0017889036   0.0024223979   0.0047228777  -0.0144720564  -0.2613065519
       -0.0020783342   0.0091086097   0.0026282664  -0.0016951245   0.0111605792
        0.0028442253   0.0054053807  -0.0306763281  -0.0132650585  -0.0079206345
       -0.0059014221   0.0036895280   0.0241678177   0.0181567487  -0.0163020877
       -0.0055591606  -0.0040890274   0.0026839095
       -0.0000006669  -0.0000307308   0.0000260546   0.0000322781   0.0000134716
       -0.0000356785   0.0000493371   0.0001665257   0.0001446679   0.0003194143
       -0.0003156460  -0.0001462537  -0.0081035348   0.0259078853   0.0041746603
       -0.0669356606   0.0213265180   0.0059139750   0.5229209670   0.0156021479
        0.0026908266   0.0002803199  -0.0209514306  -0.0040340976   0.0000093013
        0.0000058311   0.0000052812  -0.0000426023  -0.0000027627   0.0000030052
        0.0000105271  -0.0000098623  -0.0000085086  -0.0000333143  -0.0000338581
       -0.0000182603  -0.0000277276   0.0000133738   0.0000186927  -0.0000869975
        0.0000010001  -0.0000798273   0.0000373512   0.0000224304   0.0000732555
       -0.0010592249   0.0009230611  -0.0001358313  -0.0001366893   0.0001677699
        0.0001278191   0.0007399727   0.0000432926   0.0009803681  -0.0046015428
        0.0029555767  -0.0017152935   0.0006989065   0.0016300380   0.0008134876
       -0.2387799192   0.0588482832  -0.0709956083  -0.1584962010  -0.0999297626
        0.0684603247  -0.0450775468  -0.0010986257  -0.0070323622   0.0006809494
       -0.0012640108  -0.0000339467   0.0005087846  -0.0000964052  -0.0005714456
       -0.0029064813  -0.0038941105   0.0013746950
        0.0000002783  -0.0000110710   0.0000036974  -0.0000267882   0.0000317092
       -0.0000024239  -0.0000485037  -0.0001325518   0.0000478058  -0.0000367833
        0.0000618692  -0.0000421450   0.0079993044  -0.0148665582  -0.0008683482
        0.0198564704  -0.1808434268  -0.0336540319   0.0156021479   0.4641162547
       -0.0196046040  -0.0024361173  -0.0264467255  -0.0029043158   0.0000046340
       -0.0000031127  -0.0000038032  -0.0000026040  -0.0000012028   0.0000040419
       -0.0000045081   0.0000040273   0.0000035031  -0.0000064954  -0.0000092116
       -0.0000151703  -0.0000008251   0.0000051271   0.0000213448   0.0000235347
       -0.0000065029   0.0000213652   0.0000353940  -0.0000194397  -0.0000241445
       -0.0002117724  -0.0000834717  -0.0002228627   0.0000774332   0.0000254690
        0.0000304445  -0.0008473040   0.0006566799  -0.0006051169   0.0020904795
       -0.0007282348   0.0005881518   0.0014265671  -0.0078545001  -0.0045848132
        0.0585100700  -0.0596755869   0.0219361344  -0.0996990373  -0.1274585045
        0.0598684742  -0.0012115797  -0.0452080457  -0.0204931687   0.0009619012
        0.0006436889  -0.0002299747   0.0007896311   0.0007327031  -0.0006132217
       -0.0028455275  -0.0029293819   0.0013431812
       -0.0000082247  -0.0000023215   0.0000156064  -0.0000056267   0.0000021454
       -0.0000230821  -0.0000623430   0.0000076318   0.0000953251  -0.0000708757
        0.0001712209   0.0000300764  -0.0017296395   0.0082767913   0.0023651617
        0.0056255389  -0.0333755333  -0.0777634502   0.0026908266  -0.0196046040
        0.5192925730  -0.0005740775   0.0084008372   0.0027235234  -0.0000012864
        0.0000032260  -0.0000077199  -0.0000071643  -0.0000007278   0.0000029851
       -0.0000021501   0.0000058526  -0.0000001446   0.0000228793   0.0000049509
        0.0000100468  -0.0000009697  -0.0000050324  -0.0000190579  -0.0000171603
        0.0000256680  -0.0000262016   0.0000239093   0.0000088514   0.0000126507
        0.0003142916   0.0000149785   0.0002009740  -0.0000841498  -0.0000230080
       -0.0000056281  -0.0004794316   0.0012976567   0.0008345569  -0.0020213603
        0.0016153643  -0.0000812294   0.0051826001  -0.0302053119  -0.0121125059
       -0.0714316704   0.0219915879  -0.0710759634   0.0684240725   0.0597646685
       -0.0858127499  -0.0068867663  -0.0213786324  -0.2796023637  -0.0002244241
       -0.0000810620   0.0000779046   0.0000132291   0.0010605735   0.0007923922
        0.0013099731   0.0020242281   0.0000763205
       -0.0001270757  -0.0000592924   0.0000508298  -0.0003340292   0.0001940921
       -0.0001341345  -0.0011081144  -0.0006763165   0.0004996183  -0.0042953301
        0.0015385001  -0.0021387228  -0.0295663960  -0.0127900119   0.0067288999
       -0.1338106470  -0.0555547502   0.0341808071   0.0002803199  -0.0024361173
       -0.0005740775   0.4865024068  -0.0315180837   0.0190589338   0.0000090000
       -0.0000009456   0.0000062099  -0.0000554597   0.0000117622  -0.0000100250
        0.0000070902  -0.0000047966  -0.0000025638   0.0000185008   0.0000433922
       -0.0000012218   0.0000203948   0.0000086160  -0.0000392638   0.0000268392
       -0.0000730076   0.0000051781   0.0000095893  -0.0000192950   0.0000574644
       -0.0001507485  -0.0000058302   0.0001022665   0.0000066258   0.0000484966
       -0.0002017036   0.0005552991  -0.0003527305   0.0006793848   0.0003128148
       -0.0013720007   0.0004926663  -0.0037339187  -0.0034876142   0.0037490226
        0.0009190384   0.0012469417  -0.0000151628   0.0004865258   0.0009849181
        0.0000343862   0.0002323341   0.0004878921  -0.0000662907  -0.2232500789
        0.0660424821  -0.0798422580  -0.0440952869   0.0014138004   0.0078766565
       -0.0488596939   0.0363298987   0.0095031001
        0.0000468400   0.0000270341  -0.0000141286   0.0001146021  -0.0000752859
        0.0000456089   0.0003116816   0.0002284893  -0.0001316591   0.0016749781
       -0.0001238035   0.0005163361   0.0030075880   0.0029992939  -0.0019603117
       -0.0549041549  -0.1051423392   0.0257258946  -0.0209514306  -0.0264467255
        0.0084008372  -0.0315180837   0.5037484573   0.0144141712  -0.0000070294
        0.0000002892   0.0000005997   0.0000260396   0.0000018625  -0.0000026361
       -0.0000050576  -0.0000001799  -0.0000013673   0.0000071857   0.0000058058
        0.0000043222  -0.0000036046  -0.0000003775  -0.0000126249  -0.0000255670
        0.0000137398  -0.0000104203  -0.0000410368   0.0000052259  -0.0000114212
        0.0001089834   0.0000176059  -0.0000002074  -0.0000504625  -0.0000454590
       -0.0000378199   0.0003083016   0.0001298334  -0.0001115032   0.0016035935
        0.0009597551   0.0000090559  -0.0018331187  -0.0003696814   0.0017497074
       -0.0012619983   0.0006924384   0.0002482481  -0.0000558048  -0.0066034646
       -0.0013360441  -0.0003591809   0.0007824081   0.0007529887   0.0664776091
       -0.0672587145   0.0280693414   0.0014655284  -0.0451663311  -0.0137329460
        0.0358635988  -0.2583798767  -0.0625740215
       -0.0000389388  -0.0000165805   0.0000278967  -0.0001264060   0.0000669838
       -0.0000405797  -0.0003613368  -0.0002004210   0.0003122238  -0.0015256552
        0.0005527464  -0.0003251550  -0.0067826276  -0.0044377930   0.0033292356
        0.0332601769   0.0251692335  -0.0839477857  -0.0040340976  -0.0029043158
        0.0027235234   0.0190589338   0.0144141712   0.5140040013   0.0000058035
       -0.0000025339  -0.0000028335  -0.0000194040  -0.0000019671   0.0000042577
        0.0000065085   0.0000004270   0.0000013052   0.0000081919  -0.0000096419
       -0.0000021019  -0.0000101481   0.0000033714   0.0000011144   0.0000351319
       -0.0000111392   0.0000010994   0.0000602181  -0.0000307047   0.0000209588
        0.0000571237  -0.0000992677  -0.0000277018  -0.0001042106   0.0000164496
        0.0001554581  -0.0009187462  -0.0003193029   0.0006002888   0.0000511190
       -0.0002539261   0.0002502230   0.0239912126   0.0180830272  -0.0150746711
       -0.0000331955   0.0001918854   0.0001290872  -0.0001872509  -0.0016862308
        0.0004258677  -0.0006320038  -0.0008368962   0.0007216212  -0.0801146988
        0.0281523876  -0.0796217549   0.0087358537  -0.0131251667  -0.2808447711
        0.0096184461  -0.0627147957  -0.0628208078
       -0.0436436088  -0.0014022545  -0.0111322189  -0.0045068534   0.0002332330
       -0.0274626447   0.0009508620   0.0002405845  -0.0013147948  -0.0000274784
        0.0000320815   0.0000654650   0.0000152665  -0.0000369689   0.0000425260
        0.0000186117   0.0000126352  -0.0000164923   0.0000093013   0.0000046340
       -0.0000012864   0.0000090000  -0.0000070294   0.0000058035   0.0511465399
       -0.0006687289   0.0149323871  -0.0003832049   0.0001601085   0.0269356625
        0.0007618362  -0.0004904531  -0.0001518419   0.0007536696  -0.0005947694
        0.0000269621  -0.0046785608   0.0025695275  -0.0026934974  -0.0000297950
       -0.0000448786   0.0000301999  -0.0005458553   0.0000621740   0.0005036078
        0.0000553089  -0.0000419137  -0.0000318835   0.0001170442  -0.0000128449
        0.0001791141  -0.0000477769   0.0000031813   0.0000507221  -0.0000034369
       -0.0000074207  -0.0000114699   0.0000249191  -0.0000012818   0.0000246070
        0.0000117584  -0.0000063240   0.0000053766   0.0000002834  -0.0000060613
       -0.0000097133  -0.0000111516   0.0000040258   0.0000128683   0.0000142305
        0.0000001601   0.0000030544  -0.0000089659  -0.0000003618   0.0000107735
       -0.0000019439  -0.0000010544  -0.0000032867
       -0.0015900584  -0.0458298644  -0.0115854359   0.0022113982   0.0003839511
        0.0139273052  -0.0004757043   0.0002202028  -0.0002768882  -0.0000337395
       -0.0000377240   0.0000107158  -0.0000198019   0.0000152482  -0.0000258451
       -0.0000123143  -0.0000003906   0.0000073013   0.0000058311  -0.0000031127
        0.0000032260  -0.0000009456   0.0000002892  -0.0000025339  -0.0006687289
        0.0495742175   0.0120838667  -0.0010783452   0.0005995462   0.0173481490
       -0.0009281428  -0.0046863217  -0.0335994741  -0.0001565351   0.0003102104
        0.0007544440   0.0028049216  -0.0005334356   0.0015450739   0.0000211646
       -0.0001638485  -0.0001764954  -0.0000594565   0.0002155810  -0.0000243322
        0.0000165837  -0.0000143918   0.0000451728  -0.0000324000  -0.0000411542
       -0.0000165311   0.0000043625   0.0000159394  -0.0000014365  -0.0000078841
       -0.0000178154  -0.0000109559  -0.0000025128  -0.0000063424  -0.0000031014
        0.0000000509  -0.0000039108  -0.0000018559  -0.0000030648   0.0000038342
        0.0000069107   0.0000043156   0.0000031661  -0.0000061953   0.0000024862
       -0.0000025656   0.0000015290   0.0000000371   0.0000032757  -0.0000009775
       -0.0000015174  -0.0000045841  -0.0000016358
       -0.0107113502  -0.0116596259  -0.2816772843  -0.0052060487   0.0017926438
       -0.0143801101   0.0007949510  -0.0003134878   0.0006875222   0.0002178740
       -0.0000772686   0.0000831166   0.0000670203   0.0000093116  -0.0000002620
        0.0000489190  -0.0000113859  -0.0000092995   0.0000052812  -0.0000038032
       -0.0000077199   0.0000062099   0.0000005997  -0.0000028335   0.0149323871
        0.0120838667   0.3264758860   0.0023203868   0.0003678605  -0.0180210507
        0.0000643881  -0.0037525444  -0.0140950085   0.0004928327  -0.0000328575
        0.0005226895  -0.0027061103   0.0017181140  -0.0001820869  -0.0000444251
       -0.0000621037  -0.0002130218  -0.0004489555  -0.0000546001   0.0006290687
        0.0000340311   0.0000180690  -0.0000052688   0.0001839343  -0.0000060983
        0.0000997651  -0.0000406367   0.0000025323   0.0000805996  -0.0000097736
       -0.0000205515  -0.0000196150   0.0000168149   0.0000005474   0.0000141127
       -0.0000014826   0.0000043254  -0.0000047897   0.0000014060  -0.0000045923
       -0.0000104800  -0.0000070204   0.0000062546   0.0000270241  -0.0000031885
        0.0000026105  -0.0000055264  -0.0000083897  -0.0000014083   0.0000207817
        0.0000009450  -0.0000064079  -0.0000062093
       -0.1889682024  -0.0918686783   0.0745419463  -0.0262296636  -0.0111284334
        0.0092275291  -0.0050020052   0.0030197108  -0.0022420039  -0.0012527097
       -0.0007831757   0.0006626095  -0.0003746419   0.0002301011  -0.0001891131
       -0.0000411971  -0.0000833537   0.0001002182  -0.0000426023  -0.0000026040
       -0.0000071643  -0.0000554597   0.0000260396  -0.0000194040  -0.0003832049
       -0.0010783452   0.0023203868   0.2216402831   0.1049138477  -0.0853392737
       -0.0011061322  -0.0030319736   0.0008349200   0.0005820291  -0.0002431459
        0.0004009020   0.0005567025  -0.0004652174   0.0001287779   0.0002580972
        0.0003717184  -0.0000385973   0.0002472665   0.0001164963  -0.0003535916
        0.0000423026  -0.0000153359   0.0000298189   0.0000329440  -0.0000296710
        0.0000044233   0.0000479781   0.0000078511  -0.0000378958   0.0000575613
        0.0000536155  -0.0000109495   0.0000060983   0.0000021100  -0.0000048343
       -0.0000362431   0.0000181360  -0.0000141603   0.0000175395  -0.0000270118
        0.0000102849   0.0000184996  -0.0000080320   0.0000003870  -0.0000477532
        0.0000028714  -0.0000091868   0.0000138990  -0.0000012312   0.0000032178
        0.0000186145   0.0000037111   0.0000007531
       -0.0916693583  -0.1003523684   0.0448008638   0.0097603905   0.0055343182
       -0.0042717001   0.0018815986  -0.0003098236   0.0006155572   0.0005234457
        0.0003421872  -0.0001252137   0.0001776243  -0.0000388576   0.0000263006
        0.0000489914   0.0000086413  -0.0000049993  -0.0000027627  -0.0000012028
       -0.0000007278   0.0000117622   0.0000018625  -0.0000019671   0.0001601085
        0.0005995462   0.0003678605   0.1049138477   0.1137456447  -0.0533387685
       -0.0261700110  -0.0205233385   0.0125417116   0.0004102221   0.0006051248
       -0.0001798167  -0.0001862495   0.0001679957  -0.0003546174   0.0002165881
        0.0001958857   0.0000890090   0.0000544583  -0.0000794287  -0.0001112399
       -0.0000811226   0.0000849173  -0.0000076022  -0.0000465260   0.0000070777
       -0.0000409583  -0.0000013192  -0.0000072305   0.0000000804   0.0000181658
        0.0000037599   0.0000098776  -0.0000094047   0.0000007782  -0.0000126259
       -0.0000094934   0.0000088729  -0.0000026278   0.0000002102   0.0000077558
       -0.0000016379   0.0000000977   0.0000000968   0.0000051487  -0.0000090625
        0.0000034003  -0.0000051121   0.0000028162  -0.0000031112   0.0000018241
        0.0000049827  -0.0000025038   0.0000013813
        0.0743821648   0.0448215218  -0.0817187157  -0.0070629210  -0.0038531402
        0.0034698972  -0.0013449937   0.0005925799   0.0001046977  -0.0003790076
       -0.0000893016   0.0002867162  -0.0001296373   0.0000228466  -0.0000150982
       -0.0000395316  -0.0000012820   0.0000045527   0.0000030052   0.0000040419
        0.0000029851  -0.0000100250  -0.0000026361   0.0000042577   0.0269356625
        0.0173481490  -0.0180210507  -0.0853392737  -0.0533387685   0.0913872871
       -0.0067086318  -0.0048900255   0.0038367738   0.0002792281  -0.0002509637
        0.0000293684  -0.0004658913  -0.0002701727   0.0004590887  -0.0000157583
       -0.0000530475  -0.0000830373  -0.0002073969   0.0000240437   0.0001927369
        0.0000261795  -0.0000306006  -0.0000070241   0.0000734561  -0.0000280132
        0.0000657055  -0.0000167874   0.0000087521  -0.0000002603   0.0000003942
       -0.0000008528  -0.0000093301   0.0000106631  -0.0000033279   0.0000132930
        0.0000094070  -0.0000079298   0.0000042838  -0.0000009256  -0.0000039058
        0.0000015637  -0.0000031303   0.0000007922  -0.0000060569   0.0000100292
       -0.0000035972   0.0000044747  -0.0000038214   0.0000018358  -0.0000056052
       -0.0000024569   0.0000030019  -0.0000015038
       -0.0432006084   0.0044803517   0.0022165539  -0.0037042481   0.0266522488
        0.0065940197   0.0009650243   0.0013254925   0.0000527113  -0.0000453860
       -0.0000485122  -0.0000507104   0.0000135613  -0.0000460230   0.0000259978
        0.0000213205   0.0000134679  -0.0000122157   0.0000105271  -0.0000045081
       -0.0000021501   0.0000070902  -0.0000050576   0.0000065085   0.0007618362
       -0.0009281428   0.0000643881  -0.0011061322  -0.0261700110  -0.0067086318
        0.0505969997  -0.0077208299  -0.0009614758  -0.0046369978   0.0033456628
       -0.0016713257   0.0007624992  -0.0001576578   0.0005658159  -0.0005488103
       -0.0004479718  -0.0001534318  -0.0000299890  -0.0000478303   0.0000249172
        0.0001008812  -0.0001812948  -0.0000292579   0.0000522210   0.0000172398
        0.0000416052   0.0000078985   0.0000048170  -0.0000044387  -0.0000491075
       -0.0000518666  -0.0000015877   0.0000017230   0.0000052903   0.0000023740
        0.0000036875  -0.0000125662  -0.0000005174   0.0000077957  -0.0000092721
        0.0000083602   0.0000042644  -0.0000009640  -0.0000068022   0.0000138067
       -0.0000016670   0.0000011789  -0.0000011606   0.0000016302  -0.0000000309
       -0.0000086968  -0.0000120258  -0.0000018545
        0.0040208215  -0.2624532907  -0.0663012633   0.0052366692  -0.0178515367
       -0.0028907566  -0.0008852774   0.0007720691  -0.0001438966  -0.0002169536
        0.0000934754  -0.0000414248  -0.0000673341   0.0000063970   0.0000019827
       -0.0000517073  -0.0000093092  -0.0000199367  -0.0000098623   0.0000040273
        0.0000058526  -0.0000047966  -0.0000001799   0.0000004270  -0.0004904531
       -0.0046863217  -0.0037525444  -0.0030319736  -0.0205233385  -0.0048900255
       -0.0077208299   0.3047459580   0.0764693908   0.0034274007  -0.0011061461
        0.0015498975  -0.0005274906   0.0003504437  -0.0000270716   0.0004436731
        0.0006286376   0.0000346277   0.0000409806  -0.0001605376  -0.0000577834
       -0.0001839959   0.0001045317   0.0000266039  -0.0000239049  -0.0000114966
        0.0000231536  -0.0000024194  -0.0000143546  -0.0000062673   0.0000429150
        0.0000852643   0.0000055719   0.0000028099  -0.0000006141   0.0000153479
        0.0000125492   0.0000007697   0.0000089077  -0.0000108717   0.0000103445
       -0.0000123366  -0.0000099819  -0.0000007408   0.0000016474   0.0000046040
       -0.0000050819   0.0000034582  -0.0000001501  -0.0000034019  -0.0000062394
        0.0000055790   0.0000244319   0.0000026771
        0.0023038626  -0.0662649578  -0.0655205758  -0.0005158744   0.0088406330
        0.0030657131   0.0002438073  -0.0001816166   0.0000959675  -0.0000213770
        0.0000461165  -0.0000420119   0.0000026264  -0.0000330958   0.0000063117
        0.0000009196   0.0000034280   0.0000001672  -0.0000085086   0.0000035031
       -0.0000001446  -0.0000025638  -0.0000013673   0.0000013052  -0.0001518419
       -0.0335994741  -0.0140950085   0.0008349200   0.0125417116   0.0038367738
       -0.0009614758   0.0764693908   0.0718697476  -0.0019119893   0.0014035124
        0.0003545027   0.0000412014   0.0007659828   0.0004813357   0.0001936876
        0.0000946652   0.0002204790  -0.0000221658  -0.0001727318  -0.0002237395
       -0.0000160832   0.0000226937  -0.0000375342  -0.0000271630   0.0000425507
       -0.0000007269   0.0000059964  -0.0000093502  -0.0000224027   0.0000128504
        0.0000206187   0.0000186726  -0.0000051353   0.0000058824  -0.0000008895
       -0.0000008119   0.0000015787   0.0000008912   0.0000030195  -0.0000009391
       -0.0000005303  -0.0000011551  -0.0000027080  -0.0000056209  -0.0000017382
        0.0000011349  -0.0000007819   0.0000026190  -0.0000013955  -0.0000063014
        0.0000023728   0.0000042336   0.0000044010
       -0.0043658295   0.0268755623   0.0058873314  -0.0411583590   0.0014175628
        0.0007869482  -0.0033676673  -0.0247860684  -0.0055481515   0.0007690872
       -0.0013614154  -0.0000057694  -0.0000839084   0.0000633420   0.0000506132
       -0.0000129206   0.0000175591  -0.0000276114  -0.0000333143  -0.0000064954
        0.0000228793   0.0000185008   0.0000071857   0.0000081919   0.0007536696
       -0.0001565351   0.0004928327   0.0005820291   0.0004102221   0.0002792281
       -0.0046369978   0.0034274007  -0.0019119893   0.0540774426  -0.0026367697
       -0.0010073255   0.0012473740  -0.0011437355  -0.0005281635  -0.0040081311
       -0.0031213775   0.0019550971   0.0007387274   0.0002355511  -0.0005488712
       -0.0006834021   0.0004275014   0.0001890076  -0.0000056993   0.0000468267
       -0.0000422836   0.0000398569  -0.0000089127  -0.0000327557   0.0000994053
        0.0001999302   0.0000024007   0.0000077066  -0.0000087376   0.0000018449
        0.0000317227   0.0000240693  -0.0000019390  -0.0000339157   0.0000418378
       -0.0000344235  -0.0000073368   0.0000022595   0.0000195656   0.0000057141
        0.0000133851  -0.0000063236   0.0000051037  -0.0000032191  -0.0000022565
        0.0000211420   0.0000230706   0.0000019229
        0.0046807623  -0.0172872097  -0.0034010554   0.0020017615  -0.2516698258
       -0.0633364724  -0.0046551916  -0.0197717757  -0.0032737581   0.0008389714
        0.0005885760  -0.0002002241   0.0001167796   0.0001281957  -0.0000623022
        0.0000625247  -0.0000248519  -0.0000023019  -0.0000338581  -0.0000092116
        0.0000049509   0.0000433922   0.0000058058  -0.0000096419  -0.0005947694
        0.0003102104  -0.0000328575  -0.0002431459   0.0006051248  -0.0002509637
        0.0033456628  -0.0011061461   0.0014035124  -0.0026367697   0.2942044478
        0.0718383482  -0.0000267509  -0.0052926116  -0.0044768572  -0.0031773532
       -0.0018437417   0.0018873607   0.0005814262   0.0003765417  -0.0001468311
       -0.0004827784   0.0006753988   0.0000963620  -0.0000438304  -0.0001509596
       -0.0000556542   0.0000324452  -0.0000079482   0.0000192302   0.0001846071
        0.0001484407  -0.0000015505   0.0000000060  -0.0000097037  -0.0000020891
        0.0000145363   0.0000192771   0.0000024525  -0.0000164822   0.0000702134
       -0.0000298513  -0.0000111205   0.0000097789   0.0000293753  -0.0000101444
        0.0000164603  -0.0000130342   0.0000058396  -0.0000049619   0.0000118807
        0.0000234797   0.0000204761   0.0000019719
       -0.0010174710   0.0088268962   0.0030378650   0.0007081509  -0.0634843631
       -0.0662059510   0.0009402975   0.0109467498   0.0035089319  -0.0003201563
       -0.0000350601   0.0001193222   0.0000259989   0.0000471370  -0.0000442202
        0.0000043758  -0.0000373104   0.0000057402  -0.0000182603  -0.0000151703
        0.0000100468  -0.0000012218   0.0000043222  -0.0000021019   0.0000269621
        0.0007544440   0.0005226895   0.0004009020  -0.0001798167   0.0000293684
       -0.0016713257   0.0015498975   0.0003545027  -0.0010073255   0.0718383482
        0.0725945237   0.0001106132  -0.0328929599  -0.0145680237   0.0019933826
        0.0019131496   0.0000920243  -0.0000833824   0.0007760398   0.0005580837
       -0.0001587826   0.0000648061   0.0002450789   0.0000335325  -0.0001666610
       -0.0001985503   0.0000207215   0.0000436348   0.0000017955   0.0000125475
        0.0000166613  -0.0000413441  -0.0000056335  -0.0000097563  -0.0000144432
        0.0000027060   0.0000069561  -0.0000078321  -0.0000136583   0.0000152538
        0.0000133756   0.0000163282   0.0000092396  -0.0000059006  -0.0000032567
       -0.0000007266  -0.0000013747   0.0000027731   0.0000045934   0.0000021396
        0.0000011824   0.0000036950  -0.0000057459
       -0.0051412523   0.0009124523  -0.0274655398  -0.0414842402  -0.0008706583
       -0.0081484864  -0.0026024567  -0.0004837393   0.0253890174   0.0007915866
       -0.0002928079   0.0012353312  -0.0000685324  -0.0000306443  -0.0000925384
       -0.0000040503   0.0000253258  -0.0000137397  -0.0000277276  -0.0000008251
       -0.0000009697   0.0000203948  -0.0000036046  -0.0000101481  -0.0046785608
        0.0028049216  -0.0027061103   0.0005567025  -0.0001862495  -0.0004658913
        0.0007624992  -0.0005274906   0.0000412014   0.0012473740  -0.0000267509
        0.0001106132   0.0543366032   0.0006040862   0.0101707657   0.0007267697
        0.0005775041  -0.0000939710  -0.0039825395  -0.0025596243   0.0027186587
       -0.0000111298   0.0000699731  -0.0000172802  -0.0006160663  -0.0001091521
       -0.0004219643   0.0001063449   0.0000150169  -0.0001741060   0.0000618006
        0.0000538558   0.0000267016  -0.0000509149  -0.0000007103  -0.0000412262
        0.0000006697  -0.0000001778  -0.0000116997  -0.0000009004   0.0000257520
        0.0000202074   0.0000259854  -0.0000115378  -0.0000257158   0.0000047690
        0.0000099655  -0.0000096357   0.0000232222   0.0000048348  -0.0000200401
        0.0000036493   0.0000002848   0.0000065661
        0.0025991505   0.0005223736   0.0137881489  -0.0006831497  -0.0473064640
       -0.0125363004  -0.0015220040   0.0004599137   0.0154241227   0.0005022201
        0.0002101509  -0.0001449433   0.0000007511  -0.0000352034  -0.0000082888
        0.0000135509   0.0000192283  -0.0000216025   0.0000133738   0.0000051271
       -0.0000050324   0.0000086160  -0.0000003775   0.0000033714   0.0025695275
       -0.0005334356   0.0017181140  -0.0004652174   0.0001679957  -0.0002701727
       -0.0001576578   0.0003504437   0.0007659828  -0.0011437355  -0.0052926116
       -0.0328929599   0.0006040862   0.0518587589   0.0114744060   0.0002337709
        0.0003689227   0.0007640453  -0.0025682044  -0.0007859811   0.0021542680
       -0.0000476554  -0.0001527117  -0.0001849532   0.0000246430   0.0002107511
       -0.0000398077   0.0000290119  -0.0000428934  -0.0000241833  -0.0000026136
       -0.0000077595   0.0000508645  -0.0000048895   0.0000163969  -0.0000045766
       -0.0000030226  -0.0000045380   0.0000017786   0.0000037591  -0.0000075779
       -0.0000175008  -0.0000060292  -0.0000135175   0.0000056829   0.0000007478
        0.0000018665  -0.0000030573   0.0000042281  -0.0000053308  -0.0000043333
       -0.0000032576  -0.0000035272   0.0000069270
       -0.0045283058   0.0011170096  -0.0139602846  -0.0086897618  -0.0124038672
       -0.2703768194   0.0039722348   0.0016407128  -0.0173962501  -0.0007418951
       -0.0002736942   0.0005145871  -0.0001069627  -0.0000910221   0.0001264380
       -0.0000681848   0.0000104356  -0.0000350166   0.0000186927   0.0000213448
       -0.0000190579  -0.0000392638  -0.0000126249   0.0000011144  -0.0026934974
        0.0015450739  -0.0001820869   0.0001287779  -0.0003546174   0.0004590887
        0.0005658159  -0.0000270716   0.0004813357  -0.0005281635  -0.0044768572
       -0.0145680237   0.0101707657   0.0114744060   0.3146917431  -0.0005499132
       -0.0001491103   0.0005542160   0.0027243129   0.0021375984  -0.0009820162
        0.0000564450  -0.0001020079  -0.0002355015   0.0005408437   0.0000072233
        0.0006539620  -0.0001867673  -0.0000059808   0.0001457223  -0.0000537543
       -0.0000096655  -0.0000152895   0.0000499656   0.0000032926   0.0000890313
        0.0000040604  -0.0000129397   0.0000175568   0.0000064952  -0.0000425740
       -0.0000183494  -0.0000319023   0.0000097266   0.0000255832   0.0000117001
       -0.0000151457   0.0000161689  -0.0000253095  -0.0000029054   0.0000147449
       -0.0000064285   0.0000132603  -0.0000025966
        0.0007376348  -0.0011268764  -0.0000578752  -0.0032382842  -0.0248461822
       -0.0054872339  -0.0413595192   0.0029352301   0.0006363002  -0.0043782673
        0.0261387091   0.0061655056   0.0007164558   0.0014680650  -0.0001105170
        0.0000629995   0.0000026633  -0.0000504374  -0.0000869975   0.0000235347
       -0.0000171603   0.0000268392  -0.0000255670   0.0000351319  -0.0000297950
        0.0000211646  -0.0000444251   0.0002580972   0.0002165881  -0.0000157583
       -0.0005488103   0.0004436731   0.0001936876  -0.0040081311  -0.0031773532
        0.0019933826   0.0007267697   0.0002337709  -0.0005499132   0.0541063141
       -0.0032007517  -0.0010628905   0.0012608153  -0.0011704678  -0.0005265711
       -0.0044847636   0.0030942265  -0.0016516369   0.0008727639  -0.0001452893
        0.0005336153   0.0000025392  -0.0000694128   0.0000067424  -0.0007333285
       -0.0005721990  -0.0000244816   0.0000374151   0.0000363023   0.0000297283
       -0.0000290310  -0.0000802640  -0.0000014163   0.0000352881  -0.0001181393
        0.0000597285   0.0000332977  -0.0000205566  -0.0000450303   0.0000567116
       -0.0000103725  -0.0000049325   0.0000040457   0.0000069659   0.0000051946
       -0.0000410589  -0.0000574618  -0.0000087375
        0.0008374039   0.0008431833  -0.0001730164  -0.0043866787  -0.0198476938
       -0.0033146733   0.0027419956  -0.2506961098  -0.0628979786   0.0049576832
       -0.0181802471  -0.0032233621  -0.0009441560   0.0006336196  -0.0001428174
       -0.0001818350  -0.0000077258  -0.0000395226   0.0000010001  -0.0000065029
        0.0000256680  -0.0000730076   0.0000137398  -0.0000111392  -0.0000448786
       -0.0001638485  -0.0000621037   0.0003717184   0.0001958857  -0.0000530475
       -0.0004479718   0.0006286376   0.0000946652  -0.0031213775  -0.0018437417
        0.0019131496   0.0005775041   0.0003689227  -0.0001491103  -0.0032007517
        0.2938967435   0.0710737636  -0.0000015705  -0.0054183154  -0.0045246932
        0.0031131686  -0.0015892533   0.0015504377  -0.0005724613   0.0003777562
       -0.0000607173   0.0000266909  -0.0001541674  -0.0000163661   0.0004417837
        0.0007164559  -0.0000042051  -0.0000175355  -0.0000186847   0.0000271369
        0.0000119230   0.0000623284   0.0000184250  -0.0000354236   0.0000989078
       -0.0000734952  -0.0000436160   0.0000168089   0.0000372085  -0.0000415932
       -0.0000089640   0.0000028899   0.0000018219  -0.0000151961  -0.0000130148
        0.0000301639   0.0000974609   0.0000159184
       -0.0003157160  -0.0000315407   0.0001430506   0.0009303924   0.0108716086
        0.0034813475   0.0006688525  -0.0628267016  -0.0658035258  -0.0009254277
        0.0088568390   0.0030094874   0.0002657755  -0.0001888197   0.0000737998
       -0.0000000236   0.0000759719  -0.0000314542  -0.0000798273   0.0000213652
       -0.0000262016   0.0000051781  -0.0000104203   0.0000010994   0.0000301999
       -0.0001764954  -0.0002130218  -0.0000385973   0.0000890090  -0.0000830373
       -0.0001534318   0.0000346277   0.0002204790   0.0019550971   0.0018873607
        0.0000920243  -0.0000939710   0.0007640453   0.0005542160  -0.0010628905
        0.0710737636   0.0721664944   0.0002113781  -0.0329100157  -0.0145193655
       -0.0016839062   0.0015958274   0.0003687017   0.0000341599   0.0008373306
        0.0005231778  -0.0000532531  -0.0001471018  -0.0001791747   0.0003141255
        0.0001235576   0.0002322592  -0.0000250850   0.0000430686  -0.0000036140
       -0.0000007967   0.0000116825   0.0000093916   0.0000138105  -0.0000067218
       -0.0000075007  -0.0000148058  -0.0000069468  -0.0000049680  -0.0000023339
        0.0000125524  -0.0000055718   0.0000093776  -0.0000098049  -0.0000202243
        0.0000117189   0.0000159586   0.0000221308
        0.0007595737  -0.0002307889   0.0011026104  -0.0025391866  -0.0004779405
        0.0254205222  -0.0416170810  -0.0003749118  -0.0089026156  -0.0051090178
        0.0002739225  -0.0270135738   0.0007901518   0.0002111798  -0.0012012905
       -0.0000536437   0.0000407597  -0.0000104108   0.0000373512   0.0000353940
        0.0000239093   0.0000095893  -0.0000410368   0.0000602181  -0.0005458553
       -0.0000594565  -0.0004489555   0.0002472665   0.0000544583  -0.0002073969
       -0.0000299890   0.0000409806  -0.0000221658   0.0007387274   0.0005814262
       -0.0000833824  -0.0039825395  -0.0025682044   0.0027243129   0.0012608153
       -0.0000015705   0.0002113781   0.0543268216   0.0005692169   0.0100683322
        0.0007855452  -0.0005545624   0.0000454619  -0.0045613997   0.0025778662
       -0.0025260139  -0.0006376949   0.0001498484   0.0005023963  -0.0000278063
       -0.0001285853  -0.0000281379   0.0001269080  -0.0000232083   0.0001918537
        0.0000398171  -0.0000382537   0.0000239327   0.0000144773  -0.0000647717
       -0.0000319703  -0.0000480889   0.0000249322   0.0000499961   0.0000561519
        0.0000080023   0.0000157702  -0.0000459838  -0.0000037490   0.0000485382
        0.0000050900  -0.0000009473  -0.0000133189
        0.0004919528   0.0002234959  -0.0002255049  -0.0015109185   0.0004549550
        0.0154090533  -0.0003070923  -0.0473688264  -0.0129074479   0.0023533381
        0.0007014149   0.0137769546  -0.0005113613   0.0002392783  -0.0001240278
       -0.0000082456  -0.0000524015   0.0000278934   0.0000224304  -0.0000194397
        0.0000088514  -0.0000192950   0.0000052259  -0.0000307047   0.0000621740
        0.0002155810  -0.0000546001   0.0001164963  -0.0000794287   0.0000240437
       -0.0000478303  -0.0001605376  -0.0001727318   0.0002355511   0.0003765417
        0.0007760398  -0.0025596243  -0.0007859811   0.0021375984  -0.0011704678
       -0.0054183154  -0.0329100157   0.0005692169   0.0518598289   0.0120071933
       -0.0001565128   0.0003165466   0.0007532156   0.0024741197  -0.0005087545
        0.0017559829  -0.0000248651   0.0002155674  -0.0000157234   0.0000211193
       -0.0001812737  -0.0002263754  -0.0000171193  -0.0000407829  -0.0000128959
       -0.0000218126  -0.0000086812  -0.0000126790  -0.0000048527   0.0000161553
        0.0000391102   0.0000312836   0.0000124656  -0.0000229796  -0.0000109212
       -0.0000117900   0.0000088523  -0.0000046125   0.0000141994   0.0000029206
       -0.0000021510  -0.0000150432  -0.0000120232
       -0.0007392359  -0.0003060829   0.0007444646   0.0037341295   0.0015992621
       -0.0175610621  -0.0087270941  -0.0131480185  -0.2691527664  -0.0049216485
        0.0012697717  -0.0148419325   0.0008484758  -0.0002271904   0.0006509864
        0.0001597209  -0.0000670082   0.0000174447   0.0000732555  -0.0000241445
        0.0000126507   0.0000574644  -0.0000114212   0.0000209588   0.0005036078
       -0.0000243322   0.0006290687  -0.0003535916  -0.0001112399   0.0001927369
        0.0000249172  -0.0000577834  -0.0002237395  -0.0005488712  -0.0001468311
        0.0005580837   0.0027186587   0.0021542680  -0.0009820162  -0.0005265711
       -0.0045246932  -0.0145193655   0.0100683322   0.0120071933   0.3140331599
        0.0005135063  -0.0000645244   0.0004305216  -0.0024865756   0.0018526530
       -0.0006141981  -0.0004354815   0.0000154941   0.0006265720  -0.0001352965
       -0.0001569909  -0.0002446906   0.0001732807  -0.0000057050   0.0001224186
        0.0000532979  -0.0000189034   0.0000042045  -0.0000074255  -0.0000183763
       -0.0000614389  -0.0000477472   0.0000286632   0.0001065180   0.0000420823
        0.0000038644  -0.0000017577  -0.0000412191  -0.0000018516   0.0000798437
        0.0000000285  -0.0000160729  -0.0000266653
       -0.0000132432  -0.0001067805  -0.0000560359   0.0007128294   0.0013974493
        0.0000032882  -0.0041862266   0.0264869426   0.0057083915  -0.0402758882
       -0.0014547622  -0.0007687812  -0.0026700965  -0.0247379621  -0.0046225047
        0.0006299230  -0.0003302941  -0.0001133579  -0.0010592249  -0.0002117724
        0.0003142916  -0.0001507485   0.0001089834   0.0000571237   0.0000553089
        0.0000165837   0.0000340311   0.0000423026  -0.0000811226   0.0000261795
        0.0001008812  -0.0001839959  -0.0000160832  -0.0006834021  -0.0004827784
       -0.0001587826  -0.0000111298  -0.0000476554   0.0000564450  -0.0044847636
        0.0031131686  -0.0016839062   0.0007855452  -0.0001565128   0.0005135063
        0.0543137320  -0.0002088501   0.0003811619   0.0011859105  -0.0018016911
       -0.0008191688   0.0008661364   0.0002100824  -0.0005475235  -0.0038359647
       -0.0032080635   0.0020971291   0.0000009058  -0.0000359081  -0.0000567667
        0.0002400970   0.0001162454  -0.0000402081  -0.0015998242   0.0013418995
       -0.0005801221  -0.0001241902   0.0000186829   0.0003139187  -0.0000185710
        0.0000690494  -0.0000219945   0.0000615494  -0.0000159587  -0.0000425292
        0.0001181520   0.0001850206   0.0000222978
       -0.0002043921   0.0001383554  -0.0000259065  -0.0008881375   0.0006310378
       -0.0001466803   0.0049158136  -0.0185737017  -0.0030950684  -0.0017326659
       -0.2561938172  -0.0598901904  -0.0043024594  -0.0185613845  -0.0024124186
        0.0002747381  -0.0003275171  -0.0001810926   0.0009230611  -0.0000834717
        0.0000149785  -0.0000058302   0.0000176059  -0.0000992677  -0.0000419137
       -0.0000143918   0.0000180690  -0.0000153359   0.0000849173  -0.0000306006
       -0.0001812948   0.0001045317   0.0000226937   0.0004275014   0.0006753988
        0.0000648061   0.0000699731  -0.0001527117  -0.0001020079   0.0030942265
       -0.0015892533   0.0015958274  -0.0005545624   0.0003165466  -0.0000645244
       -0.0002088501   0.2999767205   0.0672345415  -0.0001290374  -0.0060862547
       -0.0046240821   0.0005620282   0.0004921041  -0.0001827793  -0.0030068033
       -0.0017306488   0.0018271344  -0.0000257193  -0.0001517175  -0.0000177211
        0.0001937324   0.0000427477   0.0001015285   0.0008137326   0.0006408843
       -0.0001227547  -0.0000945091   0.0001230585   0.0001114001  -0.0000144264
        0.0000736750  -0.0000233273   0.0000560726  -0.0000085387  -0.0000035837
        0.0000750584   0.0001558248   0.0000310264
       -0.0000368362   0.0000506400  -0.0000564855   0.0002918276  -0.0001229884
        0.0001455287  -0.0007399078   0.0088995858   0.0030281048  -0.0008236113
       -0.0601425864  -0.0633768753   0.0010753747   0.0117534259   0.0030933149
       -0.0003122276  -0.0002741440   0.0001404395  -0.0001358313  -0.0002228627
        0.0002009740   0.0001022665  -0.0000002074  -0.0000277018  -0.0000318835
        0.0000451728  -0.0000052688   0.0000298189  -0.0000076022  -0.0000070241
       -0.0000292579   0.0000266039  -0.0000375342   0.0001890076   0.0000963620
        0.0002450789  -0.0000172802  -0.0001849532  -0.0002355015  -0.0016516369
        0.0015504377   0.0003687017   0.0000454619   0.0007532156   0.0004305216
        0.0003811619   0.0672345415   0.0693329993  -0.0003517185  -0.0330133906
       -0.0136727491  -0.0000816810   0.0008814417   0.0005906124   0.0021284473
        0.0022023597  -0.0001164973   0.0000464306  -0.0001391210  -0.0001394139
        0.0000640320   0.0001000792  -0.0001243723  -0.0003707332   0.0003720225
        0.0004500857   0.0002352829   0.0001061266  -0.0001978587  -0.0000083786
       -0.0000203323  -0.0000062582   0.0000005920   0.0000396367   0.0000178480
        0.0000012800   0.0000165367  -0.0000406691
       -0.0000168476   0.0000263705   0.0001361922   0.0007048589   0.0002884499
       -0.0012637682  -0.0053731983  -0.0001126389  -0.0270923707  -0.0416552906
       -0.0008982595  -0.0114630783  -0.0024210715   0.0003132280   0.0250616218
        0.0008569842  -0.0001286825   0.0016932677  -0.0001366893   0.0000774332
       -0.0000841498   0.0000066258  -0.0000504625  -0.0001042106   0.0001170442
       -0.0000324000   0.0001839343   0.0000329440  -0.0000465260   0.0000734561
        0.0000522210  -0.0000239049  -0.0000271630  -0.0000056993  -0.0000438304
        0.0000335325  -0.0006160663   0.0000246430   0.0005408437   0.0008727639
       -0.0005724613   0.0000341599  -0.0045613997   0.0024741197  -0.0024865756
        0.0011859105  -0.0001290374  -0.0003517185   0.0545819103   0.0009077052
        0.0133157850  -0.0037930422  -0.0025838566   0.0028230833   0.0005862565
        0.0004805440  -0.0001489073  -0.0007103440  -0.0001309712  -0.0004951615
       -0.0000003288  -0.0000172874  -0.0000302432   0.0000722122   0.0001807285
        0.0000390131   0.0000685023  -0.0001087689  -0.0001702182   0.0000336745
        0.0000470783  -0.0000668485   0.0000803663   0.0000369878  -0.0001733980
        0.0000377027   0.0000217993   0.0000229217
        0.0000041400  -0.0000412831   0.0000080046  -0.0004469647   0.0001887013
       -0.0001872268   0.0025975371   0.0008299451   0.0138688473  -0.0011478281
       -0.0482078757  -0.0180261928  -0.0010134686   0.0011413472   0.0146178530
        0.0004624669   0.0003485303  -0.0001446492   0.0001677699   0.0000254690
       -0.0000230080   0.0000484966  -0.0000454590   0.0000164496  -0.0000128449
       -0.0000411542  -0.0000060983  -0.0000296710   0.0000070777  -0.0000280132
        0.0000172398  -0.0000114966   0.0000425507   0.0000468267  -0.0001509596
       -0.0001666610  -0.0001091521   0.0002107511   0.0000072233  -0.0001452893
        0.0003777562   0.0008373306   0.0025778662  -0.0005087545   0.0018526530
       -0.0018016911  -0.0060862547  -0.0330133906   0.0009077052   0.0524289432
        0.0179667051  -0.0023058922  -0.0006668779   0.0019892474   0.0001822195
        0.0002954621   0.0006088296  -0.0000121087   0.0002367715  -0.0000723070
        0.0000391028  -0.0000331740   0.0000358165   0.0000588600  -0.0001392780
       -0.0002855898  -0.0001326637  -0.0001083979   0.0001092168   0.0000420901
        0.0000126653  -0.0000284221   0.0000217349  -0.0000334060  -0.0000250791
       -0.0000164814  -0.0000290488   0.0000459104
        0.0001812516  -0.0000759673   0.0001206933   0.0006821402  -0.0002538148
        0.0004838880  -0.0049780006   0.0011106184  -0.0148392327  -0.0115380853
       -0.0182431737  -0.2676541503   0.0038960338   0.0008969361  -0.0181101948
       -0.0008124894  -0.0001748287   0.0003374017   0.0001278191   0.0000304445
       -0.0000056281  -0.0002017036  -0.0000378199   0.0001554581   0.0001791141
       -0.0000165311   0.0000997651   0.0000044233  -0.0000409583   0.0000657055
        0.0000416052   0.0000231536  -0.0000007269  -0.0000422836  -0.0000556542
       -0.0001985503  -0.0004219643  -0.0000398077   0.0006539620   0.0005336153
       -0.0000607173   0.0005231778  -0.0025260139   0.0017559829  -0.0006141981
       -0.0008191688  -0.0046240821  -0.0136727491   0.0133157850   0.0179667051
        0.3125918866   0.0026755048   0.0023021463  -0.0013201475  -0.0004576273
       -0.0001090647   0.0003686445   0.0005474828  -0.0000157378   0.0007447833
       -0.0000540138  -0.0000153323   0.0000514998   0.0000735444  -0.0003699533
       -0.0001522917  -0.0001721452   0.0000996703   0.0001885730  -0.0000128671
       -0.0000480212   0.0000738220  -0.0001856691  -0.0000390382   0.0001192682
       -0.0000362874   0.0000348457  -0.0000106595
       -0.0000030270   0.0000355254  -0.0000545559  -0.0000901888  -0.0000472200
       -0.0000804297   0.0006749523  -0.0002824473   0.0011925212  -0.0029976913
        0.0014262334   0.0248969491  -0.0418524449  -0.0000612065  -0.0029547718
       -0.0038280158  -0.0019912263  -0.0272762054   0.0007399727  -0.0008473040
       -0.0004794316   0.0005552991   0.0003083016  -0.0009187462  -0.0000477769
        0.0000043625  -0.0000406367   0.0000479781  -0.0000013192  -0.0000167874
        0.0000078985  -0.0000024194   0.0000059964   0.0000398569   0.0000324452
        0.0000207215   0.0001063449   0.0000290119  -0.0001867673   0.0000025392
        0.0000266909  -0.0000532531  -0.0006376949  -0.0000248651  -0.0004354815
        0.0008661364   0.0005620282  -0.0000816810  -0.0037930422  -0.0023058922
        0.0026755048   0.0538854107   0.0006859936   0.0030464701   0.0012594255
        0.0006191345   0.0021990978  -0.0046192478   0.0018088099  -0.0027832338
        0.0001459995  -0.0002561480   0.0001112007  -0.0000668300  -0.0000471133
        0.0001337886  -0.0000779176   0.0004359586   0.0003640517   0.0002269337
       -0.0000080934   0.0002485254  -0.0005123612  -0.0000895019   0.0004289005
       -0.0000325092  -0.0000097391   0.0000382535
        0.0000027407   0.0000049159  -0.0000331986  -0.0000263389  -0.0000184248
        0.0000171118   0.0003880345   0.0001253896  -0.0001323088  -0.0016908180
        0.0016336435   0.0148163305   0.0002412519  -0.0500969862  -0.0321369623
        0.0011734515   0.0012994404   0.0102573910   0.0000432926   0.0006566799
        0.0012976567  -0.0003527305   0.0001298334  -0.0003193029   0.0000031813
        0.0000159394   0.0000025323   0.0000078511  -0.0000072305   0.0000087521
        0.0000048170  -0.0000143546  -0.0000093502  -0.0000089127  -0.0000079482
        0.0000436348   0.0000150169  -0.0000428934  -0.0000059808  -0.0000694128
       -0.0001541674  -0.0001471018   0.0001498484   0.0002155674   0.0000154941
        0.0002100824   0.0004921041   0.0008814417  -0.0025838566  -0.0006668779
        0.0023021463   0.0006859936   0.0556923604   0.0352479084  -0.0001082853
       -0.0086891064  -0.0334165873   0.0018526974  -0.0002270250   0.0015526336
       -0.0001299936  -0.0000143304  -0.0001289007  -0.0000485251  -0.0001055357
        0.0000784503   0.0004048466  -0.0002048699  -0.0002123298   0.0000152698
       -0.0000566727   0.0000782072  -0.0002851125   0.0001752993   0.0001046599
        0.0001056103  -0.0001347505  -0.0001623275
       -0.0000622217  -0.0000113560   0.0000253409  -0.0001163306  -0.0000842137
        0.0001106291  -0.0006180840  -0.0002385914   0.0003953467   0.0039478623
        0.0002495624  -0.0179198753  -0.0025776199  -0.0322306718  -0.2652290289
       -0.0048400027  -0.0003423707  -0.0178277138   0.0009803681  -0.0006051169
        0.0008345569   0.0006793848  -0.0001115032   0.0006002888   0.0000507221
       -0.0000014365   0.0000805996  -0.0000378958   0.0000000804  -0.0000002603
       -0.0000044387  -0.0000062673  -0.0000224027  -0.0000327557   0.0000192302
        0.0000017955  -0.0001741060  -0.0000241833   0.0001457223   0.0000067424
       -0.0000163661  -0.0001791747   0.0005023963  -0.0000157234   0.0006265720
       -0.0005475235  -0.0001827793   0.0005906124   0.0028230833   0.0019892474
       -0.0013201475   0.0030464701   0.0352479084   0.3100680849   0.0000547711
       -0.0049543203  -0.0109963884  -0.0030193670   0.0011656182  -0.0012316569
        0.0003471550  -0.0002307792   0.0001644278  -0.0000280637   0.0000266210
       -0.0001729793  -0.0002809433   0.0005019519   0.0006428073   0.0002981814
       -0.0000604256   0.0001871111  -0.0003880318  -0.0000622644   0.0006094341
       -0.0000097527  -0.0000218506  -0.0001837017
        0.0000093061   0.0000709861  -0.0000353674  -0.0000485666   0.0000236348
        0.0000371607   0.0007750382  -0.0016479404   0.0000090000  -0.0025564603
       -0.0248209687  -0.0031588484  -0.0414272448   0.0148882491   0.0028699881
       -0.0063367052   0.0260637638   0.0039534634  -0.0046015428   0.0020904795
       -0.0020213603   0.0003128148   0.0016035935   0.0000511190  -0.0000034369
       -0.0000078841  -0.0000097736   0.0000575613   0.0000181658   0.0000003942
       -0.0000491075   0.0000429150   0.0000128504   0.0000994053   0.0001846071
        0.0000125475   0.0000618006  -0.0000026136  -0.0000537543  -0.0007333285
        0.0004417837   0.0003141255  -0.0000278063   0.0000211193  -0.0001352965
       -0.0038359647  -0.0030068033   0.0021284473   0.0005862565   0.0001822195
       -0.0004576273   0.0012594255  -0.0001082853   0.0000547711   0.0571947473
       -0.0162817657  -0.0037903607   0.0005519766  -0.0000725878   0.0003171149
       -0.0003908607   0.0015044103   0.0002173945  -0.0001009481  -0.0002140638
       -0.0000127216  -0.0000322043  -0.0002348592  -0.0001973061   0.0003042412
       -0.0000932530   0.0000407672  -0.0000685778  -0.0000077555   0.0001365458
       -0.0009998190  -0.0006371474  -0.0002832737
        0.0000738851   0.0000384480  -0.0000169009   0.0002030911   0.0001194421
       -0.0000670231   0.0010994807   0.0008154737  -0.0002562589  -0.0042890992
       -0.0207397577  -0.0015534955   0.0151714136  -0.2587559108  -0.0447375056
        0.0053786920  -0.0158115152  -0.0017889036   0.0029555767  -0.0007282348
        0.0016153643  -0.0013720007   0.0009597551  -0.0002539261  -0.0000074207
       -0.0000178154  -0.0000205515   0.0000536155   0.0000037599  -0.0000008528
       -0.0000518666   0.0000852643   0.0000206187   0.0001999302   0.0001484407
        0.0000166613   0.0000538558  -0.0000077595  -0.0000096655  -0.0005721990
        0.0007164559   0.0001235576  -0.0001285853  -0.0001812737  -0.0001569909
       -0.0032080635  -0.0017306488   0.0022023597   0.0004805440   0.0002954621
       -0.0001090647   0.0006191345  -0.0086891064  -0.0049543203  -0.0162817657
        0.3029325078   0.0498285244  -0.0003432603   0.0001106594   0.0000932605
        0.0002229272  -0.0008748282  -0.0001027292   0.0000047389   0.0003159373
       -0.0001040228  -0.0001028484   0.0002975374   0.0003163023  -0.0004538985
        0.0000824747  -0.0000440550   0.0001386695  -0.0001572236  -0.0001169582
        0.0001554531   0.0007724556   0.0000765758
       -0.0000140248  -0.0000305653   0.0000088991  -0.0000127407   0.0000425694
       -0.0000737563  -0.0004486741  -0.0000207425   0.0002786681   0.0006651669
        0.0125735416   0.0028992487   0.0030273875  -0.0438321853  -0.0556055690
       -0.0023474075   0.0110275650   0.0024223979  -0.0017152935   0.0005881518
       -0.0000812294   0.0004926663   0.0000090559   0.0002502230  -0.0000114699
       -0.0000109559  -0.0000196150  -0.0000109495   0.0000098776  -0.0000093301
       -0.0000015877   0.0000055719   0.0000186726   0.0000024007  -0.0000015505
       -0.0000413441   0.0000267016   0.0000508645  -0.0000152895  -0.0000244816
       -0.0000042051   0.0002322592  -0.0000281379  -0.0002263754  -0.0002446906
        0.0020971291   0.0018271344  -0.0001164973  -0.0001489073   0.0006088296
        0.0003686445   0.0021990978  -0.0334165873  -0.0109963884  -0.0037903607
        0.0498285244   0.0602751431   0.0000176562   0.0004621475   0.0001950301
       -0.0001038318   0.0005136946   0.0002752947   0.0000899827  -0.0000298087
       -0.0000947873  -0.0001158275   0.0000900521   0.0001123822   0.0000635809
        0.0001334633  -0.0001297305   0.0000513014  -0.0002293053  -0.0002350695
        0.0000406233   0.0000312377   0.0003264340
        0.0000259817   0.0000072449   0.0000090041   0.0000129807  -0.0000321425
        0.0000332283  -0.0000318682   0.0000394244   0.0000806442   0.0008932140
        0.0002475141  -0.0015114602  -0.0041017163  -0.0003651078  -0.0272539142
       -0.0424520153   0.0010703876   0.0047228777   0.0006989065   0.0014265671
        0.0051826001  -0.0037339187  -0.0018331187   0.0239912126   0.0000249191
       -0.0000025128   0.0000168149   0.0000060983  -0.0000094047   0.0000106631
        0.0000017230   0.0000028099  -0.0000051353   0.0000077066   0.0000000060
       -0.0000056335  -0.0000509149  -0.0000048895   0.0000499656   0.0000374151
       -0.0000175355  -0.0000250850   0.0001269080  -0.0000171193   0.0001732807
        0.0000009058  -0.0000257193   0.0000464306  -0.0007103440  -0.0000121087
        0.0005474828  -0.0046192478   0.0018526974  -0.0030193670   0.0005519766
       -0.0003432603   0.0000176562   0.0551482439  -0.0004619030  -0.0064161877
       -0.0000180445   0.0000483480   0.0004403782   0.0001711661  -0.0003474096
       -0.0004675937   0.0003690832   0.0010379991   0.0003704921   0.0004559045
        0.0002881971   0.0005263170  -0.0033446057  -0.0030130944   0.0026274729
        0.0005295425   0.0004641306  -0.0001421445
       -0.0000024902  -0.0000045617   0.0000035953  -0.0000177519   0.0000013599
       -0.0000260636  -0.0000205784  -0.0000502097   0.0000328400  -0.0003415677
        0.0001451588  -0.0003051891   0.0015500351   0.0010780175   0.0100467970
        0.0008565888  -0.0431861811  -0.0144720564   0.0016300380  -0.0078545001
       -0.0302053119  -0.0034876142  -0.0003696814   0.0180830272  -0.0000012818
       -0.0000063424   0.0000005474   0.0000021100   0.0000007782  -0.0000033279
        0.0000052903  -0.0000006141   0.0000058824  -0.0000087376  -0.0000097037
       -0.0000097563  -0.0000007103   0.0000163969   0.0000032926   0.0000363023
       -0.0000186847   0.0000430686  -0.0000232083  -0.0000407829  -0.0000057050
       -0.0000359081  -0.0001517175  -0.0001391210  -0.0001309712   0.0002367715
       -0.0000157378   0.0018088099  -0.0002270250   0.0011656182  -0.0000725878
        0.0001106594   0.0004621475  -0.0004619030   0.0559702190   0.0163631516
       -0.0001892285   0.0006275569  -0.0001528701  -0.0000555582   0.0007857273
       -0.0004693568   0.0012933011  -0.0060126182  -0.0028107489   0.0004993144
        0.0003291436  -0.0002194473  -0.0030118858  -0.0017055651   0.0020419819
        0.0001801932   0.0003363986   0.0005827424
        0.0000443117  -0.0000092142  -0.0000064955   0.0000622663  -0.0000015993
       -0.0000164640   0.0001503171  -0.0000650270   0.0000829421   0.0010576559
       -0.0002415755   0.0006118359  -0.0042595627   0.0004977506  -0.0170506026
        0.0051969591  -0.0147846132  -0.2613065519   0.0008134876  -0.0045848132
       -0.0121125059   0.0037490226   0.0017497074  -0.0150746711   0.0000246070
       -0.0000031014   0.0000141127  -0.0000048343  -0.0000126259   0.0000132930
        0.0000023740   0.0000153479  -0.0000008895   0.0000018449  -0.0000020891
       -0.0000144432  -0.0000412262  -0.0000045766   0.0000890313   0.0000297283
        0.0000271369  -0.0000036140   0.0001918537  -0.0000128959   0.0001224186
       -0.0000567667  -0.0000177211  -0.0001394139  -0.0004951615  -0.0000723070
        0.0007447833  -0.0027832338   0.0015526336  -0.0012316569   0.0003171149
        0.0000932605   0.0001950301  -0.0064161877   0.0163631516   0.3041950632
        0.0002102888   0.0002465812   0.0002727287  -0.0002974043   0.0002944454
        0.0004958257   0.0005645865  -0.0026059496  -0.0000978448  -0.0001170032
       -0.0003983412   0.0004572430   0.0024756325   0.0019490946  -0.0005823680
       -0.0004206705   0.0000273404   0.0003432136
       -0.0000123013  -0.0000049900   0.0000094973   0.0000380660   0.0000190624
       -0.0000386553   0.0000595754   0.0000266399   0.0000214280  -0.0000874239
        0.0000952785  -0.0001575100   0.0000660104   0.0019021839   0.0008872626
       -0.0081416038   0.0055721982  -0.0020783342  -0.2387799192   0.0585100700
       -0.0714316704   0.0009190384  -0.0012619983  -0.0000331955   0.0000117584
        0.0000000509  -0.0000014826  -0.0000362431  -0.0000094934   0.0000094070
        0.0000036875   0.0000125492  -0.0000008119   0.0000317227   0.0000145363
        0.0000027060   0.0000006697  -0.0000030226   0.0000040604  -0.0000290310
        0.0000119230  -0.0000007967   0.0000398171  -0.0000218126   0.0000532979
        0.0002400970   0.0001937324   0.0000640320  -0.0000003288   0.0000391028
       -0.0000540138   0.0001459995  -0.0001299936   0.0003471550  -0.0003908607
        0.0002229272  -0.0001038318  -0.0000180445  -0.0001892285   0.0002102888
        0.2764018994  -0.0692009248   0.0831214573  -0.0273001659   0.0039740293
       -0.0075384918  -0.0035123110   0.0006297594  -0.0033016473   0.0005264673
       -0.0001615126   0.0000434014  -0.0001116781   0.0000951635  -0.0000638700
       -0.0000648973  -0.0003362305   0.0000303175
       -0.0000057826   0.0000187335  -0.0000065427   0.0000088417   0.0000002942
        0.0000106625   0.0000218298   0.0001457952  -0.0000267940  -0.0003308338
       -0.0000416555   0.0000136263   0.0010863182  -0.0060113068  -0.0016513085
        0.0270349703  -0.0127088805   0.0091086097   0.0588482832  -0.0596755869
        0.0219915879   0.0012469417   0.0006924384   0.0001918854  -0.0000063240
       -0.0000039108   0.0000043254   0.0000181360   0.0000088729  -0.0000079298
       -0.0000125662   0.0000007697   0.0000015787   0.0000240693   0.0000192771
        0.0000069561  -0.0000001778  -0.0000045380  -0.0000129397  -0.0000802640
        0.0000623284   0.0000116825  -0.0000382537  -0.0000086812  -0.0000189034
        0.0001162454   0.0000427477   0.0001000792  -0.0000172874  -0.0000331740
       -0.0000153323  -0.0002561480  -0.0000143304  -0.0002307792   0.0015044103
       -0.0008748282   0.0005136946   0.0000483480   0.0006275569   0.0002465812
       -0.0692009248   0.0720482600  -0.0246981110  -0.0178528971   0.0047620766
       -0.0055105968  -0.0013194148   0.0013016368   0.0001282761  -0.0008348922
       -0.0007097576  -0.0002002330  -0.0000294642  -0.0000766705   0.0000760352
        0.0000268365   0.0004325329  -0.0000261103
        0.0000051423  -0.0000120686   0.0000091256   0.0000159299   0.0000073199
       -0.0000037813   0.0000614253  -0.0000588058   0.0000025026   0.0000759055
       -0.0001365919   0.0000499970   0.0001753310  -0.0010339573   0.0002504339
        0.0061540997  -0.0020188566   0.0026282664  -0.0709956083   0.0219361344
       -0.0710759634  -0.0000151628   0.0002482481   0.0001290872   0.0000053766
       -0.0000018559  -0.0000047897  -0.0000141603  -0.0000026278   0.0000042838
       -0.0000005174   0.0000089077   0.0000008912  -0.0000019390   0.0000024525
       -0.0000078321  -0.0000116997   0.0000017786   0.0000175568  -0.0000014163
        0.0000184250   0.0000093916   0.0000239327  -0.0000126790   0.0000042045
       -0.0000402081   0.0001015285  -0.0001243723  -0.0000302432   0.0000358165
        0.0000514998   0.0001112007  -0.0001289007   0.0001644278   0.0002173945
       -0.0001027292   0.0002752947   0.0004403782  -0.0001528701   0.0002727287
        0.0831214573  -0.0246981110   0.0784400615   0.0125004693  -0.0025946679
        0.0045229846  -0.0319148909   0.0084386659  -0.0155812550   0.0001674589
        0.0001436437   0.0003284494  -0.0001868408   0.0000779598  -0.0002569565
        0.0001371852  -0.0000661590  -0.0001062369
        0.0000053487  -0.0000091714  -0.0000066648  -0.0000360364  -0.0000109679
        0.0000336529  -0.0000560325  -0.0000495603  -0.0000950753  -0.0007401095
        0.0011781520   0.0001133844   0.0001903499  -0.0000629161   0.0000781469
        0.0025842678   0.0003281056  -0.0016951245  -0.1584962010  -0.0996990373
        0.0684240725   0.0004865258  -0.0000558048  -0.0001872509   0.0000002834
       -0.0000030648   0.0000014060   0.0000175395   0.0000002102  -0.0000009256
        0.0000077957  -0.0000108717   0.0000030195  -0.0000339157  -0.0000164822
       -0.0000136583  -0.0000009004   0.0000037591   0.0000064952   0.0000352881
       -0.0000354236   0.0000138105   0.0000144773  -0.0000048527  -0.0000074255
       -0.0015998242   0.0008137326  -0.0003707332   0.0000722122   0.0000588600
        0.0000735444  -0.0000668300  -0.0000485251  -0.0000280637  -0.0001009481
        0.0000047389   0.0000899827   0.0001711661  -0.0000555582  -0.0002974043
       -0.0273001659  -0.0178528971   0.0125004693   0.1846730625   0.1156723327
       -0.0800032843  -0.0003223483  -0.0003928881   0.0014479403   0.0002882383
        0.0001165738   0.0001326433   0.0000232250   0.0001393270  -0.0002451775
        0.0001835316  -0.0000077705   0.0000322202
       -0.0000405756  -0.0000103598   0.0000043604  -0.0000023048   0.0000142227
       -0.0000142690   0.0000269980   0.0001317380  -0.0000348135  -0.0000685640
       -0.0004382474  -0.0001031356  -0.0005176347   0.0005029282   0.0002272830
       -0.0202573375  -0.0220460653   0.0111605792  -0.0999297626  -0.1274585045
        0.0597646685   0.0009849181  -0.0066034646  -0.0016862308  -0.0000060613
        0.0000038342  -0.0000045923  -0.0000270118   0.0000077558  -0.0000039058
       -0.0000092721   0.0000103445  -0.0000009391   0.0000418378   0.0000702134
        0.0000152538   0.0000257520  -0.0000075779  -0.0000425740  -0.0001181393
        0.0000989078  -0.0000067218  -0.0000647717   0.0000161553  -0.0000183763
        0.0013418995   0.0006408843   0.0003720225   0.0001807285  -0.0001392780
       -0.0003699533  -0.0000471133  -0.0001055357   0.0000266210  -0.0002140638
        0.0003159373  -0.0000298087  -0.0003474096   0.0007857273   0.0002944454
        0.0039740293   0.0047620766  -0.0025946679   0.1156723327   0.1494291259
       -0.0681637837   0.0000888385   0.0011880307   0.0010771610   0.0003928591
        0.0000695203  -0.0000507180   0.0002252606   0.0001319991  -0.0003173648
       -0.0013054320  -0.0013703681   0.0004994600
        0.0000084090  -0.0000013429  -0.0000121535  -0.0000063548   0.0000260671
        0.0000277107  -0.0000254389  -0.0001158220  -0.0000437382   0.0001476963
        0.0003377919   0.0002250940   0.0000436559   0.0003984847   0.0000506454
       -0.0046184741  -0.0038655698   0.0028442253   0.0684603247   0.0598684742
       -0.0858127499   0.0000343862  -0.0013360441   0.0004258677  -0.0000097133
        0.0000069107  -0.0000104800   0.0000102849  -0.0000016379   0.0000015637
        0.0000083602  -0.0000123366  -0.0000005303  -0.0000344235  -0.0000298513
        0.0000133756   0.0000202074  -0.0000175008  -0.0000183494   0.0000597285
       -0.0000734952  -0.0000075007  -0.0000319703   0.0000391102  -0.0000614389
       -0.0005801221  -0.0001227547   0.0004500857   0.0000390131  -0.0002855898
       -0.0001522917   0.0001337886   0.0000784503  -0.0001729793  -0.0000127216
       -0.0001040228  -0.0000947873  -0.0004675937  -0.0004693568   0.0004958257
       -0.0075384918  -0.0055105968   0.0045229846  -0.0800032843  -0.0681637837
        0.0954770521   0.0246483713   0.0198340063  -0.0185536685  -0.0000082549
       -0.0000158576  -0.0000777649  -0.0000877560  -0.0001946356   0.0001775932
       -0.0001896269  -0.0002690968   0.0003064087
        0.0000020560   0.0000115116  -0.0000100558  -0.0000089468  -0.0000047463
        0.0000116804  -0.0000674889   0.0000266390   0.0000016535  -0.0001591033
        0.0001302333  -0.0000051032   0.0004736964   0.0001932233   0.0012330848
        0.0000169169   0.0012430695   0.0054053807  -0.0450775468  -0.0012115797
       -0.0068867663   0.0002323341  -0.0003591809  -0.0006320038  -0.0000111516
        0.0000043156  -0.0000070204   0.0000184996   0.0000000977  -0.0000031303
        0.0000042644  -0.0000099819  -0.0000011551  -0.0000073368  -0.0000111205
        0.0000163282   0.0000259854  -0.0000060292  -0.0000319023   0.0000332977
       -0.0000436160  -0.0000148058  -0.0000480889   0.0000312836  -0.0000477472
       -0.0001241902  -0.0000945091   0.0002352829   0.0000685023  -0.0001326637
       -0.0001721452  -0.0000779176   0.0004048466  -0.0002809433  -0.0000322043
       -0.0001028484  -0.0001158275   0.0003690832   0.0012933011   0.0005645865
       -0.0035123110  -0.0013194148  -0.0319148909  -0.0003223483   0.0000888385
        0.0246483713   0.0482932277   0.0000632965   0.0079296207  -0.0001134935
        0.0000758328  -0.0001608024   0.0001089905  -0.0003005717   0.0001397558
       -0.0000847260   0.0000297733   0.0000985546
       -0.0000146479  -0.0000032194  -0.0000001121  -0.0000174122   0.0000090619
       -0.0000002207  -0.0000071689  -0.0000077201  -0.0000069472   0.0000575770
        0.0000004908   0.0000229962  -0.0007460374   0.0008987095  -0.0008939913
        0.0000805039  -0.0064361073  -0.0306763281  -0.0010986257  -0.0452080457
       -0.0213786324   0.0004878921   0.0007824081  -0.0008368962   0.0000040258
        0.0000031661   0.0000062546  -0.0000080320   0.0000000968   0.0000007922
       -0.0000009640  -0.0000007408  -0.0000027080   0.0000022595   0.0000097789
        0.0000092396  -0.0000115378  -0.0000135175   0.0000097266  -0.0000205566
        0.0000168089  -0.0000069468   0.0000249322   0.0000124656   0.0000286632
        0.0000186829   0.0001230585   0.0001061266  -0.0001087689  -0.0001083979
        0.0000996703   0.0004359586  -0.0002048699   0.0005019519  -0.0002348592
        0.0002975374   0.0000900521   0.0010379991  -0.0060126182  -0.0026059496
        0.0006297594   0.0013016368   0.0084386659  -0.0003928881   0.0011880307
        0.0198340063   0.0000632965   0.0534665658   0.0265374233  -0.0000112090
       -0.0000697868   0.0000688046  -0.0002118458  -0.0003423827   0.0004608070
        0.0000416664   0.0002975905   0.0001935521
       -0.0000180576   0.0000067438  -0.0000030023  -0.0000408173  -0.0000238486
       -0.0000129901  -0.0000578999   0.0000630123  -0.0000228940   0.0000584495
       -0.0001367118  -0.0000829145  -0.0003031130   0.0007545011   0.0007100492
        0.0008762382  -0.0062666492  -0.0132650585  -0.0070323622  -0.0204931687
       -0.2796023637  -0.0000662907   0.0007529887   0.0007216212   0.0000128683
       -0.0000061953   0.0000270241   0.0000003870   0.0000051487  -0.0000060569
       -0.0000068022   0.0000016474  -0.0000056209   0.0000195656   0.0000293753
       -0.0000059006  -0.0000257158   0.0000056829   0.0000255832  -0.0000450303
        0.0000372085  -0.0000049680   0.0000499961  -0.0000229796   0.0001065180
        0.0003139187   0.0001114001  -0.0001978587  -0.0001702182   0.0001092168
        0.0001885730   0.0003640517  -0.0002123298   0.0006428073  -0.0001973061
        0.0003163023   0.0001123822   0.0003704921  -0.0028107489  -0.0000978448
       -0.0033016473   0.0001282761  -0.0155812550   0.0014479403   0.0010771610
       -0.0185536685   0.0079296207   0.0265374233   0.3244194007  -0.0000149870
       -0.0000016749  -0.0002123474  -0.0001857634  -0.0003081473   0.0005895751
        0.0000224830   0.0003463658   0.0001112099
       -0.0000450161  -0.0000288114   0.0000235522  -0.0000854366   0.0000926910
       -0.0000682794  -0.0002764423  -0.0002388888   0.0001931225  -0.0011732577
        0.0004941585  -0.0006577232  -0.0043239037  -0.0033717398   0.0022651869
       -0.0257033431   0.0048281807  -0.0079206345   0.0006809494   0.0009619012
       -0.0002244241  -0.2232500789   0.0664776091  -0.0801146988   0.0000142305
        0.0000024862  -0.0000031885  -0.0000477532  -0.0000090625   0.0000100292
        0.0000138067   0.0000046040  -0.0000017382   0.0000057141  -0.0000101444
       -0.0000032567   0.0000047690   0.0000007478   0.0000117001   0.0000567116
       -0.0000415932  -0.0000023339   0.0000561519  -0.0000109212   0.0000420823
       -0.0000185710  -0.0000144264  -0.0000083786   0.0000336745   0.0000420901
       -0.0000128671   0.0002269337   0.0000152698   0.0002981814   0.0003042412
       -0.0004538985   0.0000635809   0.0004559045   0.0004993144  -0.0001170032
        0.0005264673  -0.0008348922   0.0001674589   0.0002882383   0.0003928591
       -0.0000082549  -0.0001134935  -0.0000112090  -0.0000149870   0.2608253676
       -0.0753675914   0.0919820463  -0.0011686155   0.0010491569  -0.0027886766
       -0.0072872485   0.0055321100  -0.0031104962
       -0.0000211943   0.0000011377   0.0000009524  -0.0000633419   0.0000245212
       -0.0000085003  -0.0002186832  -0.0000808451   0.0000770364  -0.0007650383
        0.0003960541  -0.0002113262  -0.0022954581  -0.0014722180   0.0008938490
       -0.0146171641   0.0040171109  -0.0059014221  -0.0012640108   0.0006436889
       -0.0000810620   0.0660424821  -0.0672587145   0.0281523876   0.0000001601
       -0.0000025656   0.0000026105   0.0000028714   0.0000034003  -0.0000035972
       -0.0000016670  -0.0000050819   0.0000011349   0.0000133851   0.0000164603
       -0.0000007266   0.0000099655   0.0000018665  -0.0000151457  -0.0000103725
       -0.0000089640   0.0000125524   0.0000080023  -0.0000117900   0.0000038644
        0.0000690494   0.0000736750  -0.0000203323   0.0000470783   0.0000126653
       -0.0000480212  -0.0000080934  -0.0000566727  -0.0000604256  -0.0000932530
        0.0000824747   0.0001334633   0.0002881971   0.0003291436  -0.0003983412
       -0.0001615126  -0.0007097576   0.0001436437   0.0001165738   0.0000695203
       -0.0000158576   0.0000758328  -0.0000697868  -0.0000016749  -0.0753675914
        0.0771057690  -0.0340986423  -0.0009215597   0.0009683996  -0.0004075640
        0.0291353425  -0.0140694909   0.0118511445
        0.0000116016  -0.0000023605   0.0000026654   0.0000378724  -0.0000000456
        0.0000021270   0.0001294321   0.0000319836  -0.0000297641   0.0004199693
       -0.0000334994   0.0002772365   0.0013723827   0.0009562593   0.0001296559
        0.0082228501  -0.0025234186   0.0036895280  -0.0000339467  -0.0002299747
        0.0000779046  -0.0798422580   0.0280693414  -0.0796217549   0.0000030544
        0.0000015290  -0.0000055264  -0.0000091868  -0.0000051121   0.0000044747
        0.0000011789   0.0000034582  -0.0000007819  -0.0000063236  -0.0000130342
       -0.0000013747  -0.0000096357  -0.0000030573   0.0000161689  -0.0000049325
        0.0000028899  -0.0000055718   0.0000157702   0.0000088523  -0.0000017577
       -0.0000219945  -0.0000233273  -0.0000062582  -0.0000668485  -0.0000284221
        0.0000738220   0.0002485254   0.0000782072   0.0001871111   0.0000407672
       -0.0000440550  -0.0001297305   0.0005263170  -0.0002194473   0.0004572430
        0.0000434014  -0.0002002330   0.0003284494   0.0001326433  -0.0000507180
       -0.0000777649  -0.0001608024   0.0000688046  -0.0002123474   0.0919820463
       -0.0340986423   0.0889340548  -0.0301045861   0.0114421924  -0.0176829492
        0.0070727027  -0.0031881703   0.0035951404
        0.0000066063   0.0000078353  -0.0000057820   0.0000176695  -0.0000110370
        0.0000025968  -0.0000068827   0.0000334890  -0.0000301158  -0.0000535629
       -0.0000154352  -0.0000541317   0.0008589640  -0.0000835454   0.0012064593
       -0.0029860266  -0.0004553543   0.0241678177   0.0005087846   0.0007896311
        0.0000132291  -0.0440952869   0.0014655284   0.0087358537  -0.0000089659
        0.0000000371  -0.0000083897   0.0000138990   0.0000028162  -0.0000038214
       -0.0000011606  -0.0000001501   0.0000026190   0.0000051037   0.0000058396
        0.0000027731   0.0000232222   0.0000042281  -0.0000253095   0.0000040457
        0.0000018219   0.0000093776  -0.0000459838  -0.0000046125  -0.0000412191
        0.0000615494   0.0000560726   0.0000005920   0.0000803663   0.0000217349
       -0.0001856691  -0.0005123612  -0.0002851125  -0.0003880318  -0.0000685778
        0.0001386695   0.0000513014  -0.0033446057  -0.0030118858   0.0024756325
       -0.0001116781  -0.0000294642  -0.0001868408   0.0000232250   0.0002252606
       -0.0000877560   0.0001089905  -0.0002118458  -0.0001857634  -0.0011686155
       -0.0009215597  -0.0301045861   0.0502624564   0.0008195109  -0.0115806604
        0.0004288250   0.0014575273   0.0062198248
        0.0000014407   0.0000040793  -0.0000035256   0.0000125955  -0.0000011110
        0.0000033700   0.0000124516   0.0000194721  -0.0000368018   0.0000264841
       -0.0000514192  -0.0000154062   0.0006604288   0.0003085882   0.0000072932
       -0.0020995621   0.0000123643   0.0181567487  -0.0000964052   0.0007327031
        0.0010605735   0.0014138004  -0.0451663311  -0.0131251667  -0.0000003618
        0.0000032757  -0.0000014083  -0.0000012312  -0.0000031112   0.0000018358
        0.0000016302  -0.0000034019  -0.0000013955  -0.0000032191  -0.0000049619
        0.0000045934   0.0000048348  -0.0000053308  -0.0000029054   0.0000069659
       -0.0000151961  -0.0000098049  -0.0000037490   0.0000141994  -0.0000018516
       -0.0000159587  -0.0000085387   0.0000396367   0.0000369878  -0.0000334060
       -0.0000390382  -0.0000895019   0.0001752993  -0.0000622644  -0.0000077555
       -0.0001572236  -0.0002293053  -0.0030130944  -0.0017055651   0.0019490946
        0.0000951635  -0.0000766705   0.0000779598   0.0001393270   0.0001319991
       -0.0001946356  -0.0003005717  -0.0003423827  -0.0003081473   0.0010491569
        0.0009683996   0.0114421924   0.0008195109   0.0499943250   0.0143976796
        0.0013506324  -0.0047900555  -0.0331093211
       -0.0000099687   0.0000020122  -0.0000033315  -0.0000460975  -0.0000210235
        0.0000004970  -0.0000603367  -0.0000049185   0.0000050503  -0.0001738903
       -0.0001093710   0.0000779179  -0.0008087383  -0.0003621841   0.0006846159
        0.0049099261   0.0024984224  -0.0163020877  -0.0005714456  -0.0006132217
        0.0007923922   0.0078766565  -0.0137329460  -0.2808447711   0.0000107735
       -0.0000009775   0.0000207817   0.0000032178   0.0000018241  -0.0000056052
       -0.0000000309  -0.0000062394  -0.0000063014  -0.0000022565   0.0000118807
        0.0000021396  -0.0000200401  -0.0000043333   0.0000147449   0.0000051946
       -0.0000130148  -0.0000202243   0.0000485382   0.0000029206   0.0000798437
       -0.0000425292  -0.0000035837   0.0000178480  -0.0001733980  -0.0000250791
        0.0001192682   0.0004289005   0.0001046599   0.0006094341   0.0001365458
       -0.0001169582  -0.0002350695   0.0026274729   0.0020419819  -0.0005823680
       -0.0000638700   0.0000760352  -0.0002569565  -0.0002451775  -0.0003173648
        0.0001775932   0.0001397558   0.0004608070   0.0005895751  -0.0027886766
       -0.0004075640  -0.0176829492  -0.0115806604   0.0143976796   0.3262173808
        0.0004001346  -0.0038594438  -0.0134694184
        0.0000092249   0.0000091008  -0.0000072783   0.0000129413  -0.0000095349
        0.0000170778   0.0000028355   0.0000202115  -0.0000370698   0.0000582115
        0.0000667431   0.0000519520   0.0005329023  -0.0014939727   0.0000821586
        0.0015454872  -0.0212654458  -0.0055591606  -0.0029064813  -0.0028455275
        0.0013099731  -0.0488596939   0.0358635988   0.0096184461  -0.0000019439
       -0.0000015174   0.0000009450   0.0000186145   0.0000049827  -0.0000024569
       -0.0000086968   0.0000055790   0.0000023728   0.0000211420   0.0000234797
        0.0000011824   0.0000036493  -0.0000032576  -0.0000064285  -0.0000410589
        0.0000301639   0.0000117189   0.0000050900  -0.0000021510   0.0000000285
        0.0001181520   0.0000750584   0.0000012800   0.0000377027  -0.0000164814
       -0.0000362874  -0.0000325092   0.0001056103  -0.0000097527  -0.0009998190
        0.0001554531   0.0000406233   0.0005295425   0.0001801932  -0.0004206705
       -0.0000648973   0.0000268365   0.0001371852   0.0001835316  -0.0013054320
       -0.0001896269  -0.0000847260   0.0000416664   0.0000224830  -0.0072872485
        0.0291353425   0.0070727027   0.0004288250   0.0013506324   0.0004001346
        0.0567792222  -0.0401513321  -0.0125015324
        0.0000141662  -0.0000011545  -0.0000035024   0.0000501522  -0.0000041021
       -0.0000153522   0.0000760447   0.0000015079  -0.0000133167   0.0001704714
        0.0001108290  -0.0000065874   0.0010038828   0.0004939073  -0.0002338446
       -0.0002542243  -0.0219713767  -0.0040890274  -0.0038941105  -0.0029293819
        0.0020242281   0.0363298987  -0.2583798767  -0.0627147957  -0.0000010544
       -0.0000045841  -0.0000064079   0.0000037111  -0.0000025038   0.0000030019
       -0.0000120258   0.0000244319   0.0000042336   0.0000230706   0.0000204761
        0.0000036950   0.0000002848  -0.0000035272   0.0000132603  -0.0000574618
        0.0000974609   0.0000159586  -0.0000009473  -0.0000150432  -0.0000160729
        0.0001850206   0.0001558248   0.0000165367   0.0000217993  -0.0000290488
        0.0000348457  -0.0000097391  -0.0001347505  -0.0000218506  -0.0006371474
        0.0007724556   0.0000312377   0.0004641306   0.0003363986   0.0000273404
       -0.0003362305   0.0004325329  -0.0000661590  -0.0000077705  -0.0013703681
       -0.0002690968   0.0000297733   0.0002975905   0.0003463658   0.0055321100
       -0.0140694909  -0.0031881703   0.0014575273  -0.0047900555  -0.0038594438
       -0.0401513321   0.3009618484   0.0719829241
        0.0000014242  -0.0000020562   0.0000009854  -0.0000008107   0.0000060104
       -0.0000025134  -0.0000041827  -0.0000248609   0.0000111010  -0.0000264720
        0.0000785545  -0.0000437484  -0.0002735724  -0.0001819640   0.0000716708
       -0.0009831693   0.0093743627   0.0026839095   0.0013746950   0.0013431812
        0.0000763205   0.0095031001  -0.0625740215  -0.0628208078  -0.0000032867
       -0.0000016358  -0.0000062093   0.0000007531   0.0000013813  -0.0000015038
       -0.0000018545   0.0000026771   0.0000044010   0.0000019229   0.0000019719
       -0.0000057459   0.0000065661   0.0000069270  -0.0000025966  -0.0000087375
        0.0000159184   0.0000221308  -0.0000133189  -0.0000120232  -0.0000266653
        0.0000222978   0.0000310264  -0.0000406691   0.0000229217   0.0000459104
       -0.0000106595   0.0000382535  -0.0001623275  -0.0001837017  -0.0002832737
        0.0000765758   0.0003264340  -0.0001421445   0.0005827424   0.0003432136
        0.0000303175  -0.0000261103  -0.0001062369   0.0000322202   0.0004994600
        0.0003064087   0.0000985546   0.0001935521   0.0001112099  -0.0031104962
        0.0118511445   0.0035951404   0.0062198248  -0.0331093211  -0.0134694184
       -0.0125015324   0.0719829241   0.0691675506
