*************************************************
******************* ORCA 6.1.1 ******************
*************************************************
$Calculation_Status
   &GeometryIndex 6
   &version [&Type "String"] "6.1.1"
   &progName [&Type "String"] "LeanSCF"
   &Status [&Type "String"] "NORMAL TERMINATION"
$End
$Geometry
   &GeometryIndex 1
   &NAtoms [&Type "Integer"] 27
   &NCorelessECP [&Type "Integer"] 0
   &NGhostAtoms [&Type "Integer"] 0
   &CartesianCoordinates [&Type "Coordinates", &Dim(27,4), &Units "Bohr"] 
              C      7.225614102148   -0.118189990151   -0.751664348852
              C      4.614554752351   -0.955285320124    0.129870663050
              C      2.587764014439    0.969361595630   -0.590786244586
              C     -0.039909265786    0.356189210944    0.460413883472
              C     -1.818320152604    2.607067845757    0.084320814807
              C     -4.437900805605    2.060479243557    1.156710068472
              C     -5.566153343111   -0.283500277864   -0.082616690521
              C     -3.813913853342   -2.540938780705    0.286760179818
              C     -1.194404913508   -1.983735104895   -0.783812158407
              H      7.740125961845    1.674835679178    0.113220035756
              H      7.253628794577    0.119783251075   -2.793628021926
              H      8.645514297203   -1.514375658676   -0.242250553212
              H      4.629242969748   -1.192595955758    2.180824930533
              H      4.177494889721   -2.786233882521   -0.711956845128
              H      2.481436553560    1.109892662167   -2.648393908949
              H      3.163818237363    2.819746939342    0.126143383986
              H      0.136799451668   -0.001669314430    2.493685764050
              H     -1.976325382993    3.012996863478   -1.934371212012
              H     -1.028267400134    4.279662878127    1.001472802942
              H     -4.292436145775    1.753378799440    3.193537395647
              H     -5.672888309296    3.685860375644    0.850223634028
              H     -5.819266562570    0.064214862765   -2.102015622896
              H     -7.420978398064   -0.688190204280    0.727244225136
              H     -3.652644500449   -2.956880651684    2.303029100499
              H     -4.606113478163   -4.207288889545   -0.638940309689
              H      0.024004702602   -3.620039894414   -0.484484880502
              H     -1.340476215827   -1.664546282059   -2.818946988607
$End
$SCF_Mulliken_Population_Analysis
   &GeometryIndex 1
   &NAtoms [&Type "Integer"] 27
   &ATNO [&Type "ArrayOfIntegers", &Dim (27,1)] 
                                                         0

0                                                        6
1                                                        6
2                                                        6
3                                                        6
4                                                        6
5                                                        6
6                                                        6
7                                                        6
8                                                        6
9                                                        1
10                                                       1
11                                                       1
12                                                       1
13                                                       1
14                                                       1
15                                                       1
16                                                       1
17                                                       1
18                                                       1
19                                                       1
20                                                       1
21                                                       1
22                                                       1
23                                                       1
24                                                       1
25                                                       1
26                                                       1
   &AtomicCharges [&Type "ArrayOfDoubles", &Dim (27,1)] 
                                                         0

0                                     -4.7703904984460532e-01
1                                     -2.5817573664213445e-01
2                                     -2.7997619841265298e-01
3                                     -7.5531183586756256e-02
4                                     -3.0719802835399079e-01
5                                     -2.8732450595275694e-01
6                                     -2.8053997404725273e-01
7                                     -2.9215354864038989e-01
8                                     -3.5063305310778237e-01
9                                      1.4298093826099423e-01
10                                     1.4160584940298659e-01
11                                     1.4568745934889971e-01
12                                     1.4125552765092553e-01
13                                     1.4025366190039457e-01
14                                     1.4308450740666445e-01
15                                     1.4007045013004205e-01
16                                     1.5745746674057148e-01
17                                     1.4957639272098633e-01
18                                     1.4321427851185198e-01
19                                     1.4388860659280711e-01
20                                     1.4515540302149199e-01
21                                     1.3981730988741936e-01
22                                     1.4534557536175907e-01
23                                     1.4345389269703590e-01
24                                     1.4504627672391501e-01
25                                     1.4609426003265646e-01
26                                     1.5458342219717081e-01
   &Method [&Type "String"] "SCF"
   &Level [&Type "String"] "Relaxed density"
   &Mult [&Type "Integer"] 1
   &State [&Type "Integer"] -1
   &Irrep [&Type "Integer"] 0
$End
$SCF_Loewdin_Population_Analysis
   &GeometryIndex 1
   &NAtoms [&Type "Integer"] 27
   &ATNO [&Type "ArrayOfIntegers", &Dim (27,1)] 
                                                         0

0                                                        6
1                                                        6
2                                                        6
3                                                        6
4                                                        6
5                                                        6
6                                                        6
7                                                        6
8                                                        6
9                                                        1
10                                                       1
11                                                       1
12                                                       1
13                                                       1
14                                                       1
15                                                       1
16                                                       1
17                                                       1
18                                                       1
19                                                       1
20                                                       1
21                                                       1
22                                                       1
23                                                       1
24                                                       1
25                                                       1
26                                                       1
   &AtomicCharges [&Type "ArrayOfDoubles", &Dim (27,1)] 
                                                         0

0                                     -4.2521878127331103e-01
1                                     -3.1577680634149097e-01
2                                     -3.0112813703107211e-01
3                                     -2.2912412647550706e-01
4                                     -2.9738594168596411e-01
5                                     -3.0425177349825194e-01
6                                     -3.0599535606493689e-01
7                                     -3.0342828168685809e-01
8                                     -2.9658959976919075e-01
9                                      1.4913365290135316e-01
10                                     1.4969594265489206e-01
11                                     1.4924697037756651e-01
12                                     1.5131818701287836e-01
13                                     1.5083996721972459e-01
14                                     1.5771137333415919e-01
15                                     1.5722933664793581e-01
16                                     1.5970995937816745e-01
17                                     1.5806387573081793e-01
18                                     1.5661634325488594e-01
19                                     1.5429982007401399e-01
20                                     1.5394479256517024e-01
21                                     1.5375804302286289e-01
22                                     1.5399128490900504e-01
23                                     1.5454320264068711e-01
24                                     1.5398796729404229e-01
25                                     1.5730227242325778e-01
26                                     1.5750581238543560e-01
   &Method [&Type "String"] "SCF"
   &Level [&Type "String"] "Relaxed density"
   &Mult [&Type "Integer"] 1
   &State [&Type "Integer"] -1
   &Irrep [&Type "Integer"] 0
$End
$SCF_Mayer_Population_Analysis
   &GeometryIndex 1
   &NAtoms [&Type "Integer"] 27 "Total number of atoms"
   &NBondOrdersPrint [&Type "Integer"] 27 "The number of bond orders larger than threshold"
   &bondThresh [&Type "Double"]       1.0000000000000001e-01  "The threshold for printing"
   &components [&Type "ArrayOfIntegers", &Dim (27,4)] "The indices and atomic numbers of the bonding atoms"
                                                         0                           1                           2                           3

0                                                        0                           6                           1                           6
1                                                        0                           6                           9                           1
2                                                        0                           6                          10                           1
3                                                        0                           6                          11                           1
4                                                        1                           6                           2                           6
5                                                        1                           6                          12                           1
6                                                        1                           6                          13                           1
7                                                        2                           6                           3                           6
8                                                        2                           6                          14                           1
9                                                        2                           6                          15                           1
10                                                       3                           6                           4                           6
11                                                       3                           6                           8                           6
12                                                       3                           6                          16                           1
13                                                       4                           6                           5                           6
14                                                       4                           6                          17                           1
15                                                       4                           6                          18                           1
16                                                       5                           6                           6                           6
17                                                       5                           6                          19                           1
18                                                       5                           6                          20                           1
19                                                       6                           6                           7                           6
20                                                       6                           6                          21                           1
21                                                       6                           6                          22                           1
22                                                       7                           6                           8                           6
23                                                       7                           6                          23                           1
24                                                       7                           6                          24                           1
25                                                       8                           6                          25                           1
26                                                       8                           6                          26                           1
   &BondOrders [&Type "ArrayOfDoubles", &Dim (27,1)] "The bond orders"
                                                         0

0                                      8.9723157259351827e-01
1                                      9.8697374459396692e-01
2                                      9.8317764296422727e-01
3                                      9.7574717291475987e-01
4                                      9.0652126893317686e-01
5                                      9.8497926083611709e-01
6                                      9.6854029186218582e-01
7                                      8.7096455922595628e-01
8                                      9.8660760379768031e-01
9                                      9.9163897179993366e-01
10                                     9.0943880403549027e-01
11                                     9.0165607510486889e-01
12                                     9.8525374315008307e-01
13                                     8.9724622195878412e-01
14                                     1.0060615381257429e+00
15                                     9.4583118175805669e-01
16                                     9.2451093327860012e-01
17                                     9.9739914950672970e-01
18                                     9.4885836340485719e-01
19                                     9.2123447108781797e-01
20                                     9.9353935633445034e-01
21                                     9.4968970873622782e-01
22                                     9.0292491533388608e-01
23                                     9.9469364610049327e-01
24                                     9.4589766894433680e-01
25                                     9.4604733028142618e-01
26                                     1.0081861571103421e+00
   &ATNO [&Type "ArrayOfIntegers", &Dim (27,1)] "Atomic number of the elements"
                                                         0

0                                                        6
1                                                        6
2                                                        6
3                                                        6
4                                                        6
5                                                        6
6                                                        6
7                                                        6
8                                                        6
9                                                        1
10                                                       1
11                                                       1
12                                                       1
13                                                       1
14                                                       1
15                                                       1
16                                                       1
17                                                       1
18                                                       1
19                                                       1
20                                                       1
21                                                       1
22                                                       1
23                                                       1
24                                                       1
25                                                       1
26                                                       1
   &NA [&Type "ArrayOfDoubles", &Dim (27,1)] "Mulliken gross atomic population"
                                                         0

0                                      6.4770390498445840e+00
1                                      6.2581757366421522e+00
2                                      6.2799761984126690e+00
3                                      6.0755311835867500e+00
4                                      6.3071980283539828e+00
5                                      6.2873245059527676e+00
6                                      6.2805399740472607e+00
7                                      6.2921535486403934e+00
8                                      6.3506330531077779e+00
9                                      8.5701906173900522e-01
10                                     8.5839415059701263e-01
11                                     8.5431254065110052e-01
12                                     8.5874447234907370e-01
13                                     8.5974633809960421e-01
14                                     8.5691549259333422e-01
15                                     8.5992954986995640e-01
16                                     8.4254253325943018e-01
17                                     8.5042360727901489e-01
18                                     8.5678572148814747e-01
19                                     8.5611139340719344e-01
20                                     8.5484459697850779e-01
21                                     8.6018269011257864e-01
22                                     8.5465442463824004e-01
23                                     8.5654610730296421e-01
24                                     8.5495372327608543e-01
25                                     8.5390573996734564e-01
26                                     8.4541657780282831e-01
   &ZA [&Type "ArrayOfDoubles", &Dim (27,1)] "Total nuclear charge"
                                                         0

0                                      6.0000000000000000e+00
1                                      6.0000000000000000e+00
2                                      6.0000000000000000e+00
3                                      6.0000000000000000e+00
4                                      6.0000000000000000e+00
5                                      6.0000000000000000e+00
6                                      6.0000000000000000e+00
7                                      6.0000000000000000e+00
8                                      6.0000000000000000e+00
9                                      1.0000000000000000e+00
10                                     1.0000000000000000e+00
11                                     1.0000000000000000e+00
12                                     1.0000000000000000e+00
13                                     1.0000000000000000e+00
14                                     1.0000000000000000e+00
15                                     1.0000000000000000e+00
16                                     1.0000000000000000e+00
17                                     1.0000000000000000e+00
18                                     1.0000000000000000e+00
19                                     1.0000000000000000e+00
20                                     1.0000000000000000e+00
21                                     1.0000000000000000e+00
22                                     1.0000000000000000e+00
23                                     1.0000000000000000e+00
24                                     1.0000000000000000e+00
25                                     1.0000000000000000e+00
26                                     1.0000000000000000e+00
   &QA [&Type "ArrayOfDoubles", &Dim (27,1)] "Mulliken gross atomic charge"
                                                         0

0                                     -4.7703904984458401e-01
1                                     -2.5817573664215221e-01
2                                     -2.7997619841266896e-01
3                                     -7.5531183586750039e-02
4                                     -3.0719802835398280e-01
5                                     -2.8732450595276759e-01
6                                     -2.8053997404726072e-01
7                                     -2.9215354864039345e-01
8                                     -3.5063305310777793e-01
9                                      1.4298093826099478e-01
10                                     1.4160584940298737e-01
11                                     1.4568745934889948e-01
12                                     1.4125552765092630e-01
13                                     1.4025366190039579e-01
14                                     1.4308450740666578e-01
15                                     1.4007045013004360e-01
16                                     1.5745746674056982e-01
17                                     1.4957639272098511e-01
18                                     1.4321427851185253e-01
19                                     1.4388860659280656e-01
20                                     1.4515540302149221e-01
21                                     1.3981730988742136e-01
22                                     1.4534557536175996e-01
23                                     1.4345389269703579e-01
24                                     1.4504627672391457e-01
25                                     1.4609426003265436e-01
26                                     1.5458342219717169e-01
   &VA [&Type "ArrayOfDoubles", &Dim (27,1)] "Mayer's total valence"
                                                         0

0                                      3.8114309886052435e+00
1                                      3.6795553713676399e+00
2                                      3.6099030650826944e+00
3                                      3.4700619615856865e+00
4                                      3.5886758613285425e+00
5                                      3.6671047081431722e+00
6                                      3.6672582583985678e+00
7                                      3.6642108254776584e+00
8                                      3.6665192703495855e+00
9                                      9.6525367735327849e-01
10                                     9.6484046029423198e-01
11                                     9.6279244515280926e-01
12                                     9.6213360118320457e-01
13                                     9.6257507236663742e-01
14                                     9.6969245973305374e-01
15                                     9.6672029779587554e-01
16                                     9.6290280695444230e-01
17                                     9.6827335535619152e-01
18                                     9.6413583516085199e-01
19                                     9.6618800229240820e-01
20                                     9.6083367658357821e-01
21                                     9.6764201986499221e-01
22                                     9.6111600359071847e-01
23                                     9.6645629226642049e-01
24                                     9.6034383338555618e-01
25                                     9.6248155726946694e-01
26                                     9.6680312172999971e-01
   &BVA [&Type "ArrayOfDoubles", &Dim (27,1)] "Mayer's bonded valence"
                                                         0

0                                      3.8114309886052320e+00
1                                      3.6795553713674778e+00
2                                      3.6099030650826203e+00
3                                      3.4700619615855723e+00
4                                      3.5886758613284324e+00
5                                      3.6671047081431460e+00
6                                      3.6672582583985518e+00
7                                      3.6642108254776518e+00
8                                      3.6665192703495881e+00
9                                      9.6525367735327650e-01
10                                     9.6484046029422110e-01
11                                     9.6279244515281215e-01
12                                     9.6213360118319102e-01
13                                     9.6257507236660655e-01
14                                     9.6969245973305462e-01
15                                     9.6672029779587465e-01
16                                     9.6290280695442898e-01
17                                     9.6827335535616910e-01
18                                     9.6413583516083479e-01
19                                     9.6618800229242263e-01
20                                     9.6083367658358643e-01
21                                     9.6764201986502107e-01
22                                     9.6111600359072991e-01
23                                     9.6645629226641261e-01
24                                     9.6034383338555762e-01
25                                     9.6248155726947027e-01
26                                     9.6680312173000382e-01
   &FA [&Type "ArrayOfDoubles", &Dim (27,1)] "Mayer's free valence"
                                                         0

0                                      0.0000000000000000e+00
1                                      0.0000000000000000e+00
2                                      0.0000000000000000e+00
3                                      0.0000000000000000e+00
4                                      0.0000000000000000e+00
5                                      0.0000000000000000e+00
6                                      0.0000000000000000e+00
7                                      0.0000000000000000e+00
8                                      0.0000000000000000e+00
9                                      0.0000000000000000e+00
10                                     0.0000000000000000e+00
11                                     0.0000000000000000e+00
12                                     0.0000000000000000e+00
13                                     0.0000000000000000e+00
14                                     0.0000000000000000e+00
15                                     0.0000000000000000e+00
16                                     0.0000000000000000e+00
17                                     0.0000000000000000e+00
18                                     0.0000000000000000e+00
19                                     0.0000000000000000e+00
20                                     0.0000000000000000e+00
21                                     0.0000000000000000e+00
22                                     0.0000000000000000e+00
23                                     0.0000000000000000e+00
24                                     0.0000000000000000e+00
25                                     0.0000000000000000e+00
26                                     0.0000000000000000e+00
   &Method [&Type "String"] "SCF"
   &Level [&Type "String"] "Relaxed density"
   &Mult [&Type "Integer"] 1
   &State [&Type "Integer"] -1
   &Irrep [&Type "Integer"] 0
$End
$SCF_Energy
   &GeometryIndex 1
   &Method [&Type "String"] "SCF"
   &totalEnergy [&Type "ArrayOfDoubles", &Dim (1,1)] "Total energy of each state"
                                                         0

0                                     -3.5370329974660933e+02
   &Mult [&Type "ArrayOfIntegers", &Dim (1,1)] "Multiplicity of each state"
                                                         0

0                                                        1
$End
$DFT_Energy
   &GeometryIndex 1
   &nAlphaEl [&Type "Integer"] 36
   &nBetaEl [&Type "Integer"] 36
   &nTotalEl [&Type "Integer"] 72
   &finalEn [&Type "Double"]      -3.5370329974660933e+02  "No Van der Waals correction"
   &eExchange [&Type "Double"]      -5.3310983272722872e+01
   &eCorr [&Type "Double"]      -2.2429357518252147e+00
   &eXC [&Type "Double"]      -5.5553919024548087e+01
   &eCNL [&Type "Double"]       0.0000000000000000e+00
$End
$SCF_Timings
   &GeometryIndex 1
   &TOTAL [&Type "Double"]       5.5871000000000002e+01
   &PREP [&Type "Double"]       6.4000000000000001e-02
   &FOCK [&Type "Double"]       5.2576999999999998e+01
   &DENS [&Type "Double"]       6.5000000000011937e-02
   &ETOT [&Type "Double"]       1.0000000000002451e-02
   &POP [&Type "Double"]       2.1000000000000796e-02
   &TRAFO [&Type "Double"]       4.6000000000001151e-02
   &DIIS [&Type "Double"]       1.6499999999999915e-01
   &SOSCF [&Type "Double"]       1.4499999999999602e-01
   &XC [&Type "Double"]       4.8121999999999993e+01
   &FOCKSTART [&Type "Double"]       1.1000000000005339e-02
   &INT_BF [&Type "Double"]       8.7659999999999041e+00
   &INT_DENS [&Type "Double"]       1.4791000000000011e+01
   &INT_DENSIO [&Type "Double"]       7.0088505499999982e+05
   &INT_FUNC [&Type "Double"]       3.0419999999999980e+00
   &INT_POT [&Type "Double"]       2.0079999999999973e+01
   &INT_POTIO [&Type "Double"]       4.4100000000004491e-01
   &SPLITRIJ [&Type "Double"]       6.9870000000000019e+00
$End
$VdW_Correction
   &GeometryIndex 1
   &vdW [&Type "Double"]      -8.2895182315500058e-03
$End
$gCP_Energy
   &GeometryIndex 1
   &gCP_Energy [&Type "Double"]       1.1605664200000001e-02
$End
$Single_Point_Data
   &GeometryIndex 1
   &FinalEnergy [&Type "Double"]      -3.5369998360064091e+02  "Final single point energy"
   &Converged [&Type "Boolean"] true
$End
$SCF_Nuc_Gradient
   &GeometryIndex 1
   &NAtoms [&Type "Integer"] 27
   &gradNorm [&Type "Double"]       3.0913660669712736e-02
   &grad [&Type "ArrayOfDoubles", &Dim (81,1)] 
                                                         0

0                                      3.2813147391292786e-03
1                                      3.5329279501219368e-03
2                                     -2.3086989548024833e-03
3                                     -1.4015243775442610e-03
4                                     -5.5326656505729167e-03
5                                      4.2365620709490688e-03
6                                      1.7318899692683192e-03
7                                      6.6785301930005168e-03
8                                     -7.4212587703680472e-03
9                                     -2.1053753521510172e-03
10                                    -4.5552694258587994e-03
11                                     1.0334343400919642e-02
12                                     9.0233315984663642e-04
13                                     2.8437079244100195e-03
14                                    -8.2119688793284920e-03
15                                     9.6528287260356539e-04
16                                    -1.3264326139256401e-03
17                                     6.7383306414415802e-03
18                                    -9.1764275978055833e-04
19                                     1.0925260608997092e-03
20                                    -6.7104552209184196e-03
21                                     1.0380671660199711e-03
22                                    -8.6789389595278246e-04
23                                     6.6336364473457646e-03
24                                     2.5508078660407807e-04
25                                     1.0121554288777806e-03
26                                    -8.8957800123727025e-03
27                                    -2.1428805141548483e-03
28                                    -4.2899034136389663e-03
29                                    -1.3646354668485649e-03
30                                    -1.3161461856685893e-03
31                                    -9.8698635677881615e-04
32                                     4.8692236584844204e-03
33                                    -4.6942941509480942e-03
34                                     2.0972166582787508e-03
35                                    -2.9119754387828809e-04
36                                     9.1248110137488324e-04
37                                     1.9423327601493083e-03
38                                    -3.4532637978061356e-03
39                                     1.0865858036320513e-03
40                                     3.9044320004885851e-03
41                                    -3.1182437381152702e-04
42                                     2.8847411712674102e-04
43                                    -1.9051708581395846e-03
44                                     4.3620531369844553e-03
45                                    -1.2852880007563072e-03
46                                    -4.0929975954161132e-03
47                                     3.0710684620573566e-05
48                                    -1.9180704718024065e-04
49                                     5.3870248132939188e-04
50                                    -3.6713393479968969e-03
51                                    -4.6196606384473258e-04
52                                    -1.6153242244719766e-03
53                                     4.5033782622906082e-03
54                                    -2.0963987693980845e-03
55                                    -3.4220338739002422e-03
56                                    -7.2582910071077597e-05
57                                     3.9569384191297490e-04
58                                    -3.3142440848839613e-04
59                                    -4.2009069168117549e-03
60                                     2.2773012220635436e-03
61                                    -2.7841830687148177e-03
62                                    -1.3625358752829780e-03
63                                     1.6244611540306231e-03
64                                    -5.3330778455989080e-04
65                                     4.0396949412584426e-03
66                                     3.7589866106963565e-03
67                                     5.0243009554320551e-04
68                                     3.3515823803413451e-04
69                                     1.2463150932869805e-04
70                                     1.8716719576742137e-03
71                                    -3.7676256209106494e-03
72                                     1.3086389752779769e-03
73                                     3.5384706883422254e-03
74                                    -1.6734387041769818e-04
75                                    -2.4768237822669586e-03
76                                     3.0277697075242415e-03
77                                     1.3370714878572566e-03
78                                    -8.6107602346675047e-04
79                                    -3.3928073688203398e-04
80                                     4.7912545920740591e-03
   &Method [&Type "String"] "SCF"
   &Level [&Type "String"] "Relaxed density"
   &Mult [&Type "Integer"] 1
   &State [&Type "Integer"] 0
   &Irrep [&Type "Integer"] 0
$End
$Geometry
   &GeometryIndex 2
   &NAtoms [&Type "Integer"] 27
   &NCorelessECP [&Type "Integer"] 0
   &NGhostAtoms [&Type "Integer"] 0
   &CartesianCoordinates [&Type "Coordinates", &Dim(27,4), &Units "Bohr"] 
              C      7.267438253323   -0.128994276746   -0.776142280277
              C      4.641710524788   -0.958565997689    0.108134926453
              C      2.601120624425    0.979737629499   -0.568303027666
              C     -0.038689436918    0.370387603060    0.471935537478
              C     -1.832222032462    2.622055371691    0.101113153919
              C     -4.478519401093    2.077132274551    1.140333832690
              C     -5.598442485648   -0.290603880601   -0.086910620036
              C     -3.838075351304   -2.555099753571    0.286153079872
              C     -1.189411151672   -1.997985224599   -0.745450227033
              H      7.808285742774    1.659937317295    0.112558987059
              H      7.295536158533    0.143608809744   -2.827512745051
              H      8.697839032374   -1.543965448913   -0.296297052085
              H      4.661048349553   -1.234281604441    2.164497193384
              H      4.188292206930   -2.790480929703   -0.747124229650
              H      2.487938663705    1.159591355142   -2.635077341530
              H      3.188150515719    2.833035668309    0.164456327108
              H      0.136899514329    0.023401631475    2.517871085489
              H     -1.969020288428    3.038421359043   -1.930374578247
              H     -1.043221368863    4.305838613044    1.021368730365
              H     -4.358126852797    1.788004302165    3.192895567812
              H     -5.719312298774    3.707181144212    0.819419111752
              H     -5.851707820966    0.049381640563   -2.119675848553
              H     -7.468972813756   -0.697021032767    0.709642202788
              H     -3.701229714477   -2.982723867134    2.313349465673
              H     -4.622436041969   -4.233570826578   -0.644747132086
              H      0.035073848416   -3.638081181428   -0.422279162309
              H     -1.299946375741   -1.706340695621   -2.800245860406
$End
$SCF_Energy
   &GeometryIndex 2
   &Method [&Type "String"] "SCF"
   &totalEnergy [&Type "ArrayOfDoubles", &Dim (1,1)] "Total energy of each state"
                                                         0

0                                     -3.5370437328441147e+02
   &Mult [&Type "ArrayOfIntegers", &Dim (1,1)] "Multiplicity of each state"
                                                         0

0                                                        1
$End
$DFT_Energy
   &GeometryIndex 2
   &nAlphaEl [&Type "Integer"] 36
   &nBetaEl [&Type "Integer"] 36
   &nTotalEl [&Type "Integer"] 72
   &finalEn [&Type "Double"]      -3.5370437328441147e+02  "No Van der Waals correction"
   &eExchange [&Type "Double"]      -5.3251196876049562e+01
   &eCorr [&Type "Double"]      -2.2396550155478492e+00
   &eXC [&Type "Double"]      -5.5490851891597408e+01
   &eCNL [&Type "Double"]       0.0000000000000000e+00
$End
$SCF_Timings
   &GeometryIndex 2
   &TOTAL [&Type "Double"]       3.4583999999999996e+01
   &PREP [&Type "Double"]       6.4000000000000001e-02
   &FOCK [&Type "Double"]       3.1825999999999993e+01
   &DENS [&Type "Double"]       5.1000000000001933e-02
   &ETOT [&Type "Double"]       7.9999999999991189e-03
   &TRAFO [&Type "Double"]       5.4999999999997939e-02
   &DIIS [&Type "Double"]       1.3300000000000001e-01
   &SOSCF [&Type "Double"]       1.1000000000000654e-01
   &XC [&Type "Double"]       2.8635999999999996e+01
   &FOCKSTART [&Type "Double"]       5.0000000000018918e-03
   &INT_BF [&Type "Double"]       5.4950000000000347e+00
   &INT_DENS [&Type "Double"]       8.8659999999997918e+00
   &INT_DENSIO [&Type "Double"]       3.1452888999999990e+05
   &INT_FUNC [&Type "Double"]       1.8140000000001091e+00
   &INT_POT [&Type "Double"]       1.1604000000000003e+01
   &INT_POTIO [&Type "Double"]       2.2800000000003473e-01
   &SPLITRIJ [&Type "Double"]       5.3620000000000054e+00
$End
$VdW_Correction
   &GeometryIndex 2
   &vdW [&Type "Double"]      -8.2425723463094465e-03
$End
$gCP_Energy
   &GeometryIndex 2
   &gCP_Energy [&Type "Double"]       1.1414488000000000e-02
$End
$Single_Point_Data
   &GeometryIndex 2
   &FinalEnergy [&Type "Double"]      -3.5370120136875778e+02  "Final single point energy"
   &Converged [&Type "Boolean"] true
$End
$SCF_Nuc_Gradient
   &GeometryIndex 2
   &NAtoms [&Type "Integer"] 27
   &gradNorm [&Type "Double"]       1.0683436867643687e-02
   &grad [&Type "ArrayOfDoubles", &Dim (81,1)] 
                                                         0

0                                      2.1772331972289395e-03
1                                      1.3942672920821005e-03
2                                     -1.0247236393562459e-03
3                                     -7.5451482905256506e-04
4                                     -2.4917496576755717e-03
5                                      1.9181226598140961e-03
6                                      6.8510662220370609e-04
7                                      2.8449616796631929e-03
8                                     -2.6789385084183643e-03
9                                     -5.8644274648106767e-04
10                                    -1.6518204933200064e-03
11                                     3.7040717056421716e-03
12                                     6.0947552861367492e-04
13                                     1.3674629845508886e-03
14                                    -2.9458946176833308e-03
15                                    -2.3598492568543624e-04
16                                     1.4743629317637554e-04
17                                     2.9037490541126360e-03
18                                    -9.9752344040705257e-04
19                                     3.6010014802442038e-04
20                                    -2.5683281030839094e-03
21                                    -3.2952152167259986e-05
22                                    -1.1571944847932967e-03
23                                     2.6439080420812577e-03
24                                     4.0442421830592815e-04
25                                     4.8266115909812509e-04
26                                    -3.6772863566611864e-03
27                                    -5.8175800666013136e-04
28                                    -3.6921803744109063e-04
29                                     2.5230550343459168e-04
30                                    -6.3865376615479172e-04
31                                    -2.6938096330199595e-04
32                                     3.1169101050871511e-04
33                                    -6.5371897170694675e-04
34                                    -3.8020762786023128e-04
35                                     3.1375414373445995e-04
36                                     3.9228183177702835e-04
37                                     9.3495276699531271e-04
38                                    -2.9806579250526776e-04
39                                     2.1454562984555057e-04
40                                     6.5396645909938803e-04
41                                    -7.7688890592571627e-04
42                                    -1.2398430530093834e-05
43                                    -1.1212427925419448e-03
44                                     5.4781769627392841e-04
45                                    -7.1714039415876770e-05
46                                    -5.9359648534538980e-04
47                                     5.8427653732954989e-04
48                                     1.4933145558107282e-05
49                                     1.2452515842990573e-04
50                                    -7.0640587491194217e-04
51                                    -3.6862743261385924e-04
52                                    -6.5436661163304464e-04
53                                     5.8316820367318835e-04
54                                    -4.0255081874316951e-04
55                                    -2.7744390410242795e-04
56                                     6.8613545289485426e-04
57                                     3.6210417450466162e-04
58                                    -4.8771773055639997e-04
59                                    -6.1761726138786816e-04
60                                    -6.5715746062716641e-06
61                                    -9.0734784538983341e-05
62                                    -7.9487361028564003e-04
63                                     7.1685706708233578e-04
64                                     8.9127077305944241e-06
65                                     4.4575554495754799e-04
66                                     3.3788538836402129e-04
67                                    -7.6670300025767884e-05
68                                     7.2456575989677304e-04
69                                     1.8698806378611375e-04
70                                     7.0755686551863942e-04
71                                    -3.9598384653485066e-04
72                                    -7.5042667006628956e-05
73                                     3.7221290214922123e-04
74                                    -7.0820423706440048e-04
75                                    -1.6562557383235238e-04
76                                     1.3555831407053562e-04
77                                     8.0254556019691836e-04
78                                    -5.1775549377853114e-04
79                                     8.6769142137783933e-05
80                                     7.7134387913492444e-04
   &Method [&Type "String"] "SCF"
   &Level [&Type "String"] "Relaxed density"
   &Mult [&Type "Integer"] 1
   &State [&Type "Integer"] 0
   &Irrep [&Type "Integer"] 0
$End
$Geometry
   &GeometryIndex 3
   &NAtoms [&Type "Integer"] 27
   &NCorelessECP [&Type "Integer"] 0
   &NGhostAtoms [&Type "Integer"] 0
   &CartesianCoordinates [&Type "Coordinates", &Dim(27,4), &Units "Bohr"] 
              C      7.264926792619   -0.136032290599   -0.794512484784
              C      4.639244884952   -0.964837145810    0.088415217850
              C      2.601819606651    0.988894200313   -0.545047052297
              C     -0.037409883171    0.379406988922    0.487387049329
              C     -1.834009525036    2.626080243641    0.107639443584
              C     -4.490533190859    2.083084351053    1.121516124862
              C     -5.598895480104   -0.296235321899   -0.095333018695
              C     -3.836982108580   -2.557968338937    0.291264982402
              C     -1.177224039581   -2.003053862714   -0.712915426584
              H      7.822169123542    1.639736184646    0.114786953995
              H      7.290671169175    0.168731998748   -2.843347035887
              H      8.697064754632   -1.560595899638   -0.344333603705
              H      4.663680995730   -1.279369366625    2.141146466611
              H      4.172274437928   -2.785910101507   -0.786299200703
              H      2.483286101575    1.210020342860   -2.610415270197
              H      3.198324113356    2.832674340471    0.208862970967
              H      0.134037958976    0.043683189108    2.538642035487
              H     -1.952610126715    3.044233459935   -1.927727212466
              H     -1.049892733058    4.314371103442    1.025627262242
              H     -4.390661149920    1.810985677959    3.179928327391
              H     -5.731013773844    3.710826543730    0.785870714231
              H     -5.847796352186    0.033360284083   -2.132824136447
              H     -7.475875756199   -0.701916771106    0.687771464397
              H     -3.718835854881   -2.987007030347    2.321800268455
              H     -4.611024381843   -4.242698542915   -0.637759436213
              H      0.048281734079   -3.639820043039   -0.371814129780
              H     -1.263017317238   -1.730644193774   -2.774742177131
$End
$SCF_Energy
   &GeometryIndex 3
   &Method [&Type "String"] "SCF"
   &totalEnergy [&Type "ArrayOfDoubles", &Dim (1,1)] "Total energy of each state"
                                                         0

0                                     -3.5370450894310255e+02
   &Mult [&Type "ArrayOfIntegers", &Dim (1,1)] "Multiplicity of each state"
                                                         0

0                                                        1
$End
$DFT_Energy
   &GeometryIndex 3
   &nAlphaEl [&Type "Integer"] 36
   &nBetaEl [&Type "Integer"] 36
   &nTotalEl [&Type "Integer"] 72
   &finalEn [&Type "Double"]      -3.5370450894310255e+02  "No Van der Waals correction"
   &eExchange [&Type "Double"]      -5.3245129425637920e+01
   &eCorr [&Type "Double"]      -2.2394121362261865e+00
   &eXC [&Type "Double"]      -5.5484541561864106e+01
   &eCNL [&Type "Double"]       0.0000000000000000e+00
$End
$SCF_Timings
   &GeometryIndex 3
   &TOTAL [&Type "Double"]       2.6808000000000000e+01
   &PREP [&Type "Double"]       5.5000000000000007e-02
   &FOCK [&Type "Double"]       2.4008999999999997e+01
   &DENS [&Type "Double"]       3.6999999999999034e-02
   &ETOT [&Type "Double"]       8.0000000000000071e-03
   &TRAFO [&Type "Double"]       3.0000000000002025e-02
   &DIIS [&Type "Double"]       1.0400000000000054e-01
   &SOSCF [&Type "Double"]       6.3999999999998280e-02
   &XC [&Type "Double"]       2.2784000000000002e+01
   &FOCKSTART [&Type "Double"]       6.9999999999986739e-03
   &INT_BF [&Type "Double"]       4.4360000000000266e+00
   &INT_DENS [&Type "Double"]       7.0739999999998417e+00
   &INT_DENSIO [&Type "Double"]       2.0545290500000012e+05
   &INT_FUNC [&Type "Double"]       1.4489999999999981e+00
   &INT_POT [&Type "Double"]       9.1410000000001084e+00
   &INT_POTIO [&Type "Double"]       1.7699999999996974e-01
   &SPLITRIJ [&Type "Double"]       3.5719999999999970e+00
$End
$VdW_Correction
   &GeometryIndex 3
   &vdW [&Type "Double"]      -8.2385338350299299e-03
$End
$gCP_Energy
   &GeometryIndex 3
   &gCP_Energy [&Type "Double"]       1.1409145500000000e-02
$End
$Single_Point_Data
   &GeometryIndex 3
   &FinalEnergy [&Type "Double"]      -3.5370133833143757e+02  "Final single point energy"
   &Converged [&Type "Boolean"] true
$End
$SCF_Nuc_Gradient
   &GeometryIndex 3
   &NAtoms [&Type "Integer"] 27
   &gradNorm [&Type "Double"]       4.0194978641743618e-03
   &grad [&Type "ArrayOfDoubles", &Dim (81,1)] 
                                                         0

0                                      1.2839501024617252e-03
1                                      4.9830254586227286e-04
2                                     -4.8752787595353537e-04
3                                     -4.7686728915285223e-04
4                                     -1.0810749596632853e-03
5                                      8.0507416289542612e-04
6                                      1.1531559432137982e-04
7                                      1.1652089542081741e-03
8                                     -6.7334313009868136e-04
9                                     -5.2569970030254924e-05
10                                    -4.8281512946638682e-04
11                                     7.7094882888858909e-04
12                                     5.6674900296191204e-04
13                                     6.9383373649869302e-04
14                                    -6.2116471637178438e-04
15                                    -4.4912142898480658e-04
16                                     5.3018781693647615e-04
17                                     9.3833592300303446e-04
18                                    -8.0483868995601495e-04
19                                     4.6473586109997220e-05
20                                    -6.8687323367472796e-04
21                                    -2.4844693120653916e-04
22                                    -9.4340530046084514e-04
23                                     7.2112440735433599e-04
24                                     4.1608120336241307e-04
25                                     1.5260166871259483e-04
26                                    -1.1801302453653723e-03
27                                    -1.7541900486622484e-04
28                                     1.4706836994623921e-04
29                                     3.0679400608904495e-04
30                                    -2.6919527011913893e-04
31                                    -6.7677055478633334e-05
32                                    -2.4014746423443780e-04
33                                    -5.0598484519185087e-05
34                                    -3.6843677341271829e-04
35                                     1.7797234149353439e-04
36                                     1.4068353986459499e-04
37                                     4.4059186667985012e-04
38                                     1.4046648061357466e-04
39                                    -2.4118097772405489e-05
40                                     1.8598722380059566e-05
41                                    -4.3601618157657518e-04
42                                    -6.2147956583711737e-05
43                                    -5.7191472161631117e-04
44                                    -1.3189049034622008e-04
45                                     5.7505389110342674e-05
46                                     6.7635298477043020e-06
47                                     3.2267425855033274e-04
48                                     2.4137655477973771e-05
49                                     5.4865472751717707e-05
50                                     3.4169968485699804e-05
51                                    -1.7506690168951839e-04
52                                    -2.8570430143162203e-04
53                                    -1.5369254444995266e-04
54                                    -9.6001638491967730e-05
55                                     9.0200834911867314e-05
56                                     3.7357163250376004e-04
57                                     2.1899829497964093e-04
58                                    -2.9909340238900325e-04
59                                     4.7664280299320426e-05
60                                    -1.3010632463269313e-04
61                                     9.5651355703675698e-05
62                                    -3.1631958325893531e-04
63                                     3.1864483353012370e-04
64                                     5.7967493729184553e-05
65                                    -1.4112632423499550e-04
66                                    -6.8883310570345480e-05
67                                    -8.4900889760627159e-05
68                                     3.3770459090567739e-04
69                                     1.1500109126516729e-04
70                                     2.7103817432291041e-04
71                                     1.4676390069587097e-04
72                                    -1.0935683533255732e-04
73                                    -1.0321471378453128e-05
74                                    -3.3804854469527665e-04
75                                     1.6343925948421572e-04
76                                    -1.6367944864876643e-04
77                                     3.0680663828493903e-04
78                                    -2.2776783038224796e-04
79                                     8.9669323497234044e-05
80                                    -2.3791084563060442e-05
   &Method [&Type "String"] "SCF"
   &Level [&Type "String"] "Relaxed density"
   &Mult [&Type "Integer"] 1
   &State [&Type "Integer"] 0
   &Irrep [&Type "Integer"] 0
$End
$Geometry
   &GeometryIndex 4
   &NAtoms [&Type "Integer"] 27
   &NCorelessECP [&Type "Integer"] 0
   &NGhostAtoms [&Type "Integer"] 0
   &CartesianCoordinates [&Type "Coordinates", &Dim(27,4), &Units "Bohr"] 
              C      7.257998654746   -0.135949954935   -0.806056285658
              C      4.634944148950   -0.973045916710    0.067219730050
              C      2.601209453894    0.993346156450   -0.526378520773
              C     -0.036739856821    0.382762461147    0.501058932599
              C     -1.833199120082    2.625176418706    0.108623900804
              C     -4.494922740580    2.086947491851    1.104780156465
              C     -5.594916909826   -0.298881661084   -0.102776227693
              C     -3.835019628951   -2.557136438009    0.300015960856
              C     -1.169305360315   -2.008463488391   -0.685590613729
              H      7.822389854113    1.625378047633    0.126653912930
              H      7.284319008344    0.202025122415   -2.849647282193
              H      8.692361641626   -1.565993551038   -0.382624860764
              H      4.661059109911   -1.328359766212    2.113725295441
              H      4.161850720832   -2.779865248313   -0.833270419523
              H      2.478337989701    1.253599690002   -2.587640020010
              H      3.205901325134    2.825590978079    0.249335584197
              H      0.130423360555    0.057487096451    2.555195196757
              H     -1.937734242788    3.041530992411   -1.928531398604
              H     -1.052239894717    4.316900439514    1.022311904095
              H     -4.411442623227    1.830249044460    3.166368846992
              H     -5.733235422985    3.712899801625    0.755201549961
              H     -5.838915199243    0.020196664583   -2.142983692057
              H     -7.476414771028   -0.701411199366    0.670064097057
              H     -3.731371973305   -2.982896650809    2.332540103486
              H     -4.602412505579   -4.247019459616   -0.624276904739
              H      0.053928771825   -3.642827453461   -0.328664398311
              H     -1.236853790184   -1.752239617381   -2.751065450725
$End
$SCF_Energy
   &GeometryIndex 4
   &Method [&Type "String"] "SCF"
   &totalEnergy [&Type "ArrayOfDoubles", &Dim (1,1)] "Total energy of each state"
                                                         0

0                                     -3.5370456638324401e+02
   &Mult [&Type "ArrayOfIntegers", &Dim (1,1)] "Multiplicity of each state"
                                                         0

0                                                        1
$End
$DFT_Energy
   &GeometryIndex 4
   &nAlphaEl [&Type "Integer"] 36
   &nBetaEl [&Type "Integer"] 36
   &nTotalEl [&Type "Integer"] 72
   &finalEn [&Type "Double"]      -3.5370456638324401e+02  "No Van der Waals correction"
   &eExchange [&Type "Double"]      -5.3247979215903008e+01
   &eCorr [&Type "Double"]      -2.2396552339007973e+00
   &eXC [&Type "Double"]      -5.5487634449803807e+01
   &eCNL [&Type "Double"]       0.0000000000000000e+00
$End
$SCF_Timings
   &GeometryIndex 4
   &TOTAL [&Type "Double"]       2.8166999999999998e+01
   &PREP [&Type "Double"]       6.3000000000000000e-02
   &FOCK [&Type "Double"]       2.5088000000000001e+01
   &DENS [&Type "Double"]       3.8000000000003809e-02
   &ETOT [&Type "Double"]       3.9999999999964508e-03
   &TRAFO [&Type "Double"]       3.3999999999997144e-02
   &DIIS [&Type "Double"]       1.0999999999999943e-01
   &SOSCF [&Type "Double"]       6.1999999999999389e-02
   &XC [&Type "Double"]       2.3679000000000002e+01
   &FOCKSTART [&Type "Double"]       1.0000000000003548e-02
   &INT_BF [&Type "Double"]       4.5390000000001383e+00
   &INT_DENS [&Type "Double"]       7.4189999999999756e+00
   &INT_DENSIO [&Type "Double"]       2.1784025700000030e+05
   &INT_FUNC [&Type "Double"]       1.5950000000000548e+00
   &INT_POT [&Type "Double"]       9.4219999999998478e+00
   &INT_POTIO [&Type "Double"]       2.1499999999998476e-01
   &SPLITRIJ [&Type "Double"]       4.0419999999999963e+00
$End
$VdW_Correction
   &GeometryIndex 4
   &vdW [&Type "Double"]      -8.2407255466945759e-03
$End
$gCP_Energy
   &GeometryIndex 4
   &gCP_Energy [&Type "Double"]       1.1428743300000000e-02
$End
$Single_Point_Data
   &GeometryIndex 4
   &FinalEnergy [&Type "Double"]      -3.5370137836549071e+02  "Final single point energy"
   &Converged [&Type "Boolean"] true
$End
$SCF_Nuc_Gradient
   &GeometryIndex 4
   &NAtoms [&Type "Integer"] 27
   &gradNorm [&Type "Double"]       1.3901325019803259e-03
   &grad [&Type "ArrayOfDoubles", &Dim (81,1)] 
                                                         0

0                                      3.6493318091688668e-04
1                                      1.6050479004298801e-05
2                                     -1.1805240512652057e-04
3                                     -1.2061310359445522e-04
4                                     -1.6249766060489929e-04
5                                      5.2988431074027265e-05
6                                     -1.2631575546458805e-04
7                                      1.2872949484503193e-04
8                                      2.8307238902585118e-04
9                                      9.7795817097348639e-05
10                                     3.9882176715412955e-05
11                                    -5.4715502093780435e-04
12                                     2.9171134061393848e-04
13                                     1.0233392461993099e-04
14                                     4.3032207974390280e-04
15                                    -2.5987659353042785e-04
16                                     3.2603079531402817e-04
17                                    -1.7751508876387553e-04
18                                    -2.9906815244529650e-04
19                                    -4.8006075977377175e-05
20                                     2.5175794714713630e-04
21                                    -1.4764700974874117e-04
22                                    -3.7364020503644307e-04
23                                    -2.4398982824421343e-04
24                                     1.5252024317000392e-04
25                                    -2.1282564131145976e-05
26                                     2.2984628894971259e-04
27                                    -1.8460989483312299e-05
28                                     1.1310512376433879e-04
29                                     1.2327866722222007e-04
30                                    -3.4642622845868154e-05
31                                     8.5658162841070095e-06
32                                    -1.4713710529201728e-04
33                                     5.1577998045094239e-05
34                                    -1.1094361367486500e-04
35                                     3.0438744452189194e-05
36                                     4.2260497433329572e-06
37                                     1.1034433797255492e-04
38                                     1.1134256392648153e-04
39                                    -4.9699284178443770e-05
40                                    -7.1484892797882087e-05
41                                    -5.3844247142072102e-05
42                                    -2.1415954834767917e-05
43                                    -1.1853557442065112e-04
44                                    -1.6522499682166308e-04
45                                     5.0353115132191104e-05
46                                     9.7695827738565101e-05
47                                    -2.3885261079672549e-06
48                                    -1.6202517119465126e-05
49                                     4.0356971277028733e-05
50                                     1.8733826290559037e-04
51                                    -2.2072366111824086e-05
52                                    -4.6650299955128114e-05
53                                    -2.0723005084913781e-04
54                                    -9.5924058751000753e-06
55                                     6.1613950826254179e-05
56                                     4.5925497420128028e-05
57                                     8.1517274316693749e-05
58                                    -8.5470670478352044e-05
59                                     1.3284000957919698e-04
60                                    -4.4807110570958104e-05
61                                     2.3716811964367231e-05
62                                    -9.5544145942222315e-06
63                                     6.1948207430970170e-05
64                                     2.3342390785721919e-05
65                                    -1.5989290444297664e-04
66                                    -5.8449993389984335e-05
67                                    -2.1150079269338082e-05
68                                     1.8418885007857525e-05
69                                     3.4859803360896550e-05
70                                     2.6475909443206771e-05
71                                     1.4738647657728274e-04
72                                    -3.1182201361929369e-05
73                                    -3.3743019722392805e-05
74                                    -1.8127709415221877e-05
75                                     9.1892102599712519e-05
76                                    -6.2213896351073317e-05
77                                    -3.8183547047787749e-05
78                                    -2.3289069669768042e-05
79                                     3.7374541137434489e-05
80                                    -1.5666039846482448e-04
   &Method [&Type "String"] "SCF"
   &Level [&Type "String"] "Relaxed density"
   &Mult [&Type "Integer"] 1
   &State [&Type "Integer"] 0
   &Irrep [&Type "Integer"] 0
$End
$Geometry
   &GeometryIndex 5
   &NAtoms [&Type "Integer"] 27
   &NCorelessECP [&Type "Integer"] 0
   &NGhostAtoms [&Type "Integer"] 0
   &CartesianCoordinates [&Type "Coordinates", &Dim(27,4), &Units "Bohr"] 
              C      7.254787432220   -0.133984041659   -0.807796830175
              C      4.632300628186   -0.978274133645    0.055511496692
              C      2.600993503504    0.994604825895   -0.520071784401
              C     -0.036622338923    0.383255617142    0.506295617048
              C     -1.832880071524    2.623975487852    0.106029781040
              C     -4.495352237617    2.088443781161    1.098174063308
              C     -5.592412413084   -0.299559011318   -0.105334365727
              C     -3.833597421485   -2.555716217009    0.306387091330
              C     -1.166823497652   -2.010847487382   -0.675376834077
              H      7.819244898569    1.619228535229    0.139394529697
              H      7.283594287027    0.221920956302   -2.848005807685
              H      8.689671070967   -1.566546921434   -0.396167473282
              H      4.656671271832   -1.355301699082    2.098053684012
              H      4.158913746349   -2.776134892816   -0.862153184883
              H      2.476375253785    1.272636370528   -2.578687245322
              H      3.209648310674    2.820235404380    0.267631453108
              H      0.128783729788    0.062596930760    2.560971610975
              H     -1.933364499321    3.037061952364   -1.931623990760
              H     -1.052894978731    4.317693356116    1.016526229615
              H     -4.417239996391    1.838379801386    3.160520309474
              H     -5.732738226576    3.713567768638    0.742130192584
              H     -5.834162550426    0.014239412678   -2.146338302401
              H     -7.475254935227   -0.700313358347    0.664745134505
              H     -3.734232584815   -2.977169264276    2.339788928977
              H     -4.599217202110   -4.248314582369   -0.614156711174
              H      0.055006161449   -3.644345971943   -0.311253260422
              H     -1.229197340466   -1.761332619154   -2.741605235143
$End
$SCF_Energy
   &GeometryIndex 5
   &Method [&Type "String"] "SCF"
   &totalEnergy [&Type "ArrayOfDoubles", &Dim (1,1)] "Total energy of each state"
                                                         0

0                                     -3.5370458013762249e+02
   &Mult [&Type "ArrayOfIntegers", &Dim (1,1)] "Multiplicity of each state"
                                                         0

0                                                        1
$End
$DFT_Energy
   &GeometryIndex 5
   &nAlphaEl [&Type "Integer"] 36
   &nBetaEl [&Type "Integer"] 36
   &nTotalEl [&Type "Integer"] 72
   &finalEn [&Type "Double"]      -3.5370458013762249e+02  "No Van der Waals correction"
   &eExchange [&Type "Double"]      -5.3250349222635343e+01
   &eCorr [&Type "Double"]      -2.2398149895551378e+00
   &eXC [&Type "Double"]      -5.5490164212190479e+01
   &eCNL [&Type "Double"]       0.0000000000000000e+00
$End
$SCF_Timings
   &GeometryIndex 5
   &TOTAL [&Type "Double"]       2.1909000000000002e+01
   &PREP [&Type "Double"]       6.2000000000000000e-02
   &FOCK [&Type "Double"]       1.8902999999999999e+01
   &DENS [&Type "Double"]       2.4000000000004462e-02
   &ETOT [&Type "Double"]       3.0000000000010019e-03
   &TRAFO [&Type "Double"]       4.0000000000001812e-02
   &DIIS [&Type "Double"]       5.8999999999999275e-02
   &SOSCF [&Type "Double"]       6.8000000000001393e-02
   &XC [&Type "Double"]       1.8737000000000002e+01
   &FOCKSTART [&Type "Double"]       9.0000000000007713e-03
   &INT_BF [&Type "Double"]       3.2789999999999999e+00
   &INT_DENS [&Type "Double"]       5.9780000000000761e+00
   &INT_DENSIO [&Type "Double"]       1.3161623099999971e+05
   &INT_FUNC [&Type "Double"]       1.1660000000000506e+00
   &INT_POT [&Type "Double"]       7.8109999999998552e+00
   &INT_POTIO [&Type "Double"]       1.3800000000000978e-01
   &SPLITRIJ [&Type "Double"]       2.8019999999999978e+00
$End
$VdW_Correction
   &GeometryIndex 5
   &vdW [&Type "Double"]      -8.2428207019407847e-03
$End
$gCP_Energy
   &GeometryIndex 5
   &gCP_Energy [&Type "Double"]       1.1438425900000000e-02
$End
$Single_Point_Data
   &GeometryIndex 5
   &FinalEnergy [&Type "Double"]      -3.5370138453242441e+02  "Final single point energy"
   &Converged [&Type "Boolean"] true
$End
$SCF_Nuc_Gradient
   &GeometryIndex 5
   &NAtoms [&Type "Integer"] 27
   &gradNorm [&Type "Double"]       9.1492869625774359e-04
   &grad [&Type "ArrayOfDoubles", &Dim (81,1)] 
                                                         0

0                                      8.4153256430058942e-06
1                                     -5.0961308926415457e-05
2                                     -1.0498303132202587e-05
3                                      2.5065960350302650e-05
4                                      5.7949396735607972e-05
5                                     -9.5079649491111855e-05
6                                     -1.0796195445323894e-04
7                                     -9.3501948072636089e-05
8                                      2.8841323474223173e-04
9                                      5.7170772807022297e-05
10                                     3.3145464279788912e-05
11                                    -4.3743866877162267e-04
12                                     7.2508267707227037e-05
13                                    -6.9712573441894378e-05
14                                     3.5294486113218824e-04
15                                    -6.8114489481740898e-05
16                                     7.2749904276617878e-05
17                                    -2.6636116494886512e-04
18                                    -1.6081948631972329e-05
19                                    -2.0681694972064378e-05
20                                     2.5375272130235090e-04
21                                    -2.1133821046920653e-05
22                                    -3.8556584225790278e-05
23                                    -2.5017366864291308e-04
24                                    -1.5667748799070544e-05
25                                    -1.1766706950278518e-05
26                                     3.3101348337626264e-04
27                                    -8.4269619932662593e-07
28                                     2.2323846301490241e-05
29                                     1.8950884443661592e-05
30                                     1.6857317931470706e-05
31                                     8.9723152944398568e-06
32                                    -2.1766565127590877e-05
33                                     1.3832288409359192e-05
34                                     4.6493526278804705e-07
35                                    -6.5390433240399796e-06
36                                    -1.1652478626990292e-05
37                                     2.3197434222777297e-05
38                                     2.6226739176266110e-05
39                                    -2.4901291582428718e-05
40                                    -3.3949814267413285e-05
41                                     5.1307852107816004e-05
42                                     1.4755991780082394e-05
43                                     1.7839576199869752e-05
44                                    -5.5059236867829159e-05
45                                     2.5994813915941259e-05
46                                     4.9154021982803094e-05
47                                    -9.0779381457842181e-05
48                                    -2.9114830489766823e-05
49                                     3.3856298941659535e-05
50                                     8.8915072116592115e-05
51                                     1.4789856122657857e-05
52                                     2.1638757912773054e-05
53                                    -7.5085156421114848e-05
54                                    -6.9588049269760891e-06
55                                     9.5290457489495333e-06
56                                    -3.5806194117700635e-05
57                                     2.4843562663514365e-05
58                                    -1.8999441337198977e-06
59                                     4.9437571767695901e-05
60                                    -2.2588596952496584e-06
61                                    -1.2267779177577869e-05
62                                     3.8576126044047857e-05
63                                    -5.7120468134083563e-06
64                                    -4.3234376445694481e-06
65                                    -5.2236862135434541e-05
66                                    -9.4709969958379678e-06
67                                     6.7524013255934368e-06
68                                    -4.1530251846639968e-05
69                                     5.7436319669744679e-07
70                                    -2.3303575685956117e-05
71                                     4.5064115794600404e-05
72                                     2.4012230874448587e-06
73                                    -5.0211306896770893e-06
74                                     4.4516264762470769e-05
75                                     2.2429583197989289e-05
76                                    -1.4517646367407213e-06
77                                    -8.7940519004657991e-05
78                                     2.0232643146107475e-05
79                                     9.8248628889006381e-06
80                                    -6.2824260981577339e-05
   &Method [&Type "String"] "SCF"
   &Level [&Type "String"] "Relaxed density"
   &Mult [&Type "Integer"] 1
   &State [&Type "Integer"] 0
   &Irrep [&Type "Integer"] 0
$End
$Geometry
   &GeometryIndex 6
   &NAtoms [&Type "Integer"] 27
   &NCorelessECP [&Type "Integer"] 0
   &NGhostAtoms [&Type "Integer"] 0
   &CartesianCoordinates [&Type "Coordinates", &Dim(27,4), &Units "Bohr"] 
              C      7.253721677937   -0.132521854020   -0.806750665191
              C      4.630282854716   -0.982242867459    0.046771276685
              C      2.601113352079    0.995750916967   -0.517567503166
              C     -0.036585191153    0.383913265723    0.508591309843
              C     -1.833171081764    2.623547744716    0.102712872130
              C     -4.495589779555    2.089534295818    1.094750489122
              C     -5.591215997001   -0.300138111210   -0.106068149967
              C     -3.832454001201   -2.554803319230    0.311557657215
              C     -1.165487731450   -2.012125875572   -0.670183244873
              H      7.817269937603    1.614254808666    0.152491806851
              H      7.285664825593    0.236969107408   -2.844365387657
              H      8.688045750130   -1.567688009540   -0.402725382916
              H      4.651681254847   -1.374910648728    2.086323981495
              H      4.157603056872   -2.772938198072   -0.884987475862
              H      2.475425869772    1.284670879143   -2.574397186854
              H      3.212566403218    2.816509409293    0.278998937066
              H      0.128048863554    0.066190469076    2.563441014834
              H     -1.932707286367    3.032904411327   -1.935409502984
              H     -1.053652014139    4.319042023963    1.010321026663
              H     -4.419368615684    1.843344018897    3.157406387529
              H     -5.732807709131    3.713967506594    0.734780739650
              H     -5.831818923447    0.010135358665   -2.147515362258
              H     -7.474458929448   -0.699991022880    0.663506978760
              H     -3.734280537767   -2.972118633105    2.345671344350
              H     -4.597380710116   -4.249458435940   -0.605856106186
              H      0.055781298522   -3.644897859790   -0.301192050909
              H     -1.226226636618   -1.766899380710   -2.736718706457
$End
$SCF_Mulliken_Population_Analysis
   &GeometryIndex 6
   &NAtoms [&Type "Integer"] 27
   &ATNO [&Type "ArrayOfIntegers", &Dim (27,1)] 
                                                         0

0                                                        6
1                                                        6
2                                                        6
3                                                        6
4                                                        6
5                                                        6
6                                                        6
7                                                        6
8                                                        6
9                                                        1
10                                                       1
11                                                       1
12                                                       1
13                                                       1
14                                                       1
15                                                       1
16                                                       1
17                                                       1
18                                                       1
19                                                       1
20                                                       1
21                                                       1
22                                                       1
23                                                       1
24                                                       1
25                                                       1
26                                                       1
   &AtomicCharges [&Type "ArrayOfDoubles", &Dim (27,1)] 
                                                         0

0                                     -4.8000259031486969e-01
1                                     -2.5674741953360503e-01
2                                     -2.8853069997050440e-01
3                                     -6.7571922774022575e-02
4                                     -3.0990545437058703e-01
5                                     -2.8689841452802334e-01
6                                     -2.7708586681151282e-01
7                                     -2.9219457919508951e-01
8                                     -3.5012709788553309e-01
9                                      1.4339745681607252e-01
10                                     1.4223016528632892e-01
11                                     1.4620751284798572e-01
12                                     1.4216012385312449e-01
13                                     1.4252960449820273e-01
14                                     1.4467459309473729e-01
15                                     1.4047111720981609e-01
16                                     1.5688384477657491e-01
17                                     1.4825663532688549e-01
18                                     1.4389657665324340e-01
19                                     1.4225922342932085e-01
20                                     1.4537996801706488e-01
21                                     1.3835463869543707e-01
22                                     1.4537829099423938e-01
23                                     1.4181830487884950e-01
24                                     1.4519036580286038e-01
25                                     1.4792766104468091e-01
26                                     1.5204796215842853e-01
   &Method [&Type "String"] "SCF"
   &Level [&Type "String"] "Relaxed density"
   &Mult [&Type "Integer"] 1
   &State [&Type "Integer"] -1
   &Irrep [&Type "Integer"] 0
$End
$SCF_Loewdin_Population_Analysis
   &GeometryIndex 6
   &NAtoms [&Type "Integer"] 27
   &ATNO [&Type "ArrayOfIntegers", &Dim (27,1)] 
                                                         0

0                                                        6
1                                                        6
2                                                        6
3                                                        6
4                                                        6
5                                                        6
6                                                        6
7                                                        6
8                                                        6
9                                                        1
10                                                       1
11                                                       1
12                                                       1
13                                                       1
14                                                       1
15                                                       1
16                                                       1
17                                                       1
18                                                       1
19                                                       1
20                                                       1
21                                                       1
22                                                       1
23                                                       1
24                                                       1
25                                                       1
26                                                       1
   &AtomicCharges [&Type "ArrayOfDoubles", &Dim (27,1)] 
                                                         0

0                                     -4.2742206595905063e-01
1                                     -3.1668224619583629e-01
2                                     -3.0233828682327157e-01
3                                     -2.2853768079991177e-01
4                                     -2.9814006516594826e-01
5                                     -3.0473934423159488e-01
6                                     -3.0647347824896265e-01
7                                     -3.0411429587815864e-01
8                                     -2.9793129268090102e-01
9                                      1.4979486599563918e-01
10                                     1.5037654145076451e-01
11                                     1.5026724008196313e-01
12                                     1.5196194253236528e-01
13                                     1.5141787047859601e-01
14                                     1.5740046435650590e-01
15                                     1.5774829152309300e-01
16                                     1.5952644879750655e-01
17                                     1.5769420440129855e-01
18                                     1.5764445591307474e-01
19                                     1.5421664628485865e-01
20                                     1.5492079796081204e-01
21                                     1.5377890244994452e-01
22                                     1.5467403920363521e-01
23                                     1.5442162715106789e-01
24                                     1.5488529252883287e-01
25                                     1.5817243327558361e-01
26                                     1.5747669159823907e-01
   &Method [&Type "String"] "SCF"
   &Level [&Type "String"] "Relaxed density"
   &Mult [&Type "Integer"] 1
   &State [&Type "Integer"] -1
   &Irrep [&Type "Integer"] 0
$End
$SCF_Mayer_Population_Analysis
   &GeometryIndex 6
   &NAtoms [&Type "Integer"] 27 "Total number of atoms"
   &NBondOrdersPrint [&Type "Integer"] 27 "The number of bond orders larger than threshold"
   &bondThresh [&Type "Double"]       1.0000000000000001e-01  "The threshold for printing"
   &components [&Type "ArrayOfIntegers", &Dim (27,4)] "The indices and atomic numbers of the bonding atoms"
                                                         0                           1                           2                           3

0                                                        0                           6                           1                           6
1                                                        0                           6                           9                           1
2                                                        0                           6                          10                           1
3                                                        0                           6                          11                           1
4                                                        1                           6                           2                           6
5                                                        1                           6                          12                           1
6                                                        1                           6                          13                           1
7                                                        2                           6                           3                           6
8                                                        2                           6                          14                           1
9                                                        2                           6                          15                           1
10                                                       3                           6                           4                           6
11                                                       3                           6                           8                           6
12                                                       3                           6                          16                           1
13                                                       4                           6                           5                           6
14                                                       4                           6                          17                           1
15                                                       4                           6                          18                           1
16                                                       5                           6                           6                           6
17                                                       5                           6                          19                           1
18                                                       5                           6                          20                           1
19                                                       6                           6                           7                           6
20                                                       6                           6                          21                           1
21                                                       6                           6                          22                           1
22                                                       7                           6                           8                           6
23                                                       7                           6                          23                           1
24                                                       7                           6                          24                           1
25                                                       8                           6                          25                           1
26                                                       8                           6                          26                           1
   &BondOrders [&Type "ArrayOfDoubles", &Dim (27,1)] "The bond orders"
                                                         0

0                                      8.9812657000671225e-01
1                                      9.8568393793627673e-01
2                                      9.8188436686057778e-01
3                                      9.7412540105285417e-01
4                                      8.9712687271212266e-01
5                                      9.8296444719428677e-01
6                                      9.6944234073797486e-01
7                                      8.7352200163142180e-01
8                                      9.9374901974239904e-01
9                                      9.8935057472696597e-01
10                                     9.0600283900921696e-01
11                                     8.9462060360018514e-01
12                                     9.8302398530052315e-01
13                                     9.0012363254719430e-01
14                                     1.0082454149593880e+00
15                                     9.4542650494963587e-01
16                                     9.2692390004574643e-01
17                                     9.9537351713776157e-01
18                                     9.4972246644485270e-01
19                                     9.2189721792271662e-01
20                                     9.9130052292433302e-01
21                                     9.5033194311290403e-01
22                                     9.0602674563512053e-01
23                                     9.9294889471737946e-01
24                                     9.4683968944194319e-01
25                                     9.4721484133459888e-01
26                                     1.0066476876665684e+00
   &ATNO [&Type "ArrayOfIntegers", &Dim (27,1)] "Atomic number of the elements"
                                                         0

0                                                        6
1                                                        6
2                                                        6
3                                                        6
4                                                        6
5                                                        6
6                                                        6
7                                                        6
8                                                        6
9                                                        1
10                                                       1
11                                                       1
12                                                       1
13                                                       1
14                                                       1
15                                                       1
16                                                       1
17                                                       1
18                                                       1
19                                                       1
20                                                       1
21                                                       1
22                                                       1
23                                                       1
24                                                       1
25                                                       1
26                                                       1
   &NA [&Type "ArrayOfDoubles", &Dim (27,1)] "Mulliken gross atomic population"
                                                         0

0                                      6.4800025903148661e+00
1                                      6.2567474195336006e+00
2                                      6.2885306999705213e+00
3                                      6.0675719227740261e+00
4                                      6.3099054543706048e+00
5                                      6.2868984145280198e+00
6                                      6.2770858668115137e+00
7                                      6.2921945791951197e+00
8                                      6.3501270978855260e+00
9                                      8.5660254318392859e-01
10                                     8.5776983471367307e-01
11                                     8.5379248715201328e-01
12                                     8.5783987614687573e-01
13                                     8.5747039550179638e-01
14                                     8.5532540690526271e-01
15                                     8.5952888279018125e-01
16                                     8.4311615522342676e-01
17                                     8.5174336467311373e-01
18                                     8.5610342334675404e-01
19                                     8.5774077657067860e-01
20                                     8.5462003198293490e-01
21                                     8.6164536130456237e-01
22                                     8.5462170900575984e-01
23                                     8.5818169512115083e-01
24                                     8.5480963419714018e-01
25                                     8.5207233895531942e-01
26                                     8.4795203784157103e-01
   &ZA [&Type "ArrayOfDoubles", &Dim (27,1)] "Total nuclear charge"
                                                         0

0                                      6.0000000000000000e+00
1                                      6.0000000000000000e+00
2                                      6.0000000000000000e+00
3                                      6.0000000000000000e+00
4                                      6.0000000000000000e+00
5                                      6.0000000000000000e+00
6                                      6.0000000000000000e+00
7                                      6.0000000000000000e+00
8                                      6.0000000000000000e+00
9                                      1.0000000000000000e+00
10                                     1.0000000000000000e+00
11                                     1.0000000000000000e+00
12                                     1.0000000000000000e+00
13                                     1.0000000000000000e+00
14                                     1.0000000000000000e+00
15                                     1.0000000000000000e+00
16                                     1.0000000000000000e+00
17                                     1.0000000000000000e+00
18                                     1.0000000000000000e+00
19                                     1.0000000000000000e+00
20                                     1.0000000000000000e+00
21                                     1.0000000000000000e+00
22                                     1.0000000000000000e+00
23                                     1.0000000000000000e+00
24                                     1.0000000000000000e+00
25                                     1.0000000000000000e+00
26                                     1.0000000000000000e+00
   &QA [&Type "ArrayOfDoubles", &Dim (27,1)] "Mulliken gross atomic charge"
                                                         0

0                                     -4.8000259031486614e-01
1                                     -2.5674741953360058e-01
2                                     -2.8853069997052128e-01
3                                     -6.7571922774026127e-02
4                                     -3.0990545437060479e-01
5                                     -2.8689841452801979e-01
6                                     -2.7708586681151370e-01
7                                     -2.9219457919511971e-01
8                                     -3.5012709788552598e-01
9                                      1.4339745681607141e-01
10                                     1.4223016528632693e-01
11                                     1.4620751284798672e-01
12                                     1.4216012385312427e-01
13                                     1.4252960449820362e-01
14                                     1.4467459309473729e-01
15                                     1.4047111720981875e-01
16                                     1.5688384477657324e-01
17                                     1.4825663532688627e-01
18                                     1.4389657665324596e-01
19                                     1.4225922342932140e-01
20                                     1.4537996801706510e-01
21                                     1.3835463869543763e-01
22                                     1.4537829099424016e-01
23                                     1.4181830487884917e-01
24                                     1.4519036580285982e-01
25                                     1.4792766104468058e-01
26                                     1.5204796215842897e-01
   &VA [&Type "ArrayOfDoubles", &Dim (27,1)] "Mayer's total valence"
                                                         0

0                                      3.8103782786602043e+00
1                                      3.6730674145185098e+00
2                                      3.6128869914313277e+00
3                                      3.4565903281266741e+00
4                                      3.5998373954432026e+00
5                                      3.6729338774630973e+00
6                                      3.6696270769829664e+00
7                                      3.6686483526670068e+00
8                                      3.6560224096885463e+00
9                                      9.6505030842751682e-01
10                                     9.6457289243425581e-01
11                                     9.6290418134075872e-01
12                                     9.6146015058424283e-01
13                                     9.6170830106568961e-01
14                                     9.6852789373414583e-01
15                                     9.6609391893225949e-01
16                                     9.6236054971459672e-01
17                                     9.6797370516966807e-01
18                                     9.6378901421722762e-01
19                                     9.6595781888325993e-01
20                                     9.6078053958375920e-01
21                                     9.6753841506091487e-01
22                                     9.6115208786293516e-01
23                                     9.6606439911850861e-01
24                                     9.6029775512632232e-01
25                                     9.6153102000971513e-01
26                                     9.6634615414169622e-01
   &BVA [&Type "ArrayOfDoubles", &Dim (27,1)] "Mayer's bonded valence"
                                                         0

0                                      3.8103782786601221e+00
1                                      3.6730674145184676e+00
2                                      3.6128869914313859e+00
3                                      3.4565903281267611e+00
4                                      3.5998373954431271e+00
5                                      3.6729338774630271e+00
6                                      3.6696270769828865e+00
7                                      3.6686483526668900e+00
8                                      3.6560224096885685e+00
9                                      9.6505030842750661e-01
10                                     9.6457289243424349e-01
11                                     9.6290418134076172e-01
12                                     9.6146015058423440e-01
13                                     9.6170830106569083e-01
14                                     9.6852789373416448e-01
15                                     9.6609391893228536e-01
16                                     9.6236054971460583e-01
17                                     9.6797370516965908e-01
18                                     9.6378901421723118e-01
19                                     9.6595781888324894e-01
20                                     9.6078053958374776e-01
21                                     9.6753841506090410e-01
22                                     9.6115208786293527e-01
23                                     9.6606439911850539e-01
24                                     9.6029775512629123e-01
25                                     9.6153102000971280e-01
26                                     9.6634615414169112e-01
   &FA [&Type "ArrayOfDoubles", &Dim (27,1)] "Mayer's free valence"
                                                         0

0                                      0.0000000000000000e+00
1                                      0.0000000000000000e+00
2                                      0.0000000000000000e+00
3                                      0.0000000000000000e+00
4                                      0.0000000000000000e+00
5                                      0.0000000000000000e+00
6                                      0.0000000000000000e+00
7                                      0.0000000000000000e+00
8                                      0.0000000000000000e+00
9                                      0.0000000000000000e+00
10                                     0.0000000000000000e+00
11                                     0.0000000000000000e+00
12                                     0.0000000000000000e+00
13                                     0.0000000000000000e+00
14                                     0.0000000000000000e+00
15                                     0.0000000000000000e+00
16                                     0.0000000000000000e+00
17                                     0.0000000000000000e+00
18                                     0.0000000000000000e+00
19                                     0.0000000000000000e+00
20                                     0.0000000000000000e+00
21                                     0.0000000000000000e+00
22                                     0.0000000000000000e+00
23                                     0.0000000000000000e+00
24                                     0.0000000000000000e+00
25                                     0.0000000000000000e+00
26                                     0.0000000000000000e+00
   &Method [&Type "String"] "SCF"
   &Level [&Type "String"] "Relaxed density"
   &Mult [&Type "Integer"] 1
   &State [&Type "Integer"] -1
   &Irrep [&Type "Integer"] 0
$End
$SCF_Energy
   &GeometryIndex 6
   &Method [&Type "String"] "SCF"
   &totalEnergy [&Type "ArrayOfDoubles", &Dim (1,1)] "Total energy of each state"
                                                         0

0                                     -3.5370458342083913e+02
   &Mult [&Type "ArrayOfIntegers", &Dim (1,1)] "Multiplicity of each state"
                                                         0

0                                                        1
$End
$DFT_Energy
   &GeometryIndex 6
   &nAlphaEl [&Type "Integer"] 36
   &nBetaEl [&Type "Integer"] 36
   &nTotalEl [&Type "Integer"] 72
   &finalEn [&Type "Double"]      -3.5370458342083913e+02  "No Van der Waals correction"
   &eExchange [&Type "Double"]      -5.3251175514155769e+01
   &eCorr [&Type "Double"]      -2.2398669967778582e+00
   &eXC [&Type "Double"]      -5.5491042510933624e+01
   &eCNL [&Type "Double"]       0.0000000000000000e+00
$End
$SCF_Timings
   &GeometryIndex 6
   &TOTAL [&Type "Double"]       2.3562999999999999e+01
   &PREP [&Type "Double"]       6.8999999999999992e-02
   &FOCK [&Type "Double"]       2.0705000000000005e+01
   &DENS [&Type "Double"]       2.6000000000003354e-02
   &ETOT [&Type "Double"]       3.9999999999982272e-03
   &POP [&Type "Double"]       3.8000000000000256e-02
   &TRAFO [&Type "Double"]       1.5000000000000568e-02
   &DIIS [&Type "Double"]       1.8000000000000238e-02
   &SOSCF [&Type "Double"]       9.0000000000000302e-02
   &XC [&Type "Double"]       1.9592000000000002e+01
   &FOCKSTART [&Type "Double"]       8.9999999999996749e-03
   &INT_BF [&Type "Double"]       3.7000000000000366e+00
   &INT_DENS [&Type "Double"]       6.2900000000000027e+00
   &INT_DENSIO [&Type "Double"]       1.4724556499999997e+05
   &INT_FUNC [&Type "Double"]       1.2780000000000058e+00
   &INT_POT [&Type "Double"]       7.6919999999999611e+00
   &INT_POTIO [&Type "Double"]       1.7300000000000082e-01
   &SPLITRIJ [&Type "Double"]       3.5699999999999994e+00
$End
$VdW_Correction
   &GeometryIndex 6
   &vdW [&Type "Double"]      -8.2439062861923342e-03
$End
$gCP_Energy
   &GeometryIndex 6
   &gCP_Energy [&Type "Double"]       1.1440797100000000e-02
$End
$Single_Point_Data
   &GeometryIndex 6
   &FinalEnergy [&Type "Double"]      -3.5370138653002527e+02  "Final single point energy"
   &Converged [&Type "Boolean"] true
$End
$SCF_Dipole_Moment
   &GeometryIndex 6
   &dipoleMagnitude [&Type "Double", &Units "a.u."]       3.5731615649340749e-02
   &dipoleElecContrib [&Type "ArrayOfDoubles", &Dim (3,1)] "Electronic contribution"
                                                         0

0                                     -3.1663345388779245e+00
1                                      1.2189586581361578e-01
2                                      6.0604636005384527e-01
   &dipoleNucContrib [&Type "ArrayOfDoubles", &Dim (3,1)] "Nuclear contribution"
                                                         0

0                                      3.1492724259240106e+00
1                                     -1.4145177496834727e-01
2                                     -5.8148624858032005e-01
   &dipoleTotal [&Type "ArrayOfDoubles", &Dim (3,1)] "Total"
                                                         0

0                                     -1.7062112953913910e-02
1                                     -1.9555909154731488e-02
2                                      2.4560111473525215e-02
   &doAtomicDipole [&Type "Boolean"] false
   &Method [&Type "String"] "SCF"
   &Level [&Type "String"] "Relaxed density"
   &Mult [&Type "Integer"] 1
   &State [&Type "Integer"] -1
   &Irrep [&Type "Integer"] 0
$End
$SCF_Polarizability
   &GeometryIndex 6
   &isotropicPolar [&Type "Double"]       9.8919033607231498e+01
   &rawCartesian [&Type "ArrayOfDoubles", &Units "a.u", &Dim (3,3)] 
                                                         0                           1                           2

0                                      1.1845657087237610e+02        -1.8644974477213561e-01        -3.5668424519122954e+00
1                                     -1.8644974477213561e-01         9.5040589096921408e+01         6.6654546835468820e-01
2                                     -3.5668424519122954e+00         6.6654546835468820e-01         8.3259940852396994e+01
   &diagonalizedTensor [&Type "ArrayOfDoubles", &Dim (3,1)] 
                                                         0

0                                      8.2867973038500679e+01
1                                      9.5072056049310007e+01
2                                      1.1881707173388382e+02
   &orientation [&Type "ArrayOfDoubles", &Dim (3,3)] 
                                                         0                           1                           2

0                                      9.9310783554052331e-02         1.5827209907105570e-02        -9.9493058436075643e-01
1                                     -5.2888907963086651e-02         9.9854408363531799e-01         1.0605491566873054e-02
2                                      9.9364990398245989e-01         5.1567552428434027e-02         1.0000327920717599e-01
   &doAtomicPolar [&Type "Boolean"] false
   &Method [&Type "String"] "SCF"
   &Level [&Type "String"] "Relaxed density"
   &Mult [&Type "Integer"] 1
   &State [&Type "Integer"] -1
   &Irrep [&Type "Integer"] 0
$End
$THERMOCHEMISTRY_Energies
   &GeometryIndex 6
   &temperature [&Type "Double"]       2.9814999999999998e+02
   &pressure [&Type "Double"]       1.0000000000000000e+00
   &totalMass [&Type "Double"]       1.2624299999999998e+02
   &spinDegeneracy [&Type "Integer"] 1
   &elEnergy [&Type "Double"]      -3.5370138653002527e+02
   &transEnergy [&Type "Double"]       1.4162714244859817e-03
   &rotEnergy [&Type "Double"]       1.4162714244859817e-03
   &vibEnergy [&Type "Double"]       6.9742846736550873e-03
   &numOfFreqs [&Type "Integer"] 81
   &freqScalingFactor [&Type "Double"]       1.0000000000000000e+00
   &FREQ [&Type "ArrayOfDoubles", &Units "cm^-1", &Dim (81,1)] 
                                                         0

0                                      0.0000000000000000e+00
1                                      0.0000000000000000e+00
2                                      0.0000000000000000e+00
3                                      0.0000000000000000e+00
4                                      0.0000000000000000e+00
5                                      0.0000000000000000e+00
6                                      7.6505642642604144e+01
7                                      8.1565870678032013e+01
8                                      1.3020290323924849e+02
9                                      1.9079625314462339e+02
10                                     2.3707134766950006e+02
11                                     2.5704998873414297e+02
12                                     2.9642422865826614e+02
13                                     3.3256329935012883e+02
14                                     3.6037806385522799e+02
15                                     4.4567868630716265e+02
16                                     4.4731562439341809e+02
17                                     4.7485631454821447e+02
18                                     5.7272453200586062e+02
19                                     7.4705498158713397e+02
20                                     7.9025286822558246e+02
21                                     7.9774572947825482e+02
22                                     8.4940498576923187e+02
23                                     8.5108679413137611e+02
24                                     8.9074179693018050e+02
25                                     9.0987233633029257e+02
26                                     9.1210935901735036e+02
27                                     9.3300937061111256e+02
28                                     9.8253469370276287e+02
29                                     1.0321453374820487e+03
30                                     1.0396326295290487e+03
31                                     1.0450652384416628e+03
32                                     1.0683300171899675e+03
33                                     1.0845479264540008e+03
34                                     1.0969062078867858e+03
35                                     1.1138638617709169e+03
36                                     1.1279346439991559e+03
37                                     1.1860923302571039e+03
38                                     1.2112015168413195e+03
39                                     1.2460632376196018e+03
40                                     1.2817256049748048e+03
41                                     1.2911853858836355e+03
42                                     1.2982874787804583e+03
43                                     1.3054441783237037e+03
44                                     1.3238942784536416e+03
45                                     1.3362454903499138e+03
46                                     1.3498100576044367e+03
47                                     1.3602623898547126e+03
48                                     1.3696560513904421e+03
49                                     1.3745662040816087e+03
50                                     1.3773754125428104e+03
51                                     1.3912482380468737e+03
52                                     1.3917519464079089e+03
53                                     1.4042357976011820e+03
54                                     1.4672074819911347e+03
55                                     1.4736081887134724e+03
56                                     1.4761994968246627e+03
57                                     1.4782274349767747e+03
58                                     1.4834570612999933e+03
59                                     1.4871518498704922e+03
60                                     1.4937210332611057e+03
61                                     1.4955938888806184e+03
62                                     1.5011563444978083e+03
63                                     2.9615492906153640e+03
64                                     2.9758768936271854e+03
65                                     2.9794000506222947e+03
66                                     2.9871318278824378e+03
67                                     2.9907191272163791e+03
68                                     2.9925659264689134e+03
69                                     2.9955949211602383e+03
70                                     3.0017616757996966e+03
71                                     3.0064164641523571e+03
72                                     3.0189633104696918e+03
73                                     3.0405564058907494e+03
74                                     3.0480023178437291e+03
75                                     3.0486246454141055e+03
76                                     3.0492404228900964e+03
77                                     3.0555274164821603e+03
78                                     3.0585276459330689e+03
79                                     3.0874205712069229e+03
80                                     3.0935402511974162e+03
   &zpe [&Type "Double"]       2.5383835602459598e-01
   &innerEnergyU [&Type "Double"]      -3.5343774134647805e+02
   &enthalpyH [&Type "Double"]      -3.5343679713743580e+02
   &qEl [&Type "Double"]       0.0000000000000000e+00
   &qRot [&Type "Double"]       1.4012685158676498e-02
   &qVib [&Type "Double"]       1.1710886488187281e-02
   &qTrans [&Type "Double"]       1.9201287795977892e-02
   &entropyS [&Type "Double"]       4.4924859442841671e-02
   &freeEnergyG [&Type "Double"]      -3.5348172199687866e+02
   &isLinear [&Type "Boolean"] false
$End
$Hessian
   &GeometryIndex 6
   &HESSIAN [&Type "ArrayOfDoubles", &Dim (81,81)] "The Hessian"
                                                         0                           1                           2                           3                           4                           5                           6                           7

0                                      4.8034172504717221e-01        -3.3391545058980024e-02         2.9428246598680999e-02        -1.6315883061956921e-01        -3.0217451525630712e-02         2.8786256794730573e-02        -3.0999296134733331e-02        -3.9140355827880779e-03
1                                     -3.3391545058980024e-02         5.5543558436580831e-01         8.4405145482253936e-03        -3.2717439586016500e-02        -8.8886032757657579e-02         1.1004463743249794e-02         2.3082027143419857e-02         7.8910289420306874e-03
2                                      2.9428246598680999e-02         8.4405145482253936e-03         5.4971621755372424e-01         2.9403660796291520e-02         1.0679128331450736e-02        -8.8474241103644380e-02        -5.1121306367198829e-03        -3.6061196682031036e-03
3                                     -1.6315883061956921e-01        -3.2717439586016500e-02         2.9403660796291520e-02         4.4228574649854480e-01         2.6549202397332335e-02         9.5976695066379118e-03        -1.1870182216858047e-01         4.7886763199156974e-02
4                                     -3.0217451525630712e-02        -8.8886032757657579e-02         1.0679128331450736e-02         2.6549202397332335e-02         5.3191072552783902e-01         2.3581413422797633e-02         4.3867728278689892e-02        -1.3204377370340431e-01
5                                      2.8786256794730573e-02         1.1004463743249794e-02        -8.8474241103644380e-02         9.5976695066379118e-03         2.3581413422797633e-02         5.7165152794678520e-01        -1.5018748491010279e-02         1.6756824226465877e-02
6                                     -3.0999296134733331e-02         2.3082027143419857e-02        -5.1121306367198829e-03        -1.1870182216858047e-01         4.3867728278689892e-02        -1.5018748491010279e-02         4.5338098898148982e-01         2.3113540483591023e-02
7                                     -3.9140355827880779e-03         7.8910289420306874e-03        -3.6061196682031036e-03         4.7886763199156974e-02        -1.3204377370340431e-01         1.6756824226465877e-02         2.3113540483591023e-02         5.2719941807519233e-01
8                                      7.8234117104155863e-03        -8.6168270081741615e-03         2.1543304565346220e-03        -1.5154395112288416e-02         1.7165433028414293e-02        -8.4058468032686670e-02         1.9652528061046379e-02         2.3640123159201741e-02
9                                     -8.1265804199753475e-04         3.0366973087244302e-03        -8.4927172724056938e-04        -2.5333496563658620e-02        -1.6749963975707521e-03         7.2075704779827818e-03        -1.4868566497568614e-01        -2.1329058047380757e-02
10                                     2.9770536489208878e-03        -4.9449691963762464e-03         1.1504338272465282e-03         2.1051414238502267e-02         8.5852331832494150e-03        -1.0257076672530115e-02        -1.8679842807655462e-02        -8.3910695355271736e-02
11                                    -1.7551477999436464e-03         2.0391137993487178e-03        -1.0943804944608055e-03        -5.5230463868201274e-03        -4.9065595506255846e-03         1.9521044353715440e-03         3.2752953583430257e-02         8.9150287598582859e-03
12                                    -6.3197774441849715e-04         1.5891777885540339e-03        -4.5044912743726084e-04        -3.7494381486708507e-03        -2.7435794824870689e-03         2.7101128664522517e-03        -2.9969922895260376e-02         2.5903977032257500e-02
13                                    -6.8743862689822632e-04         1.0551079484747723e-03        -1.9457460054598478e-04        -3.2502766873628679e-03        -1.1135142822975529e-03         1.4672602932650890e-03         1.3302881599908771e-03         5.9716339241446675e-03
14                                     6.1252243200337134e-04        -7.4437524950811060e-04         7.2490314731645964e-04         1.7146805879990320e-03         1.3334280575228920e-03        -2.0161223938987664e-03         8.9339476290236260e-03        -1.0722330811433423e-02
15                                    -1.7989661452676988e-04         2.4770265926483113e-04        -1.2142499933628014e-04        -2.8969453640893860e-04        -7.9711813061459063e-04         7.4336711752011732e-04        -4.5483465506196072e-04         3.3504370457825682e-03
16                                     3.6868760031144067e-04        -7.3691931860814914e-04         2.0506750648877276e-04         1.6472886169627084e-03         1.3610483446837070e-03        -8.6525595547837404e-04         2.6352488958517922e-03        -5.7216533116566225e-03
17                                    -1.2272156611464399e-04         1.7871447661271106e-04        -1.1299413053536935e-04        -5.5486141532133096e-04         3.1599533195286744e-05         9.4180003931684016e-04        -1.1849156417795446e-03         1.3175564313430820e-03
18                                     9.1488320199177749e-05        -2.0022997358081244e-04        -6.3658331192574524e-05        -3.7257124987762069e-05         4.1522073536712570e-04         1.1165367233030143e-04         1.6984554529784340e-05         1.4857635072292388e-04
19                                     7.3302945574090108e-05        -1.2580044866518716e-04        -1.9964608069928666e-05         1.3290311861446959e-04         1.9462212562909023e-04         6.2899563557246519e-05        -4.1146194050528185e-05        -6.9382521471003699e-04
20                                     7.3996060184324322e-06         2.2362612928225698e-05         8.2167111676034917e-05         9.4982681139150257e-05        -5.7368726759795055e-05        -2.0943667213450205e-04         7.4676323588274314e-05        -1.9521130889885684e-04
21                                    -2.4692503118150426e-05        -5.1751249082775076e-05        -1.2161559056216801e-05         3.0543561947471497e-04        -4.5079564381477919e-05         3.6197123559206235e-05         7.6822836898033514e-04        -1.0578114231311218e-03
22                                    -1.7761785917550042e-04         4.8164021782750449e-04         1.6551139623963455e-04         7.4660668838687130e-04        -8.5301339864476966e-04        -4.1896146921125560e-04        -5.9172770071774187e-04        -5.4467644622038791e-03
23                                    -4.2072665817057507e-05        -2.7968721815342917e-05        -1.3325727989379208e-04         1.5230820300685642e-05        -1.6589319281281809e-04         3.2676178968178617e-04        -9.2313518303487182e-04        -2.9840234027938787e-03
24                                     7.9111229998424584e-05        -2.8796946072179828e-04        -2.3824765063399549e-04         3.2771678314706676e-04        -6.1528284364054629e-04         1.2975342535710092e-04        -1.6481214637128469e-02        -2.8988969449996467e-02
25                                     4.7961654490074647e-04        -9.1196110123123886e-04        -1.9624898533297450e-04        -4.1671157233266146e-04         1.7551358052732904e-03         6.2748012775246456e-04        -9.5683660974491807e-03        -6.9554158365813992e-03
26                                     1.6579726175625607e-04         6.5133296651975758e-06         3.5718805226477024e-04         2.8861451574689612e-04         2.4949117360751130e-04        -2.9210755940603820e-04         2.7704690602928274e-03         1.0642040781586232e-02
27                                    -6.2984230608224390e-02        -5.5041266234893707e-02        -3.1591076933040800e-02        -9.6441742845548607e-03        -2.6292323023800239e-02        -1.5206134640406981e-02         1.8071662285664815e-03        -1.9999274054397450e-03
28                                    -5.5515207366878830e-02        -2.2986195395466069e-01        -1.0324023277935851e-01        -3.1459346541431871e-03        -9.7302023470087224e-03        -4.2625685181448738e-03         1.1544398445466793e-03         8.2708221869735692e-04
29                                    -3.2175993230749551e-02        -1.0359023406751955e-01        -1.0516319964260981e-01         3.2623393521509468e-03         9.8735269588912985e-03         5.0213343524942748e-03        -3.7965517084316818e-04         1.5636422729831644e-04
30                                    -4.5904398383392372e-02         4.4108835926300678e-04        -1.0936102808887615e-03        -1.1165526632771448e-03        -5.0975981909234941e-03         3.1945251723689512e-02         2.1534353440142780e-03        -6.5546964741712566e-04
31                                     4.5792150206874424e-04        -5.4449283030846694e-02         4.3178161129679073e-02        -2.7671326623388004e-04        -2.8794722810097746e-03         1.1051397545492316e-02         4.8677293787936283e-04         2.3020354483941447e-04
32                                    -6.3280830652787459e-04         4.3416503977880071e-02        -2.9732785435598569e-01         6.4814711325151403e-04         1.9318019606190794e-03        -9.9354288094814884e-03        -9.2284403056218725e-04         6.2788937097747743e-06
33                                    -1.6725549713476431e-01         1.2525550837054011e-01        -3.6147443926176290e-02        -1.9444423228124810e-02         2.1992152219437719e-02        -7.1855908843133356e-03        -5.1616750373368429e-03        -4.4071469920855273e-03
34                                     1.2604141101202301e-01        -1.7659571693417667e-01         3.7266638289090784e-02        -8.9301455644830753e-03         8.1348095206163606e-03        -3.1087242837145035e-03        -1.4543685576872698e-03        -5.2993513483482954e-04
35                                    -3.6484451863499828e-02         3.7414057538707440e-02        -5.7184156682597520e-02         7.1593058200748816e-03        -8.5155567478163406e-03         8.4085673353877753e-04         1.6158243009020677e-03         9.4818135878154330e-04
36                                    -1.5421761388461268e-03        -5.7421449491726409e-03         3.2054116733529023e-02        -4.5106851678243409e-02         8.6094022084719137e-05        -5.1276767364699261e-03        -2.9165326526045593e-03         4.5541283351793454e-03
37                                    -5.8672961015437735e-04        -2.5108046203380684e-03         1.0237149605601837e-02         1.0301877275037559e-04        -5.5848451970042567e-02         4.0327189777721706e-02         2.0675558085356581e-03        -5.2152106090858023e-03
38                                     5.3753147479833514e-04         1.3561239871978923e-03        -8.9632957225652139e-03        -4.2312451735790658e-03         4.1131259760353117e-02        -2.8796242029358610e-01        -1.1568261335432248e-03         1.6381262075294261e-03
39                                    -9.8939387491061518e-03        -2.7362752157878971e-02        -1.4418432896579169e-02        -5.7411405713737207e-02        -4.8285965239669763e-02        -2.6783266331703005e-02         5.2751250427467916e-03         2.1096030342351288e-02
40                                    -2.9406957079578435e-03        -8.2029466008555416e-03        -4.0562763242831638e-03        -4.8422016860573985e-02        -2.3156162138128156e-01        -9.9931007680289397e-02        -4.3113092708239077e-03        -2.1618160503338632e-02
41                                     3.1717140613459205e-03         9.8199376265370088e-03         4.4452896353629912e-03        -2.7033417855202812e-02        -1.0101525292418281e-01        -1.0402258674012327e-01         1.9347043558141028e-03         7.1570323141752420e-03
42                                     1.3728752234060011e-03        -8.4956311872837957e-05        -1.2723925962398852e-03        -3.2095240237496720e-03         3.1142999794777850e-03        -2.3471970787439213e-02        -4.6791747992544139e-02         1.3617846691355191e-03
43                                    -1.2019592148189303e-03         3.7784463214693160e-04        -8.2559771138459356e-05         3.2585018762015432e-03        -5.0078843349489512e-03         2.4999284860032125e-02         1.2988455799069491e-03        -5.0047535390951761e-02
44                                     3.3827711919930895e-04        -2.9298327382892408e-04         4.1359606475105479e-04        -4.1847322573903417e-04         1.3169877595870152e-03        -7.3428399086561211e-03        -1.6392466052663562e-02         2.8573867540348092e-02
45                                     1.7461989441850678e-03         1.2603342106620040e-03         5.4887691913201833e-04         4.1028274658484135e-03         2.1430806657863677e-02         9.7575027192361250e-03        -6.5477466008440149e-02        -6.3160287285904587e-02
46                                    -1.5801323509509269e-03         1.0404682554830558e-03        -3.5200601120069074e-05        -4.8345099770196499e-03        -2.3596095952984501e-02        -1.0129434915374366e-02        -6.3197553325402597e-02        -2.3081146344914302e-01
47                                     2.3404527551106101e-04        -2.0026806396938662e-04         1.8396479890131457e-04         1.7927741480907398e-03         6.7348694074271555e-03         2.5037165514445988e-03        -2.9447038273575206e-02        -8.5330647286270350e-02
48                                    -7.8947523009631265e-05        -1.8821403055246520e-04        -6.3161552254360949e-05         1.8919707374007500e-03        -6.3267818336666280e-04         1.2316305419357507e-03        -9.1373475000613123e-04        -4.5075713811153122e-03
49                                     8.5738349201743393e-05        -1.3622307144228697e-05        -2.4898553282092211e-05         3.4803412978602307e-04         7.8567583955318002e-05        -8.4238840784227049e-04        -4.4302564451165032e-05        -1.6315924253449679e-03
50                                     1.5722623655933105e-04        -9.4829696385628683e-05         5.4152137183946644e-04        -1.0030527996584045e-03         1.5743172563844818e-04         7.8645058532684359e-05         4.1145082169989980e-04         2.3174281837045670e-03
51                                     1.9269495204151429e-06        -4.2863048085353217e-05         9.2541992815985775e-05        -1.3619469706589406e-04         8.0302895897862276e-05         3.6209334082842491e-05         1.2701228097521128e-03         1.3050891015861611e-04
52                                    -1.2966313933406612e-05         4.1626857366471991e-05        -1.2190767222670115e-04        -1.6706120681683788e-05        -1.6783903714759710e-04        -5.4686287022939837e-05        -1.4155709120750593e-03         5.1176726645207372e-04
53                                    -6.4580157621919702e-05         6.0182958055777711e-05        -8.4768691666270088e-06        -1.3691180711558268e-04        -8.6830419391271257e-05         5.6022260048829839e-04         6.6563935386919327e-04        -3.8965092353479384e-04
54                                     5.7862621713569186e-06        -7.7627686612804407e-05         1.2378517797485616e-05         1.2843581371291669e-04        -6.3376513699322200e-05        -1.6840234389662884e-04         1.4658236989440079e-03         1.4135796195241940e-03
55                                     3.0115338270467022e-05         4.0152900851833997e-05         1.2828008285710110e-06         2.1442317278287529e-04         3.0691414208481975e-04         3.7097177158172245e-04        -1.7833316384747407e-03         3.7254866330045308e-04
56                                     1.5929904516677300e-05        -4.3892072646117006e-05        -1.3489167558275515e-05         2.4824152312239280e-04         2.2206334538524448e-04         4.4335480187780545e-05         1.2599614830570102e-05        -3.4822997544822765e-04
57                                     1.8178803124744539e-05        -1.7433758387098530e-05         1.0795390278362600e-05         4.3520806614382021e-05         4.9498195130123573e-05        -1.8034090017659762e-04        -1.2572483660962513e-04        -2.3658182186533472e-04
58                                     1.9627872850325146e-06         1.6524068746168175e-05         2.1678963482669534e-07        -8.8121309454731295e-06        -2.8689428029688227e-05        -4.2097849818406780e-05         7.7710846688403457e-05         8.0717898305775800e-06
59                                     1.8110433250995844e-06        -1.1751547796737174e-05         8.0022759598855943e-06         4.7996388763188545e-05        -2.7870370858688528e-05         1.2477756789040610e-05         1.4979916594128929e-04        -5.5708419795328507e-05
60                                    -1.3861780538587058e-04         3.0651530343218957e-04        -9.6064024338833338e-05        -5.4012369591809615e-04        -5.0316938433727330e-04         4.3043288447193050e-04        -6.3157791035274623e-04         2.1653009157162626e-03
61                                    -2.8409850087579396e-05         4.2156722639763791e-05        -8.7558670717894152e-07        -1.2468990198330563e-04        -7.2604861704491166e-05         2.3206803967020569e-05        -3.1734228592118037e-04         3.3370149778598219e-04
62                                     3.6254214424295047e-05        -7.1853395918949675e-05         2.7348452168061087e-05         2.1369928546906080e-04         9.8308869492898980e-05        -1.5404746793856370e-04         3.3317345195635356e-04        -4.9989324056913271e-04
63                                    -5.8567724889049485e-06         1.7554050495293847e-06         8.1946074587386280e-06        -5.8963757754746399e-06        -1.1173080714262174e-05        -1.1752690602174201e-05        -5.6049015863202209e-05        -2.3624975027060680e-05
64                                    -2.6874837034174042e-06         2.1011060680650967e-06        -6.0870946908428924e-06        -1.7427840103695575e-05         2.2867102818819197e-06         2.9600441409992936e-05        -2.6715894494301130e-05         7.7592209748484232e-05
65                                    -5.2004271293582677e-06         1.6279289503750953e-05        -7.5266356578669417e-06        -1.9671040768015451e-05        -2.8480045767294467e-05         1.2959159937029219e-05        -4.3607863356424957e-05         2.1385521136304750e-05
66                                     9.7999592332661742e-06        -1.0354768814954370e-05        -4.1454233041267503e-05        -2.1868754898162835e-05         5.8531241457744111e-05         1.0191177154266016e-04         4.7004453768418903e-05         2.1122762361153527e-05
67                                    -2.7874474819895205e-05         8.4077586759304855e-05         2.3406520566232115e-05         1.2205541289073238e-05        -5.6237465047420058e-05        -5.1314881485724695e-06        -8.8036759348882596e-05         2.4026578302465545e-04
68                                    -1.2438763425906725e-06         5.0786312063774708e-08        -3.1216186130274748e-06        -7.5274696160164412e-06         2.3312212413749509e-05         8.5157694738253239e-06        -4.9527544934982936e-05         5.6397084625292582e-05
69                                    -2.4430979419965033e-06        -7.8509707645823006e-06        -2.4792347381563174e-05         3.1601466284080491e-05         3.5523722341211563e-05         3.3889202456737302e-05        -1.7398913680903398e-04         1.5482306379490610e-04
70                                     8.2065063473298104e-06        -2.7997683156417622e-05         3.5002782264835497e-06        -9.9241212603848393e-06         4.8551190909014701e-05         1.3989307035616283e-05        -1.4239197354734844e-04        -1.5636129936496971e-05
71                                     6.3410871046359896e-06         8.5518963080246334e-06         3.7041600452080662e-05        -1.3330800445472690e-05        -3.8041538309312867e-05        -9.1491763831913486e-05         1.0580767757815751e-04        -5.0921388078037366e-05
72                                    -4.0305369469054554e-05         9.6360705748083759e-05        -2.3560666274981745e-05         1.5703818907645032e-04        -2.2127506658534439e-04         2.0207955220371285e-05        -1.0299323272533597e-05        -1.9645101954181799e-03
73                                    -2.3965185420034285e-05         5.3087619138262633e-05        -2.6539782716865400e-05        -5.5927102174534345e-06        -9.2928498172750382e-05         4.5713531494345674e-05         1.6011841579319144e-04        -2.4450155311134432e-04
74                                     1.2759179895852329e-05        -3.0731256290168762e-06         1.1083196822757584e-06        -3.7200869970707489e-05         2.1606266467077972e-05        -6.5796545481971568e-06         2.8582718420929831e-04         4.0774937554126671e-04
75                                    -1.3463448022266004e-05        -1.0147156981788657e-04        -9.3210725546212340e-06        -1.2622089309192730e-03        -3.8936282896020677e-04         2.1216554628017328e-04         5.9133188736590749e-04         4.3817471226931075e-04
76                                    -1.9965974252709236e-04         6.7715113548682442e-04         2.5985634623623254e-04         1.8253322973167067e-04        -5.7474656962681718e-04        -5.2543268095728290e-04         1.3009106924234855e-03         7.0345143325317196e-05
77                                    -4.5527672122480569e-05        -1.3124048131843321e-04        -2.1703812652947387e-04        -6.5091697482486241e-05         4.0524113528026548e-04         6.0445002399344642e-04         7.0760717707959748e-05         9.0027263230804309e-04
78                                     1.3595000390031900e-07         4.2826307459212847e-05         7.8823050209440027e-05        -1.0453017196375468e-04        -8.4722318771975741e-05         8.8021229503822118e-05         7.7534076013175768e-04         4.8774624408223907e-04
79                                    -4.9763027060709553e-05         2.9455594888739677e-05         1.3996429049658817e-05         3.9797441934118043e-05         1.3521413448712525e-04         8.4262039499223757e-05         1.1053194162676584e-03         1.1525040212027812e-03
80                                    -1.4756480223040470e-05         3.2548363089409532e-05         1.0352989184698493e-05        -3.1503697200248228e-04        -1.1824067880958876e-04         6.0627019010054545e-06         9.0573386893290971e-04         7.2711217423505371e-04
                                                         8                           9                          10                          11                          12                          13                          14                          15

0                                      7.8234117104155863e-03        -8.1265804199753475e-04         2.9770536489208878e-03        -1.7551477999436464e-03        -6.3197774441849715e-04        -6.8743862689822632e-04         6.1252243200337134e-04        -1.7989661452676988e-04
1                                     -8.6168270081741615e-03         3.0366973087244302e-03        -4.9449691963762464e-03         2.0391137993487178e-03         1.5891777885540339e-03         1.0551079484747723e-03        -7.4437524950811060e-04         2.4770265926483113e-04
2                                      2.1543304565346220e-03        -8.4927172724056938e-04         1.1504338272465282e-03        -1.0943804944608055e-03        -4.5044912743726084e-04        -1.9457460054598478e-04         7.2490314731645964e-04        -1.2142499933628014e-04
3                                     -1.5154395112288416e-02        -2.5333496563658620e-02         2.1051414238502267e-02        -5.5230463868201274e-03        -3.7494381486708507e-03        -3.2502766873628679e-03         1.7146805879990320e-03        -2.8969453640893860e-04
4                                      1.7165433028414293e-02        -1.6749963975707521e-03         8.5852331832494150e-03        -4.9065595506255846e-03        -2.7435794824870689e-03        -1.1135142822975529e-03         1.3334280575228920e-03        -7.9711813061459063e-04
5                                     -8.4058468032686670e-02         7.2075704779827818e-03        -1.0257076672530115e-02         1.9521044353715440e-03         2.7101128664522517e-03         1.4672602932650890e-03        -2.0161223938987664e-03         7.4336711752011732e-04
6                                      1.9652528061046379e-02        -1.4868566497568614e-01        -1.8679842807655462e-02         3.2752953583430257e-02        -2.9969922895260376e-02         1.3302881599908771e-03         8.9339476290236260e-03        -4.5483465506196072e-04
7                                      2.3640123159201741e-02        -2.1329058047380757e-02        -8.3910695355271736e-02         8.9150287598582859e-03         2.5903977032257500e-02         5.9716339241446675e-03        -1.0722330811433423e-02         3.3504370457825682e-03
8                                      5.5917097775303581e-01         3.3073380596305338e-02         9.9164749769774831e-03        -9.3014560527847942e-02        -4.2807503479760697e-03        -2.5717922193252765e-03         1.8815451803899444e-03        -8.8718047941246296e-04
9                                      3.3073380596305338e-02         4.6738078735719113e-01         3.4470450902829622e-03         5.9740849927454702e-03        -1.0759853717115678e-01         4.1513793101889657e-02        -9.9668621115841915e-03        -2.6492819747236135e-02
10                                     9.9164749769774831e-03         3.4470450902829622e-03         4.5818393628205489e-01        -2.0795715878263409e-02         3.9575389812240111e-02        -1.3347342298640691e-01         1.4412941179995855e-02         2.0040204887678409e-03
11                                    -9.3014560527847942e-02         5.9740849927454702e-03        -2.0795715878263409e-02         5.7223630012543780e-01        -1.0559220780231825e-02         1.3092824704909106e-02        -8.2324357014724833e-02         7.9655815768841631e-03
12                                    -4.2807503479760697e-03        -1.0759853717115678e-01         3.9575389812240111e-02        -1.0559220780231825e-02         4.5596315941630072e-01         4.6730099422291324e-02         2.4206514168600392e-02        -1.5977104067098954e-01
13                                    -2.5717922193252765e-03         4.1513793101889657e-02        -1.3347342298640691e-01         1.3092824704909106e-02         4.6730099422291324e-02         5.2482725438734446e-01         2.6974692396475396e-02        -1.5548390055391655e-02
14                                     1.8815451803899444e-03        -9.9668621115841915e-03         1.4412941179995855e-02        -8.2324357014724833e-02         2.4206514168600392e-02         2.6974692396475396e-02         5.6305843115193221e-01         3.3753184449921772e-02
15                                    -8.8718047941246296e-04        -2.6492819747236135e-02         2.0040204887678409e-03         7.9655815768841631e-03        -1.5977104067098954e-01        -1.5548390055391655e-02         3.3753184449921772e-02         4.7872836709089217e-01
16                                     1.3831842977174978e-03         2.5410690262859720e-02         8.1077909932230820e-03        -1.0481111954461973e-02        -1.6521475850651252e-02        -8.4513648962340177e-02         7.8268821804770537e-03        -6.7666830777639880e-02
17                                    -9.5004976795026383e-04        -3.6435354407539852e-03        -2.8037861094080893e-03         2.4076161360933879e-03         3.3515316641924829e-02         5.9654737925067709e-03        -9.2879389067375223e-02         1.6293069010091678e-02
18                                     2.1966444212020118e-04         2.7816941762499152e-03         5.8799411132361102e-04        -1.0123866086768196e-03        -1.7728846398308681e-02        -3.1072695703345327e-02        -1.3511527793604528e-02        -9.3999196345084718e-02
19                                    -1.1888276061832970e-04         6.4419125628920092e-04         3.0297730089183603e-04        -9.6686515255678634e-05        -1.1522990264771663e-02        -7.7446721247578041e-03        -1.5658972648414336e-03        -3.0506604966066664e-02
20                                     1.8819573269288591e-04        -7.5299266348361014e-04        -1.0964846411461388e-04        -2.3952958888618855e-04         2.6593197330935965e-03         1.0074869167651847e-02         6.6888044563804261e-03        -1.7410192981468099e-02
21                                    -9.0056137332389548e-04        -1.6726498076671641e-02        -1.0443967507120126e-02         2.3929519400052376e-03         5.6178153745109830e-04         6.1493435364375201e-04         2.1319045629581172e-04         1.0944031009281284e-02
22                                    -2.9892354524443743e-03        -2.9691300652439016e-02        -6.1302433420415510e-03         1.0820774596807060e-02         1.1240990825159584e-03         1.9587290362992199e-03         9.6272779104008502e-04         1.6898397286161597e-02
23                                    -2.1583369675302819e-03        -1.3336900733112401e-02        -6.9196190150699541e-04         6.5661910484124328e-03         2.5457961860389034e-04         1.0264366820614433e-03        -3.4217881280556792e-05         9.3496767625455366e-03
24                                    -1.2891560742655146e-02        -8.9615478058866160e-02        -2.4159152754368189e-02        -1.4507857551192875e-02         1.0729369502720579e-02         1.6752349151518523e-02         8.9774770953421970e-03         9.9960487427525058e-04
25                                    -8.7233848094880884e-04        -2.3440909446966317e-02        -1.3776671516404568e-01        -3.2463417465529852e-02        -6.0108820049845427e-03        -3.3127040662641105e-02        -1.2473322016139092e-02        -9.2008532970033123e-04
26                                     5.5643162244128977e-03        -1.4173791564407179e-02        -3.4538869008231901e-02        -9.8586214683401341e-02         2.8845849606926044e-03         1.4245044060648207e-03         2.5236578089125120e-03         1.1752721663439627e-04
27                                    -8.2998031586249709e-04         1.1075795633886743e-04         4.2143377536427000e-05         3.6659045897840864e-04         2.8081409368322068e-05         6.1762637788008098e-05        -2.2578345563665234e-05        -6.2908579951789691e-06
28                                     2.6027309461148368e-04         1.7907176473588946e-05         2.5457453887777967e-04         1.6705424091405241e-04        -6.0594402826156732e-05        -3.6520313926770819e-05         2.0687074377353371e-05        -7.2356219278069643e-06
29                                     2.0190877297932876e-06        -1.0963605372340374e-04         3.1155023508994486e-04         3.8602966515587610e-05        -5.6222339036405807e-05        -5.1171603308813960e-05        -1.2227855601870240e-05        -1.0350802311136697e-05
30                                     1.1952859420043859e-03        -1.4828390942971532e-04        -1.6389442073528771e-04         3.6894957772565294e-05         2.9558648325199804e-05         5.9181303928910686e-05        -1.6556487116327158e-04         1.0979637844692582e-05
31                                    -6.7772320951405311e-04         6.2938845879723104e-05        -1.3002122946778659e-04        -6.5759232173817801e-05        -1.3552694609945796e-05        -9.1139587626773693e-06        -5.0300522880500050e-05         1.3115180682938730e-05
32                                     4.2555836682577411e-04         1.0927607820031358e-04        -1.0317106991156091e-04         4.2027414828846830e-04         8.2177014207813212e-05         1.1923318287643259e-05         8.0102397854719953e-06         6.7058001742359777e-06
33                                     3.2665939044411066e-03        -4.8240222267291461e-04         1.9771800195737257e-03        -9.8555973786242177e-04        -6.5118623595352397e-04        -5.0620728914975779e-04         3.9222620644676232e-04        -8.3017358583644014e-05
34                                     4.8009287917702859e-04        -5.6296267556123865e-04         7.4751085450512947e-04         1.1398524005507091e-04        -1.9945374490683407e-04        -8.1921605588069699e-05         8.3093531197003280e-05        -4.2478555794752760e-05
35                                    -4.6255813000983402e-04         4.8001568284586094e-04        -3.4779000658975376e-04         7.5409503498494049e-04         1.8132669757905788e-04         8.5898542134252688e-05        -1.2039327692937071e-04         2.4611346039467600e-05
36                                    -2.3864893344749075e-02         1.5142910032514244e-03        -4.6723348286914317e-05        -1.8764575453762548e-03         1.0154265318910462e-05         2.2900349687512414e-04         9.6968592375589347e-06         3.5365933001748191e-05
37                                     2.4276286545377779e-02        -1.3263976731608877e-03         7.7887860822283494e-04         3.6099996054696519e-04        -1.1014861957885146e-04        -1.1735243993845029e-04        -7.4818758218502673e-05        -2.8557229785428930e-05
38                                    -7.6557172599413387e-03         7.8552179460804339e-04        -1.5894116062506371e-04         2.1640428951648361e-04        -7.0209913071288613e-05        -1.5229075827669254e-04         5.2254482395902666e-04        -6.6382174993179482e-05
39                                     1.1417050534261239e-02         1.1730088746855218e-03        -9.8836934957066778e-05         3.9377481955170900e-04        -1.4252432139816461e-04         6.0929212701652663e-06        -1.4854797775127552e-04         3.6284179396661297e-05
40                                    -1.0781120157810110e-02        -9.1159199833226734e-04        -3.7398851886993444e-04         1.8166081365362727e-04         2.4744487727518184e-04         4.5032577030970286e-06        -1.0383204653875190e-04         1.0185672542823310e-05
41                                     2.9110222975741694e-03        -6.8688967376492188e-05        -7.6146247427923922e-04        -1.2802137301866877e-04         1.5741978797966015e-04         7.9434882031222988e-05         4.2989936697928211e-05         1.6715935917145913e-05
42                                    -1.6008952211082773e-02        -6.4788466370519632e-04        -3.7541171682335130e-03         3.0812353815154188e-02         1.6460836007590697e-03        -1.0655772500873587e-03         1.0446456043189576e-03        -1.6457347364743605e-04
43                                     2.8052304402231838e-02        -3.1981837979087966e-04        -2.0697317560892277e-03         8.2051648036927504e-03         2.6177372962493163e-04         6.9121403861239404e-05        -7.5404542056850868e-04         3.6347107503329422e-05
44                                    -2.8551590376327196e-01         3.7159048684730356e-04         1.8401573445480475e-03        -1.4753339014580709e-02        -9.0623149992302005e-04         3.2257763677895866e-04        -9.0945637381713643e-05         2.1054567170221330e-04
45                                    -2.8967491880889366e-02        -1.1528753511695362e-02        -2.5793929859704624e-02        -1.3168301946819677e-02         9.0032229730340266e-04        -1.8475872997242623e-03        -8.8691150276501429e-04         1.4316323936785103e-04
46                                    -8.5435824597233784e-02        -3.4160333304911715e-03        -8.2501159850269234e-03        -3.5297166187520158e-03         1.5211137316913249e-03         7.0827601664342175e-04        -1.8054306149800463e-04        -7.3985499055278375e-05
47                                    -8.7486123649536646e-02         5.0793456624780332e-03         1.1462012655309805e-02         4.1037513282493731e-03        -2.8233099501731931e-04         2.4524410284059318e-04         3.4911267332230671e-04        -1.6184589159585106e-04
48                                     3.0911253134151565e-02        -4.7726395572959837e-02         2.4880862914731143e-03        -1.9669122086808741e-02        -3.6115622030782474e-03         4.6547900459781508e-03        -2.0441237559576868e-02         1.0727236902851175e-03
49                                     7.5542981424170669e-03         2.4617824026059434e-03        -5.0653387926658439e-02         3.4818248416978975e-02         4.1208564764724301e-03        -6.8496074438509106e-03         2.6753277247241015e-02        -1.4208691453398265e-03
50                                    -1.3539513505765250e-02        -1.9514109357128107e-02         3.4835720870368923e-02        -2.7570174531055336e-01        -6.9055605013129337e-04         1.6693923507460611e-03        -5.9682789192419729e-03         4.0795971790665302e-04
51                                    -1.5477186801162702e-03        -3.2761334834113757e-03         4.8171775690100853e-03        -2.1098143269264673e-02        -4.5898415344481344e-02         1.2461250288961809e-03        -1.4131703084445859e-02        -7.2412661105239213e-04
52                                     5.5649906631487591e-04         3.2087339267334531e-03        -7.1844795020276978e-03         2.6629623816541298e-02         1.1176397095255105e-03        -5.6135102964322711e-02         4.3467037385192232e-02        -1.1273514359060911e-04
53                                     1.8842544345298515e-04        -1.2719559386906963e-03         1.8345883138876640e-03        -7.5091995592214411e-03        -1.3630380079017681e-02         4.3409505469533927e-02        -2.8034413531237312e-01         4.0166168418881779e-04
54                                     5.2121444675803669e-04         6.4592680600766674e-03         1.6181346934730757e-02         1.0141751370159399e-02        -8.0295560189433665e-02        -7.6443206482220805e-02        -4.2986947797554832e-02        -1.1864829189628105e-02
55                                    -9.4632716553889884e-05        -9.4663530354939050e-03        -2.2583398104067041e-02        -1.2766342444357731e-02        -7.6079631709612058e-02        -2.1063527248363889e-01        -9.1997232163808798e-02        -1.9689285284038285e-03
56                                    -1.6886590717968665e-04         1.6479810419091964e-03         5.7358599108597308e-03         1.4581799169900026e-03        -4.2987741074942708e-02        -9.2864077922233973e-02        -9.9442531211342000e-02         5.3118679090801970e-03
57                                    -6.2127830855534475e-06         1.9829808218411941e-03        -8.1524790106603110e-04         9.7823213489756696e-04        -9.6319027788699906e-04        -4.5303165721770353e-03         3.2463953342680374e-02        -4.6922481389864851e-02
58                                    -9.4627548730548319e-05         3.6570096219450305e-04         1.2880714616975988e-04        -8.2322917769028304e-04        -1.0450074873069115e-04        -1.8435861249770282e-03         7.4974862523693349e-03         3.3934155857536837e-03
59                                     4.4771048005424509e-04        -9.3738762030324760e-04         2.2988813043648538e-04        -3.0219732796113452e-05         4.5303150485352661e-04         2.2818130250790688e-03        -1.2520276545310368e-02        -1.0616352256621451e-02
60                                    -5.0101646063892844e-04        -4.8587179284621685e-03        -3.9952614732023453e-03         3.3828665526749627e-03        -1.8883553073008905e-02         2.4770823681805700e-02        -6.6206926695361844e-03        -1.3542207626235814e-01
61                                     2.4865116910930372e-05        -1.5193981403806775e-03         5.2053883667109620e-04         4.8034615264317369e-04        -4.8627308585806779e-03         6.1648311242386662e-03        -1.5461685319997274e-03         1.1835644744574858e-01
62                                     5.6044107226094642e-04         1.6438486055587603e-03         1.2489178661652201e-03        -7.0594738713575494e-04         8.1918246891895044e-03        -1.0283706239877882e-02         1.0350854052549631e-03        -2.9192135406600907e-02
63                                    -3.3696074552459079e-05        -1.8237638162881919e-04        -3.0566705636443962e-05         7.3780416532993334e-05         5.6749125532808012e-04         7.4191060849018503e-04        -1.2238916122334739e-03        -2.2130119379838581e-03
64                                     9.1063175779253734e-06         4.3448771604476230e-05        -1.0665052727563463e-04        -2.4735672302870181e-05         1.2494552162718633e-03         1.2394291464583570e-03        -4.5097771330493918e-04        -3.7298253333472187e-03
65                                    -3.8304911516632428e-05        -2.6998110134259998e-04        -6.8599967100558840e-05         1.0835673491513959e-04         7.5879624801317679e-04         8.4092381007909098e-04         4.9606223806965624e-04        -1.4116363138893563e-03
66                                    -3.5098271135852385e-05         7.4366728844349993e-04         2.0770651995786864e-04         1.3312522071487823e-04         7.8126679516487760e-04        -2.5368423469741656e-03        -2.0918399685135409e-03        -1.0599891177057494e-02
67                                     1.0184794551136578e-05         1.4143843011016409e-04        -7.4128310156367449e-04        -1.3902787545010337e-04        -9.8402892834395690e-04        -5.0863860257146769e-03        -3.8795201488278338e-03        -2.5689350777728104e-02
68                                    -2.5911798258110644e-05         1.1886021663644569e-04        -1.0056311537109735e-04         4.6972489289340107e-05        -5.7126848610184258e-04        -2.3592862383134197e-03        -1.1079682466303765e-03        -1.4774572633580691e-02
69                                     3.1552318951056767e-06         1.7023297216679494e-03         9.9405085139981785e-04         1.0531825954577148e-03        -1.1608453098249942e-04         2.9392228317146486e-06         4.2532472096496301e-06         3.6841016307150541e-04
70                                    -7.7692647487293681e-05         4.1886755913716784e-04         1.7622704281622771e-04         1.1277690750135820e-03        -1.9794720525753489e-05        -1.4990697645188137e-04        -1.2554806322015140e-04        -2.6395714859578259e-04
71                                     4.3908139681825449e-04        -8.6178113105166718e-04        -5.0893148260870019e-04         1.8991282483132865e-04         1.2231256663437231e-04         2.5168406557667718e-04         1.0734779026555334e-04         3.5122925949830457e-04
72                                    -1.0655675957542080e-03        -5.7549697928008861e-03         9.0216837765783649e-04         4.0937067463516956e-03        -3.6392228694148005e-04         4.7620082751981512e-04         1.0401703594226271e-04        -2.9692443166596996e-03
73                                    -4.4068032177663370e-04        -9.8500151361626161e-04         1.4196293811525301e-03         1.2377087136098905e-03         4.7639602150539384e-04         6.6071141593941510e-04        -6.7396728529994961e-05         5.1440173261273273e-03
74                                     5.6650122029985352e-04         1.9069718154127351e-03        -8.9061320822047835e-05        -7.9475701890001187e-04         2.5239101484788164e-05        -1.4003314161500045e-05         7.9411530193881138e-05        -3.8891024631057276e-04
75                                     5.0953254946503948e-04         8.2431628044999303e-03        -1.0100827393682598e-02         3.3303731105316908e-03        -8.7757373536277369e-04        -2.4448283077853732e-03        -1.0011764101820102e-03        -5.7031421350789847e-05
76                                     1.9012358668008249e-04         1.6309059342042666e-02        -2.1897579602788271e-02         6.5893094418303733e-03        -4.2781501913144396e-03        -3.5598053922322563e-03        -3.5852699761434507e-03        -6.2799838962093279e-04
77                                     1.8476580055402925e-04         9.1848627785042491e-03        -1.2341508603524745e-02         1.7315191958981158e-03        -1.6695072972168047e-03        -1.8694134347572672e-03        -9.1096056853443160e-04        -1.4373804909103823e-04
78                                    -1.6629950281408399e-03        -2.2208779622068190e-03         8.3930633823538496e-04        -1.3735927575373877e-02         3.6066499292054278e-05         6.9885474882980616e-04         7.7364885680716476e-04        -1.2487325192659223e-04
79                                    -7.4690473436690415e-04        -2.4481885406076173e-03         1.0105781301421451e-03        -2.8683848020486413e-02        -3.6169077073275162e-04         1.8172770867405609e-03        -1.0639593858616828e-03        -7.8796622610887010e-05
80                                     3.8942370885831912e-04        -1.8174488233083427e-03         6.9507979294901323e-04        -1.7348008969266852e-02        -5.2163876560171272e-05         1.1891424522135290e-03         2.5389754814435748e-04         2.0937187943373533e-04
                                                        16                          17                          18                          19                          20                          21                          22                          23

0                                      3.6868760031144067e-04        -1.2272156611464399e-04         9.1488320199177749e-05         7.3302945574090108e-05         7.3996060184324322e-06        -2.4692503118150426e-05        -1.7761785917550042e-04        -4.2072665817057507e-05
1                                     -7.3691931860814914e-04         1.7871447661271106e-04        -2.0022997358081244e-04        -1.2580044866518716e-04         2.2362612928225698e-05        -5.1751249082775076e-05         4.8164021782750449e-04        -2.7968721815342917e-05
2                                      2.0506750648877276e-04        -1.1299413053536935e-04        -6.3658331192574524e-05        -1.9964608069928666e-05         8.2167111676034917e-05        -1.2161559056216801e-05         1.6551139623963455e-04        -1.3325727989379208e-04
3                                      1.6472886169627084e-03        -5.5486141532133096e-04        -3.7257124987762069e-05         1.3290311861446959e-04         9.4982681139150257e-05         3.0543561947471497e-04         7.4660668838687130e-04         1.5230820300685642e-05
4                                      1.3610483446837070e-03         3.1599533195286744e-05         4.1522073536712570e-04         1.9462212562909023e-04        -5.7368726759795055e-05        -4.5079564381477919e-05        -8.5301339864476966e-04        -1.6589319281281809e-04
5                                     -8.6525595547837404e-04         9.4180003931684016e-04         1.1165367233030143e-04         6.2899563557246519e-05        -2.0943667213450205e-04         3.6197123559206235e-05        -4.1896146921125560e-04         3.2676178968178617e-04
6                                      2.6352488958517922e-03        -1.1849156417795446e-03         1.6984554529784340e-05        -4.1146194050528185e-05         7.4676323588274314e-05         7.6822836898033514e-04        -5.9172770071774187e-04        -9.2313518303487182e-04
7                                     -5.7216533116566225e-03         1.3175564313430820e-03         1.4857635072292388e-04        -6.9382521471003699e-04        -1.9521130889885684e-04        -1.0578114231311218e-03        -5.4467644622038791e-03        -2.9840234027938787e-03
8                                      1.3831842977174978e-03        -9.5004976795026383e-04         2.1966444212020118e-04        -1.1888276061832970e-04         1.8819573269288591e-04        -9.0056137332389548e-04        -2.9892354524443743e-03        -2.1583369675302819e-03
9                                      2.5410690262859720e-02        -3.6435354407539852e-03         2.7816941762499152e-03         6.4419125628920092e-04        -7.5299266348361014e-04        -1.6726498076671641e-02        -2.9691300652439016e-02        -1.3336900733112401e-02
10                                     8.1077909932230820e-03        -2.8037861094080893e-03         5.8799411132361102e-04         3.0297730089183603e-04        -1.0964846411461388e-04        -1.0443967507120126e-02        -6.1302433420415510e-03        -6.9196190150699541e-04
11                                    -1.0481111954461973e-02         2.4076161360933879e-03        -1.0123866086768196e-03        -9.6686515255678634e-05        -2.3952958888618855e-04         2.3929519400052376e-03         1.0820774596807060e-02         6.5661910484124328e-03
12                                    -1.6521475850651252e-02         3.3515316641924829e-02        -1.7728846398308681e-02        -1.1522990264771663e-02         2.6593197330935965e-03         5.6178153745109830e-04         1.1240990825159584e-03         2.5457961860389034e-04
13                                    -8.4513648962340177e-02         5.9654737925067709e-03        -3.1072695703345327e-02        -7.7446721247578041e-03         1.0074869167651847e-02         6.1493435364375201e-04         1.9587290362992199e-03         1.0264366820614433e-03
14                                     7.8268821804770537e-03        -9.2879389067375223e-02        -1.3511527793604528e-02        -1.5658972648414336e-03         6.6888044563804261e-03         2.1319045629581172e-04         9.6272779104008502e-04        -3.4217881280556792e-05
15                                    -6.7666830777639880e-02         1.6293069010091678e-02        -9.3999196345084718e-02        -3.0506604966066664e-02        -1.7410192981468099e-02         1.0944031009281284e-02         1.6898397286161597e-02         9.3496767625455366e-03
16                                     5.1992563282028081e-01        -2.9820088182512260e-02        -2.8938306393500493e-02        -1.4413927616049010e-01        -3.5386720559894863e-02        -6.0120082930246767e-03        -3.3416243476202895e-02        -1.2961992486485857e-02
17                                    -2.9820088182512260e-02         5.4965839593037691e-01        -1.5337725155878617e-02        -3.6037786678820426e-02        -9.9250131106748629e-02         3.4268032407975980e-03         1.8399858704436708e-03         3.0873762997921661e-03
18                                    -2.8938306393500493e-02        -1.5337725155878617e-02         5.5262888493929796e-01         2.3228087644990424e-02        -3.1423528875404005e-02        -1.1573933425768593e-01         4.4561441368602815e-02        -1.0276862272887689e-02
19                                    -1.4413927616049010e-01        -3.6037786678820426e-02         2.3228087644990424e-02         4.3658688156767606e-01        -2.7241125828397918e-02         4.6705712438572772e-02        -1.3933449453626573e-01         1.4569277709890622e-02
20                                    -3.5386720559894863e-02        -9.9250131106748629e-02        -3.1423528875404005e-02        -2.7241125828397918e-02         5.6125269210517015e-01        -1.1369069951146088e-02         1.3426160839709659e-02        -8.2882908207592226e-02
21                                    -6.0120082930246767e-03         3.4268032407975980e-03        -1.1573933425768593e-01         4.6705712438572772e-02        -1.1369069951146088e-02         4.4707865353458454e-01         4.0786755118709370e-02         2.7722159358052181e-02
22                                    -3.3416243476202895e-02         1.8399858704436708e-03         4.4561441368602815e-02        -1.3933449453626573e-01         1.3426160839709659e-02         4.0786755118709370e-02         5.3346275234430252e-01         2.6101813573711614e-02
23                                    -1.2961992486485857e-02         3.0873762997921661e-03        -1.0276862272887689e-02         1.4569277709890622e-02        -8.2882908207592226e-02         2.7722159358052181e-02         2.6101813573711614e-02         5.6672423755513968e-01
24                                    -1.6227475585584555e-03        -7.0521410858300979e-05        -2.8086125098612372e-02         3.0636387294118717e-03         8.3551126130942781e-03        -1.5856828306127119e-01        -1.6296824326949684e-02         3.2512307042000282e-02
25                                     1.7442438634652294e-03        -2.4162623943818629e-04         2.7062706309473696e-02         6.8633944325935375e-03        -1.0026180423228722e-02        -1.7068401524539548e-02        -8.3681729757082615e-02         7.0102185661509962e-03
26                                    -1.6940053784595711e-04        -4.6290007571675798e-04        -3.3976917580503530e-03        -2.4598969776243075e-03         2.8297893137351968e-03         3.2977627690180950e-02         5.3790978499874478e-03        -9.2550526429363483e-02
27                                    -2.6312035386329407e-05         1.1882316174983932e-05        -6.3914539192834463e-05        -4.6028638682746447e-05         2.3849906755053036e-05         9.7647115528296750e-06         2.3710572667890958e-04        -2.9061727747595406e-05
28                                     2.0778982479274094e-05        -2.1025573663353836e-05        -3.0382977539274159e-05        -2.4389167077878699e-05         2.6238194220741529e-05         2.2829303804912469e-05         1.1208293852360551e-04        -3.7091793733227962e-06
29                                     2.8189774891322411e-05         4.5944920732308124e-06         2.0868627699850706e-05         8.6616912706699687e-06        -1.6217849271613332e-05         2.2536310550632331e-05        -2.4534133124566159e-05         4.1543518791451860e-05
30                                    -3.7074307228363821e-05         1.1339560715330443e-05        -6.7047189727255482e-06        -8.4761083776109101e-06         3.8568619714664785e-07        -1.3252356260292210e-05         3.6764833498284066e-05        -1.8174888075730446e-06
31                                     4.1428052550999614e-06         5.0097966432303791e-06        -6.4869349837256337e-07         1.1785106526009012e-06         6.2863347265957117e-06        -1.6890001731506414e-06        -2.2740450733225092e-05        -2.8079021705203254e-05
32                                    -1.5281235360447946e-05         6.0482362051342622e-06         1.2563797257079956e-05         1.1848876270980756e-05        -1.4350996147270353e-05        -1.1997544450055055e-06        -3.7058807293399200e-05         1.7391486100391991e-05
33                                     3.1761563560313982e-04        -1.1080833887643169e-04         3.0105234779310899e-05         2.3894477067846082e-05         4.2239410214511136e-05         3.6141148126826077e-05        -9.0790145883993568e-05        -6.7637412738688011e-05
34                                     6.4753946411154600e-05        -4.5647214938588851e-06         1.4714731221932269e-05         1.4462233972505919e-05        -1.4036725655732375e-05        -2.3884322371741989e-06         2.5438381881273588e-05         5.0068661483733574e-05
35                                    -7.3119867545169237e-05         1.9401052469375903e-05        -1.3359537219672507e-05        -5.0971222925811712e-06        -4.4129997902894822e-06         2.7105307780728941e-06         2.7585032870348046e-05         1.7988143622197283e-05
36                                    -6.9180179818768991e-05         1.0758057373056015e-04        -3.7827483964698492e-06         2.6089384141713241e-05        -2.2171004792773466e-06        -1.8707041105287111e-05        -8.5743599578503812e-05         6.1541145765636675e-05
37                                     5.1190255915822445e-05        -1.0857054923308208e-04        -2.9086504306522973e-06         4.5177855652192877e-06         2.1034650266173009e-06         3.1797380024847224e-05         3.2123250832878994e-05         2.6792229947286130e-05
38                                     4.9734825510632137e-05         2.3434295162542973e-06        -1.2819537939861778e-05         1.1144903562837277e-05         1.5032841232811602e-05         1.6726877569813803e-05        -2.7618170388640784e-05        -2.1828254689658898e-05
39                                    -1.1528815458529125e-04        -2.8247803026652026e-05         1.7795812968562832e-06         8.7561486700929691e-05        -2.9681569664336905e-05        -4.1196972566824781e-05        -2.1737491495475670e-04         4.1118030689053005e-05
40                                    -2.8442610058493790e-05         6.1412136608205055e-05        -1.6416800624444519e-04        -1.1392738326077713e-04         5.0508886434213682e-05         3.1701165228583067e-05         6.6785554691443233e-04        -1.7747321557876061e-05
41                                    -8.3138308132821520e-05        -4.0569688814327907e-05        -1.3680543325446815e-04        -9.8705991731584263e-05         7.0423173963472981e-05        -9.7155693048283178e-05         3.9634817277225086e-04        -1.8488950290994387e-04
42                                    -9.6044896989793522e-05        -2.0810219757471131e-05         8.2156142256851702e-05         1.1836944023725497e-06         2.7269266283214567e-05        -1.3844857523971632e-04         1.3122590220526059e-04         3.6590134945281268e-05
43                                    -5.3331957318896459e-05         1.7526277279529979e-06         1.7425652080734519e-05         3.7496513149676188e-05         6.9460624698905590e-06        -1.5339447367542335e-04        -3.1657101103328114e-05        -1.2729910419893018e-04
44                                    -1.3590788420599163e-04         5.3689825974774681e-04        -2.5586763026283835e-05         2.6392968110670921e-05        -8.7456793326165690e-05         7.0374985400149066e-05        -7.7522381085212005e-05         4.7583753011598562e-04
45                                     1.8268801885351757e-04         3.0242339217334806e-04         3.5071804503066981e-04        -2.5780671902979265e-04        -1.2193167364638242e-04        -1.8267722341852631e-04        -1.8594943072196232e-03        -1.0424332866596354e-03
46                                     2.3796490551866983e-04         3.0474027800410884e-04         1.7037625800202238e-04         5.4908118230636649e-06         1.8339965514273596e-05         2.6297779718431667e-04        -5.4353252620583346e-04        -5.7976894539926455e-04
47                                     3.2498114550257506e-04        -5.0710375891367329e-05        -3.3382891814005659e-05         4.8116522217530014e-05        -6.9050954819720439e-05         4.4303072614447541e-04         4.2064883575537227e-04         6.8324583390449176e-04
48                                    -2.7430595945990657e-04        -1.3317443361543758e-03        -1.9580278325678877e-04        -3.1441245116013301e-05         5.4141235026346917e-05         5.1979645273874070e-04         5.7771719123986308e-04        -1.0731544825871610e-03
49                                     8.1004082988881581e-04         2.6874056706629448e-04         4.6848936444880999e-05        -7.9401847156406109e-05        -3.0292124446731471e-05         1.1749982507089679e-03         1.1522807371036983e-03        -3.6549079330003807e-04
50                                    -3.8487576257550081e-04         1.2608639471296118e-04        -2.4223773395220388e-04        -8.0731124542112229e-05         1.4870891871107510e-04         7.2652826238277929e-04         7.7258745308539985e-04         2.2483649006490268e-04
51                                    -6.3706711156885790e-03         3.2394567276339062e-02         1.7369799254957539e-03         9.3255516963357092e-04         8.7835071805226366e-04        -1.4136608383012711e-04        -1.7446231684000715e-05         9.1170653665918061e-06
52                                    -1.7078293641815236e-03         5.4608650656269193e-03         3.7107605946068336e-04         8.5960913858125834e-05         1.1093021304031470e-03         2.2208965125578917e-05        -9.3362763490883842e-05        -1.4169296102955575e-04
53                                     1.9024416291621767e-03        -1.2968830597823335e-02        -9.3269263801727328e-04        -4.8936284067299012e-04         5.6758210711638397e-04         1.4918520913217949e-04         2.7703940480215856e-04         9.3243845029399551e-05
54                                    -2.5331600540940823e-02        -1.5052359531267304e-02        -5.9866511824821032e-03         4.1366127288285440e-04         3.9369260703402929e-03        -3.2765262122858241e-04         2.8664919831957207e-04        -3.4836388590811333e-05
55                                    -4.3907485698241166e-03        -2.0255099659276486e-03        -1.0736001499383405e-03         1.3168917500250019e-03         1.1283910526336087e-03         4.8208423439047516e-04         5.3696673666024013e-04        -1.0181383995082859e-04
56                                     1.1331943826487655e-02         4.7277647404486518e-03         2.0315300775175004e-03         1.2680379056142837e-04        -5.8619655496729020e-04         8.5734943898152635e-05        -5.9256098364496605e-05         5.4462479627887667e-05
57                                     3.3860202661165264e-03        -1.0900295460522322e-02        -1.7843530611704574e-03         1.1097388553046412e-03        -1.4596008511262240e-02         5.6838020076523696e-05         7.3191909270655135e-04         7.7420529437957934e-04
58                                    -5.1787204567539977e-02         3.1536003637869618e-02        -1.8945082775792606e-03         1.5704998968533107e-03        -2.9066318536311898e-02        -2.5954033858449339e-04         1.9034523180850201e-03        -1.0225484261977608e-03
59                                     3.1133175846530838e-02        -2.8798338611656155e-01        -1.7274083724949354e-03         1.0286768101138224e-03        -1.5445747690746050e-02         1.1505900115233629e-04         1.1455287358761064e-03         3.6294471304674017e-04
60                                     1.1838982419023164e-01        -2.8555964490377506e-02         8.5745999354410064e-03        -1.1336921519270153e-02         3.1397343789448620e-03        -7.7054908187024109e-04        -2.3632371107339678e-03        -1.4155565178355489e-03
61                                    -2.0120400143312914e-01         3.7630765270511096e-02         1.6673271672831128e-02        -2.1392704148239294e-02         6.0924226852256853e-03        -4.3731561634182533e-03        -3.7716422767172138e-03        -3.6381958437687713e-03
62                                     3.8525944109522578e-02        -5.6873838822237260e-02         9.3068547940016108e-03        -1.2328343525491326e-02         1.4998872651429775e-03        -1.7020916151274294e-03        -1.8907522884861441e-03        -1.0272731785631003e-03
63                                     1.2298887261677025e-03        -1.2308259224123397e-02        -5.1772277378918395e-02         3.1087521424309336e-03        -2.4172781836756977e-02        -3.4945489925198203e-03         4.1161255244181010e-03        -2.0298078335222017e-02
64                                     2.3167553448990878e-03        -2.9688837301634047e-02         3.2214797699033899e-03        -5.0716655314668894e-02         3.6915740874969211e-02         3.7878631345845820e-03        -6.4524792908633461e-03         2.7934852807023562e-02
65                                     9.2740973476565167e-04        -1.5798558319089957e-02        -2.4733341556167084e-02         3.6844525848034264e-02        -2.8415533988826125e-01        -3.7717705432578977e-04         1.6434779197952703e-03        -5.6268059274827142e-03
66                                    -2.0195832921553920e-03         4.6037923399110149e-03        -2.5287957194639327e-01        -4.4563809071293523e-02         8.7877272419408195e-02        -1.7825203086198678e-02        -4.2055547401638471e-03         7.8921075988400910e-03
67                                    -5.5030141119438436e-03         1.2114747305610194e-02        -4.4755561449793924e-02        -5.5306640008052195e-02         1.9357840427275268e-02         2.5144325235247324e-02         5.5528552908641147e-03        -1.1213856450645878e-02
68                                    -3.1315831713160935e-03         4.7964702282784957e-03         8.9207234857424933e-02         1.9618405704451957e-02        -8.5812583665124315e-02        -6.1752390970999400e-03        -8.4565149464590420e-04         9.1691196967039635e-04
69                                    -1.2886378263478990e-03         4.1972024148549734e-05        -2.8181846984361297e-03         5.2710400595440427e-03        -2.2013357595044358e-02        -4.6112472963956500e-02         1.1645790704713044e-03        -1.2925971002576312e-02
70                                     1.4627762220899418e-03         1.6088526209810561e-03         2.5966996157963168e-03        -7.0819783011099972e-03         2.6515858943185110e-02         9.9955983245259808e-04        -5.7245979472684692e-02         4.4777955849406144e-02
71                                    -6.1060173817115192e-04         5.0036491490371149e-04        -1.1605327552332515e-03         1.1238908971747223e-03        -5.8794929155649277e-03        -1.2821315917372077e-02         4.5318481659437936e-02        -2.8308443549001289e-01
72                                     3.2625585283064919e-03        -1.2776728501110689e-03         8.1732376876569746e-03         1.7739007896805103e-02         1.0607659181076068e-02        -7.9920446988425903e-02        -7.5986829153562446e-02        -4.2925983236180826e-02
73                                    -2.9901230841963625e-03         2.1668801357541366e-03        -9.9127920200993737e-03        -2.0997547975158959e-02        -1.2118182679988924e-02        -7.5731250059530131e-02        -2.1293760191651523e-01        -9.3441247851527826e-02
74                                     5.6402816453728598e-04         3.4448762454299987e-04         2.2645596271814099e-03         5.9646245787048913e-03         1.5229277325593004e-03        -4.3325759961250515e-02        -9.4529063881414951e-02        -1.0072382863715035e-01
75                                    -4.3604707905846394e-04        -1.6595622150418661e-04        -5.3491452988487110e-03        -3.5422245972348901e-03         3.2793680719532450e-03        -1.9228426660697049e-02         2.4658056914122612e-02        -6.5664815141020941e-03
76                                     1.4949224101924079e-04         1.8681597997480693e-04        -1.4795319667050104e-03         6.6798825267182314e-04         4.5534390850699488e-04        -4.7574866340136385e-03         5.9454824235830716e-03        -1.4425505397454947e-03
77                                     1.4432717376630687e-04         1.6471404835155783e-04         1.8434116110311379e-03         1.0428341325268281e-03        -5.0481587192113212e-04         8.1258700949566436e-03        -9.9945463084172396e-03         9.8666663177115750e-04
78                                     2.5264976647720373e-05        -2.0700371907234191e-05         1.9825190385130004e-03        -7.1879402375987821e-04         8.0261328190027014e-04        -1.0069138562023953e-03        -4.4769875961014911e-03         3.2285969318330471e-02
79                                    -6.4174627639573194e-05         9.6622960234094696e-05         4.2433782132023871e-04         9.8950534251422771e-05        -9.6363843030959238e-04        -1.0633720563857710e-04        -1.8701744521224129e-03         7.4289941815115432e-03
80                                    -2.5297573595615963e-04         4.6996241914610409e-05        -9.4633131648024123e-04         5.4385499036698577e-05         2.9146099692065920e-04         2.6042528342003213e-04         2.2258610751708721e-03        -1.2151331578302036e-02
                                                        24                          25                          26                          27                          28                          29                          30                          31

0                                      7.9111229998424584e-05         4.7961654490074647e-04         1.6579726175625607e-04        -6.2984230608224390e-02        -5.5515207366878830e-02        -3.2175993230749551e-02        -4.5904398383392372e-02         4.5792150206874424e-04
1                                     -2.8796946072179828e-04        -9.1196110123123886e-04         6.5133296651975758e-06        -5.5041266234893707e-02        -2.2986195395466069e-01        -1.0359023406751955e-01         4.4108835926300678e-04        -5.4449283030846694e-02
2                                     -2.3824765063399549e-04        -1.9624898533297450e-04         3.5718805226477024e-04        -3.1591076933040800e-02        -1.0324023277935851e-01        -1.0516319964260981e-01        -1.0936102808887615e-03         4.3178161129679073e-02
3                                      3.2771678314706676e-04        -4.1671157233266146e-04         2.8861451574689612e-04        -9.6441742845548607e-03        -3.1459346541431871e-03         3.2623393521509468e-03        -1.1165526632771448e-03        -2.7671326623388004e-04
4                                     -6.1528284364054629e-04         1.7551358052732904e-03         2.4949117360751130e-04        -2.6292323023800239e-02        -9.7302023470087224e-03         9.8735269588912985e-03        -5.0975981909234941e-03        -2.8794722810097746e-03
5                                      1.2975342535710092e-04         6.2748012775246456e-04        -2.9210755940603820e-04        -1.5206134640406981e-02        -4.2625685181448738e-03         5.0213343524942748e-03         3.1945251723689512e-02         1.1051397545492316e-02
6                                     -1.6481214637128469e-02        -9.5683660974491807e-03         2.7704690602928274e-03         1.8071662285664815e-03         1.1544398445466793e-03        -3.7965517084316818e-04         2.1534353440142780e-03         4.8677293787936283e-04
7                                     -2.8988969449996467e-02        -6.9554158365813992e-03         1.0642040781586232e-02        -1.9999274054397450e-03         8.2708221869735692e-04         1.5636422729831644e-04        -6.5546964741712566e-04         2.3020354483941447e-04
8                                     -1.2891560742655146e-02        -8.7233848094880884e-04         5.5643162244128977e-03        -8.2998031586249709e-04         2.6027309461148368e-04         2.0190877297932876e-06         1.1952859420043859e-03        -6.7772320951405311e-04
9                                     -8.9615478058866160e-02        -2.3440909446966317e-02        -1.4173791564407179e-02         1.1075795633886743e-04         1.7907176473588946e-05        -1.0963605372340374e-04        -1.4828390942971532e-04         6.2938845879723104e-05
10                                    -2.4159152754368189e-02        -1.3776671516404568e-01        -3.4538869008231901e-02         4.2143377536427000e-05         2.5457453887777967e-04         3.1155023508994486e-04        -1.6389442073528771e-04        -1.3002122946778659e-04
11                                    -1.4507857551192875e-02        -3.2463417465529852e-02        -9.8586214683401341e-02         3.6659045897840864e-04         1.6705424091405241e-04         3.8602966515587610e-05         3.6894957772565294e-05        -6.5759232173817801e-05
12                                     1.0729369502720579e-02        -6.0108820049845427e-03         2.8845849606926044e-03         2.8081409368322068e-05        -6.0594402826156732e-05        -5.6222339036405807e-05         2.9558648325199804e-05        -1.3552694609945796e-05
13                                     1.6752349151518523e-02        -3.3127040662641105e-02         1.4245044060648207e-03         6.1762637788008098e-05        -3.6520313926770819e-05        -5.1171603308813960e-05         5.9181303928910686e-05        -9.1139587626773693e-06
14                                     8.9774770953421970e-03        -1.2473322016139092e-02         2.5236578089125120e-03        -2.2578345563665234e-05         2.0687074377353371e-05        -1.2227855601870240e-05        -1.6556487116327158e-04        -5.0300522880500050e-05
15                                     9.9960487427525058e-04        -9.2008532970033123e-04         1.1752721663439627e-04        -6.2908579951789691e-06        -7.2356219278069643e-06        -1.0350802311136697e-05         1.0979637844692582e-05         1.3115180682938730e-05
16                                    -1.6227475585584555e-03         1.7442438634652294e-03        -1.6940053784595711e-04        -2.6312035386329407e-05         2.0778982479274094e-05         2.8189774891322411e-05        -3.7074307228363821e-05         4.1428052550999614e-06
17                                    -7.0521410858300979e-05        -2.4162623943818629e-04        -4.6290007571675798e-04         1.1882316174983932e-05        -2.1025573663353836e-05         4.5944920732308124e-06         1.1339560715330443e-05         5.0097966432303791e-06
18                                    -2.8086125098612372e-02         2.7062706309473696e-02        -3.3976917580503530e-03        -6.3914539192834463e-05        -3.0382977539274159e-05         2.0868627699850706e-05        -6.7047189727255482e-06        -6.4869349837256337e-07
19                                     3.0636387294118717e-03         6.8633944325935375e-03        -2.4598969776243075e-03        -4.6028638682746447e-05        -2.4389167077878699e-05         8.6616912706699687e-06        -8.4761083776109101e-06         1.1785106526009012e-06
20                                     8.3551126130942781e-03        -1.0026180423228722e-02         2.8297893137351968e-03         2.3849906755053036e-05         2.6238194220741529e-05        -1.6217849271613332e-05         3.8568619714664785e-07         6.2863347265957117e-06
21                                    -1.5856828306127119e-01        -1.7068401524539548e-02         3.2977627690180950e-02         9.7647115528296750e-06         2.2829303804912469e-05         2.2536310550632331e-05        -1.3252356260292210e-05        -1.6890001731506414e-06
22                                    -1.6296824326949684e-02        -8.3681729757082615e-02         5.3790978499874478e-03         2.3710572667890958e-04         1.1208293852360551e-04        -2.4534133124566159e-05         3.6764833498284066e-05        -2.2740450733225092e-05
23                                     3.2512307042000282e-02         7.0102185661509962e-03        -9.2550526429363483e-02        -2.9061727747595406e-05        -3.7091793733227962e-06         4.1543518791451860e-05        -1.8174888075730446e-06        -2.8079021705203254e-05
24                                     4.8146168657582888e-01        -6.7339915456110247e-02         1.2192028825687304e-02         2.6224122731855208e-05         1.8446244369242030e-04         1.2806717386421159e-04         8.0240455683288931e-05        -9.2276363212967592e-06
25                                    -6.7339915456110247e-02         5.1636618937966572e-01        -3.3742684262549824e-02        -2.8522346434794663e-04        -1.6617009648886225e-04         7.3875499387161120e-05        -7.0814847005914018e-05         1.2008823751532898e-05
26                                     1.2192028825687304e-02        -3.3742684262549824e-02         5.4379617014076065e-01         1.7490753699986100e-05         4.6337007089062437e-07        -8.7343175412597784e-05        -1.5859503299194813e-05         4.4025703445562270e-05
27                                     2.6224122731855208e-05        -2.8522346434794663e-04         1.7490753699986100e-05         7.0526482600131779e-02         6.4241189250177619e-02         3.3125400667327720e-02        -1.1728397632263000e-03         3.5957701642310835e-04
28                                     1.8446244369242030e-04        -1.6617009648886225e-04         4.6337007089062437e-07         6.4241189250177619e-02         2.4866246631239783e-01         1.1255446095272081e-01         2.3006126571876906e-03         5.6517080368437729e-03
29                                     1.2806717386421159e-04         7.3875499387161120e-05        -8.7343175412597784e-05         3.3125400667327720e-02         1.1255446095272081e-01         1.0986286792888900e-01        -7.7256032834882192e-03        -2.7455972211255446e-02
30                                     8.0240455683288931e-05        -7.0814847005914018e-05        -1.5859503299194813e-05        -1.1728397632263000e-03         2.3006126571876906e-03        -7.7256032834882192e-03         5.0996470787265116e-02         2.0435708553280382e-03
31                                    -9.2276363212967592e-06         1.2008823751532898e-05         4.4025703445562270e-05         3.5957701642310835e-04         5.6517080368437729e-03        -2.7455972211255446e-02         2.0435708553280382e-03         5.4965694307506550e-02
32                                    -2.8576679570858562e-05         6.0510328532649600e-05        -4.2691686624020744e-05        -4.6968832204504624e-05         3.6726455804304697e-03        -1.3567351132866638e-02        -2.4567344451049866e-03        -4.9130436741734826e-02
33                                    -2.0153798233486005e-05         2.3664308908780780e-04         1.1511349504855512e-04         6.1342921425105446e-03        -6.7653887200195377e-03         2.4344380593514445e-03         2.7996589902528485e-05        -1.1763530786085248e-03
34                                     1.7943411073517582e-04         4.5015413763472949e-05        -8.9147915508006569e-05         1.8207080765560012e-02        -1.7304489583140431e-02         7.0055007542163521e-03         2.1356688069024752e-03        -3.7940280659585482e-03
35                                     3.1302489902975479e-05        -2.6916120280978196e-05        -5.2961096859406587e-05         1.1714467847586448e-02        -1.0835212626344303e-02         2.6269465949672137e-03        -2.1958946883056052e-02         2.2601975502974509e-02
36                                    -1.2557132342636067e-04        -2.2966372745120709e-06         9.1114584827341281e-05         1.3161987495867787e-03         7.1873286578073847e-05        -5.8620325272978533e-04        -5.8510168739983022e-03        -2.2682525602385232e-03
37                                     9.7765843801427693e-06         1.4743418716409770e-04         7.3105067494925839e-06         5.1547184874573600e-04         7.9077970985060031e-05         4.0267976665160648e-04        -1.9043794856050363e-03         1.1623390766814126e-04
38                                    -3.8837778814724590e-04         2.9126020126403994e-05         2.9836738612553163e-05         1.8711978282444884e-05         3.4945549290183071e-04         6.8638964355773133e-04         1.9281899812150279e-03         5.0305862794809437e-04
39                                    -1.0537734721755929e-03         1.1323627677304292e-04         8.5922402814602415e-05        -5.6298074508536354e-03        -1.9122142123059638e-03         2.4713723946289201e-03         1.3453848057147753e-03         4.3555283912920847e-04
40                                    -3.9277719701784168e-04        -6.2442139584969678e-04         2.0643084570558766e-04        -1.6089033762874527e-03         7.3022844797541379e-04         9.3200939519173819e-04         2.4531798555337860e-04        -5.7956989120102297e-05
41                                     1.2845326909791512e-04        -7.5867978807572876e-04         5.1328242194601751e-04         2.2159394516245829e-03         1.4241316547463322e-03         4.9450167718514742e-04        -5.1820701077308730e-04         3.4046665467255232e-04
42                                     1.7168603931441259e-03         1.1197651814934396e-03         1.0658888728702217e-03        -7.3041386519791441e-05        -8.9565716839888718e-06        -3.5361643532249952e-05        -4.4952957766003954e-04        -5.3633066318101895e-05
43                                     7.0228445280118637e-04         2.5763747061887591e-04         1.3590028222719135e-03         8.6812099423441426e-05        -2.5762320017547972e-05        -1.4155122986624747e-04         3.0495159962741681e-04         4.3325811610077857e-04
44                                    -9.5194420477791829e-04        -6.8469033297274026e-04         5.7863544302928956e-04        -2.6713732560776186e-05         3.9486610245140046e-05        -7.1899765111185180e-05        -7.7205296413115822e-04        -1.2129676816498682e-04
45                                    -5.5642952330744542e-03         5.8336338695268164e-04         3.7984370380391131e-03        -3.9488937978681901e-04        -4.6292206818737474e-04        -3.8673640263891564e-04        -5.5020702881595644e-05        -8.8967895454525867e-05
46                                    -1.2566532282346395e-03         1.0399957880021845e-03         1.8198324393170189e-03         1.1734218626847192e-03         7.0370624681142819e-04        -3.6625310911767885e-05         1.7950223876849158e-04        -4.5716580812373573e-05
47                                     1.6449571820078045e-03        -2.6817603775458262e-04        -6.6384155627091700e-04         2.9498222124058982e-04        -1.4951014960302858e-04         1.6644924163993890e-04        -6.2853378111260810e-05        -1.7758124417997833e-04
48                                    -2.0837035111565200e-03         9.5818748165783134e-04        -1.2564024983703423e-02         4.8031375790059960e-06        -2.3509417079101516e-05         1.2941153760861882e-05         1.1237622154341517e-04         7.2794021603606146e-05
49                                    -3.8961485679740570e-03         1.3613398978882495e-03        -2.9110089037666900e-02        -3.1138947078301768e-05        -4.4593412623698554e-05         1.4948708787963468e-05         6.1060058447125857e-05        -5.1025444442233864e-05
50                                    -1.7569733918394032e-03         4.7937234126574704e-04        -1.6093145454635464e-02        -1.5933232202084693e-05         1.5560705042489201e-05        -4.6703498607984697e-05        -3.0566601897440165e-04        -3.1551022486942751e-05
51                                     3.0015378473219854e-04        -1.3635997356545087e-03         2.4069112848461522e-05        -1.1858217033062238e-06         3.7882053259517823e-06        -1.4040804512008615e-05        -5.7057138959044493e-05        -5.0467998794368613e-07
52                                    -1.8791215684007938e-04         1.5244816940968419e-03         1.6376569970565948e-03        -6.7425639581340010e-06        -3.6116982766526895e-06        -3.4368605036655549e-06         4.4508022770852086e-05         1.2549742987687696e-05
53                                     2.3542403680083725e-04        -7.1854485115078613e-04         4.3993007389777489e-04         3.6008206332276919e-06         2.5389171103484473e-06        -1.3860071057976864e-05        -2.1993804083930940e-05         1.3702245543890977e-05
54                                    -2.8929881444770106e-03         3.1092404981131845e-03        -6.9564909106357726e-04        -2.7764032093000892e-05         9.8126590846380965e-07        -2.7090417278798767e-07        -6.6865031148859307e-08         3.7018801433406933e-06
55                                     5.0221732901910158e-03        -2.8588384868318308e-03         2.2943541931334278e-03         5.9400713836471847e-05         1.7142627562268149e-05         3.1791050267332595e-06         1.4268643009481767e-06        -5.4193106419348066e-06
56                                    -3.8918154299631496e-04         4.2127153135287920e-04         4.6131286043008674e-04         2.2977921311310642e-05         2.2277913704249648e-06         2.0214423236635578e-05         6.1080466997197577e-06        -8.2096776075415447e-06
57                                    -8.4678992838117416e-05        -7.5315247835279053e-06        -1.8021825522033554e-05         7.0721595044434017e-07        -3.9888007409669309e-07         5.4753342773327404e-06         3.9735400287369272e-06        -3.4310166673207505e-06
58                                    -6.9401080601588956e-06        -1.1116625879611475e-04         6.4954939484401179e-05        -1.6701841128330820e-06        -6.2075629245826429e-06         1.5969811117081279e-06         1.0200809403251993e-06        -5.9224470996483217e-06
59                                     1.7654179318333380e-04        -2.9007805296545151e-04         6.4475238041700536e-05         2.0211900548766214e-06         8.3322294974247542e-06        -3.8420556556855671e-06        -4.0956151342398038e-06         1.9914535253076019e-06
60                                    -5.2129089488455534e-05        -6.2652391222449075e-04        -1.3039157887008435e-04         1.1747802234885504e-05        -2.2344549425164098e-05        -9.7476650780227653e-06         1.5940109514660015e-05        -8.7478028801975770e-06
61                                    -6.0440087611513980e-04         2.6267614987320119e-04         1.8452067149456186e-04         9.9980550957649676e-06         9.3367992860236317e-06        -1.5956993545177250e-06         4.0802710161439630e-06         2.0466153627707361e-06
62                                    -1.6154083753574448e-04         1.0503106404800172e-04         1.7072555101651805e-04        -2.9389101642942651e-06         3.0666214858155296e-06         1.9087336614484430e-06         7.5957204675304609e-07        -9.2106092434616170e-07
63                                     1.1488542214266079e-03        -3.5698827359623869e-04        -1.4614800311790353e-03         2.7536029516912530e-06         6.6194743902526042e-06        -9.3640203216212444e-08        -2.5630995830144541e-06         4.1399495477938878e-07
64                                    -1.4790750803683468e-03         8.1038148297867289e-04         2.0908831181783920e-04         1.3566548595190608e-06         1.0165986858870577e-06        -1.5957437991312960e-06         2.2647825361018312e-06         3.3558468558603639e-06
65                                     3.7748662582137802e-04        -4.5431617382819377e-04         3.7922303400783619e-04         6.6023411637297288e-07        -2.9054650567406082e-08        -5.7906876342237422e-07        -2.4781595842027443e-06        -4.0428500912245181e-06
66                                    -8.2042112177978591e-04         4.6346503057038430e-03        -1.6919441419131331e-03        -1.8399105787187493e-05        -2.1351144761463849e-05         5.9980287320366126e-06         2.2474645797854363e-06        -6.7585274630941900e-06
67                                     2.6362452159997066e-03        -4.9078286439679852e-03         1.6968410805030475e-03         3.5139800489541572e-05         1.0996011494182330e-05        -4.7858797694306891e-06         4.1982850593907611e-06        -5.4205577536939781e-06
68                                    -4.5649620627386412e-04         5.4589637430672595e-04         3.3558021412176181e-04         1.3648721621493682e-06         1.3916761946435735e-06         2.0547892583426325e-06        -7.3403069037418213e-07        -4.8054670565760103e-08
69                                    -8.4097973365705476e-04        -6.3809657150070472e-03         3.2394239666844654e-02        -4.3858206646588349e-06        -6.9296115732998429e-06        -1.5157252961502078e-06         1.7125861274902708e-05         1.2320970556412640e-05
70                                    -9.9352694686877067e-05        -1.7385667192522962e-03         5.7275820961348650e-03        -7.1812162407013683e-06        -3.0923187156182454e-06         1.7466859529495591e-06        -1.8100848869892729e-06         2.9796225804240090e-06
71                                     6.2397119870717319e-04         1.9455976967825504e-03        -1.2846291927250064e-02         9.2806039090858987e-06         9.4269413608008210e-06        -3.4182739207346598e-06        -1.5152878457738592e-05        -7.9067272448331630e-06
72                                    -1.2124926462854263e-02        -2.5621448496506962e-02        -1.5199825394541899e-02         3.1271378240076229e-05         9.8146102803535126e-06         9.2407712582742458e-06         1.0054465970839414e-05        -1.9501493879010254e-05
73                                    -2.1101552551343952e-03        -4.6322155716506377e-03        -2.1645516887390482e-03         1.0588901177942885e-05        -2.6935237708411615e-06         6.5699742303397361e-06         4.2133663343272616e-06        -8.7621316880605706e-06
74                                     5.4509541471051146e-03         1.1381656145087434e-02         4.8250580569384506e-03        -7.3692627304743834e-06        -5.4209694465355389e-06        -2.7094649381481390e-06         5.3588461396221525e-07         1.2944053756417913e-06
75                                    -1.3200551563805024e-01         1.1795524792150927e-01        -2.9521308992745292e-02        -1.1645487010742404e-05        -2.9116400059322946e-05        -1.5470397425865721e-06         2.9107540949333699e-05         9.4750475736146440e-06
76                                     1.1764673577862934e-01        -2.0376615222393935e-01         3.8900608081842820e-02         3.0027099196839224e-04         1.2528259772552142e-04        -5.6531812048738221e-05         6.7615700208785711e-05         5.4750112987968702e-06
77                                    -2.9713188514256954e-02         3.9527692929697940e-02        -5.7304493076195229e-02        -5.6199871846466463e-05        -4.8809841120915675e-05         1.3287967297485881e-05         5.1510437116189368e-05         4.3704653547607159e-05
78                                    -4.6449584566598777e-02         3.2566466781981996e-03        -1.0102501116032211e-02         2.2317479869155785e-05        -3.5369057565110837e-06        -5.4670717375113479e-06        -5.7605419939858293e-05        -3.1062268704780921e-05
79                                     3.1277652583590609e-03        -5.0941712470776029e-02         3.0464449621437795e-02         6.9033736575926040e-06         4.2059702868884512e-06        -7.2052772974441582e-06         3.3596093239206918e-06         2.4047586633332266e-05
80                                    -9.4258058738900356e-03         3.0965360812493896e-02        -2.8388666445099270e-01         5.5017166657707686e-06         9.4566624447393888e-06         6.6364365203931512e-06        -4.8169867481772375e-05        -2.7606926871121635e-05
                                                        32                          33                          34                          35                          36                          37                          38                          39

0                                     -6.3280830652787459e-04        -1.6725549713476431e-01         1.2604141101202301e-01        -3.6484451863499828e-02        -1.5421761388461268e-03        -5.8672961015437735e-04         5.3753147479833514e-04        -9.8939387491061518e-03
1                                      4.3416503977880071e-02         1.2525550837054011e-01        -1.7659571693417667e-01         3.7414057538707440e-02        -5.7421449491726409e-03        -2.5108046203380684e-03         1.3561239871978923e-03        -2.7362752157878971e-02
2                                     -2.9732785435598569e-01        -3.6147443926176290e-02         3.7266638289090784e-02        -5.7184156682597520e-02         3.2054116733529023e-02         1.0237149605601837e-02        -8.9632957225652139e-03        -1.4418432896579169e-02
3                                      6.4814711325151403e-04        -1.9444423228124810e-02        -8.9301455644830753e-03         7.1593058200748816e-03        -4.5106851678243409e-02         1.0301877275037559e-04        -4.2312451735790658e-03        -5.7411405713737207e-02
4                                      1.9318019606190794e-03         2.1992152219437719e-02         8.1348095206163606e-03        -8.5155567478163406e-03         8.6094022084719137e-05        -5.5848451970042567e-02         4.1131259760353117e-02        -4.8285965239669763e-02
5                                     -9.9354288094814884e-03        -7.1855908843133356e-03        -3.1087242837145035e-03         8.4085673353877753e-04        -5.1276767364699261e-03         4.0327189777721706e-02        -2.8796242029358610e-01        -2.6783266331703005e-02
6                                     -9.2284403056218725e-04        -5.1616750373368429e-03        -1.4543685576872698e-03         1.6158243009020677e-03        -2.9165326526045593e-03         2.0675558085356581e-03        -1.1568261335432248e-03         5.2751250427467916e-03
7                                      6.2788937097747743e-06        -4.4071469920855273e-03        -5.2993513483482954e-04         9.4818135878154330e-04         4.5541283351793454e-03        -5.2152106090858023e-03         1.6381262075294261e-03         2.1096030342351288e-02
8                                      4.2555836682577411e-04         3.2665939044411066e-03         4.8009287917702859e-04        -4.6255813000983402e-04        -2.3864893344749075e-02         2.4276286545377779e-02        -7.6557172599413387e-03         1.1417050534261239e-02
9                                      1.0927607820031358e-04        -4.8240222267291461e-04        -5.6296267556123865e-04         4.8001568284586094e-04         1.5142910032514244e-03        -1.3263976731608877e-03         7.8552179460804339e-04         1.1730088746855218e-03
10                                    -1.0317106991156091e-04         1.9771800195737257e-03         7.4751085450512947e-04        -3.4779000658975376e-04        -4.6723348286914317e-05         7.7887860822283494e-04        -1.5894116062506371e-04        -9.8836934957066778e-05
11                                     4.2027414828846830e-04        -9.8555973786242177e-04         1.1398524005507091e-04         7.5409503498494049e-04        -1.8764575453762548e-03         3.6099996054696519e-04         2.1640428951648361e-04         3.9377481955170900e-04
12                                     8.2177014207813212e-05        -6.5118623595352397e-04        -1.9945374490683407e-04         1.8132669757905788e-04         1.0154265318910462e-05        -1.1014861957885146e-04        -7.0209913071288613e-05        -1.4252432139816461e-04
13                                     1.1923318287643259e-05        -5.0620728914975779e-04        -8.1921605588069699e-05         8.5898542134252688e-05         2.2900349687512414e-04        -1.1735243993845029e-04        -1.5229075827669254e-04         6.0929212701652663e-06
14                                     8.0102397854719953e-06         3.9222620644676232e-04         8.3093531197003280e-05        -1.2039327692937071e-04         9.6968592375589347e-06        -7.4818758218502673e-05         5.2254482395902666e-04        -1.4854797775127552e-04
15                                     6.7058001742359777e-06        -8.3017358583644014e-05        -4.2478555794752760e-05         2.4611346039467600e-05         3.5365933001748191e-05        -2.8557229785428930e-05        -6.6382174993179482e-05         3.6284179396661297e-05
16                                    -1.5281235360447946e-05         3.1761563560313982e-04         6.4753946411154600e-05        -7.3119867545169237e-05        -6.9180179818768991e-05         5.1190255915822445e-05         4.9734825510632137e-05        -1.1528815458529125e-04
17                                     6.0482362051342622e-06        -1.1080833887643169e-04        -4.5647214938588851e-06         1.9401052469375903e-05         1.0758057373056015e-04        -1.0857054923308208e-04         2.3434295162542973e-06        -2.8247803026652026e-05
18                                     1.2563797257079956e-05         3.0105234779310899e-05         1.4714731221932269e-05        -1.3359537219672507e-05        -3.7827483964698492e-06        -2.9086504306522973e-06        -1.2819537939861778e-05         1.7795812968562832e-06
19                                     1.1848876270980756e-05         2.3894477067846082e-05         1.4462233972505919e-05        -5.0971222925811712e-06         2.6089384141713241e-05         4.5177855652192877e-06         1.1144903562837277e-05         8.7561486700929691e-05
20                                    -1.4350996147270353e-05         4.2239410214511136e-05        -1.4036725655732375e-05        -4.4129997902894822e-06        -2.2171004792773466e-06         2.1034650266173009e-06         1.5032841232811602e-05        -2.9681569664336905e-05
21                                    -1.1997544450055055e-06         3.6141148126826077e-05        -2.3884322371741989e-06         2.7105307780728941e-06        -1.8707041105287111e-05         3.1797380024847224e-05         1.6726877569813803e-05        -4.1196972566824781e-05
22                                    -3.7058807293399200e-05        -9.0790145883993568e-05         2.5438381881273588e-05         2.7585032870348046e-05        -8.5743599578503812e-05         3.2123250832878994e-05        -2.7618170388640784e-05        -2.1737491495475670e-04
23                                     1.7391486100391991e-05        -6.7637412738688011e-05         5.0068661483733574e-05         1.7988143622197283e-05         6.1541145765636675e-05         2.6792229947286130e-05        -2.1828254689658898e-05         4.1118030689053005e-05
24                                    -2.8576679570858562e-05        -2.0153798233486005e-05         1.7943411073517582e-04         3.1302489902975479e-05        -1.2557132342636067e-04         9.7765843801427693e-06        -3.8837778814724590e-04        -1.0537734721755929e-03
25                                     6.0510328532649600e-05         2.3664308908780780e-04         4.5015413763472949e-05        -2.6916120280978196e-05        -2.2966372745120709e-06         1.4743418716409770e-04         2.9126020126403994e-05         1.1323627677304292e-04
26                                    -4.2691686624020744e-05         1.1511349504855512e-04        -8.9147915508006569e-05        -5.2961096859406587e-05         9.1114584827341281e-05         7.3105067494925839e-06         2.9836738612553163e-05         8.5922402814602415e-05
27                                    -4.6968832204504624e-05         6.1342921425105446e-03         1.8207080765560012e-02         1.1714467847586448e-02         1.3161987495867787e-03         5.1547184874573600e-04         1.8711978282444884e-05        -5.6298074508536354e-03
28                                     3.6726455804304697e-03        -6.7653887200195377e-03        -1.7304489583140431e-02        -1.0835212626344303e-02         7.1873286578073847e-05         7.9077970985060031e-05         3.4945549290183071e-04        -1.9122142123059638e-03
29                                    -1.3567351132866638e-02         2.4344380593514445e-03         7.0055007542163521e-03         2.6269465949672137e-03        -5.8620325272978533e-04         4.0267976665160648e-04         6.8638964355773133e-04         2.4713723946289201e-03
30                                    -2.4567344451049866e-03         2.7996589902528485e-05         2.1356688069024752e-03        -2.1958946883056052e-02        -5.8510168739983022e-03        -1.9043794856050363e-03         1.9281899812150279e-03         1.3453848057147753e-03
31                                    -4.9130436741734826e-02        -1.1763530786085248e-03        -3.7940280659585482e-03         2.2601975502974509e-02        -2.2682525602385232e-03         1.1623390766814126e-04         5.0305862794809437e-04         4.3555283912920847e-04
32                                     3.2252927469308224e-01         3.6175084002669847e-04        -2.9997194046566325e-04        -4.8415566342512716e-03         2.0338017759730063e-03         8.5389756933420950e-04         1.2405786734449610e-03         1.6289710226930973e-04
33                                     3.6175084002669847e-04         1.8463868651945786e-01        -1.3631734581590074e-01         3.7960433463310884e-02         1.0264915888875104e-03         2.0222639089050704e-04         4.6725947867024692e-04         7.7777001166353396e-04
34                                    -2.9997194046566325e-04        -1.3631734581590074e-01         1.8790154846210727e-01        -4.1025152757051889e-02         6.6563220644690589e-04         3.4912917073161081e-04        -3.3816275035320354e-04         4.4620871424184364e-04
35                                    -4.8415566342512716e-03         3.7960433463310884e-02        -4.1025152757051889e-02         5.7676965154229660e-02        -2.2252058612473049e-04        -5.4123673956706368e-04         2.0726200156892527e-04        -6.4509397152468526e-04
36                                     2.0338017759730063e-03         1.0264915888875104e-03         6.6563220644690589e-04        -2.2252058612473049e-04         5.5008308997102517e-02        -2.0534601706370982e-03         3.4680753426441398e-03        -7.7153798248684718e-04
37                                     8.5389756933420950e-04         2.0222639089050704e-04         3.4912917073161081e-04        -5.4123673956706368e-04        -2.0534601706370982e-03         5.9205045345634755e-02        -4.8731426319302065e-02        -7.4728552414977077e-05
38                                     1.2405786734449610e-03         4.6725947867024692e-04        -3.3816275035320354e-04         2.0726200156892527e-04         3.4680753426441398e-03        -4.8731426319302065e-02         3.1354552555070181e-01        -4.2454371755810960e-05
39                                     1.6289710226930973e-04         7.7777001166353396e-04         4.4620871424184364e-04        -6.4509397152468526e-04        -7.7153798248684718e-04        -7.4728552414977077e-05        -4.2454371755810960e-05         7.0892169725960838e-02
40                                     2.2744277197250286e-04        -2.1437769199056551e-04         7.0829563941585474e-04         6.4139677866136436e-05         1.5684472071657895e-03         5.2295682962426532e-03         2.9472316958739087e-03         5.4160621396518088e-02
41                                     7.1668603098968501e-04        -7.2692226166300514e-04        -3.0184518584111704e-04         2.1817476881990039e-04        -7.2355252713763368e-03        -2.7372080126321811e-02        -1.4237221538785653e-02         2.8366763996719085e-02
42                                     7.8011640908769056e-04         2.5354450327148652e-04        -6.6963292176408599e-05         4.0111648038407245e-04        -3.1317662814543961e-03         3.4310764034099122e-03        -6.8640314916698338e-04         9.3114265572029071e-04
43                                    -4.7126963945860788e-04        -2.3722711593391320e-04        -1.0443185180645398e-04        -1.4991535457741558e-04         3.7570669581992811e-03        -2.8465630948442634e-03         1.4276464436399684e-03        -9.1142797754708779e-04
44                                     3.9714405242703872e-04        -8.5795722799128331e-05        -5.3146496053296105e-05         4.0914597751788226e-04        -7.4560843124984880e-04         1.1135105935065710e-03         1.2723764676484039e-03        -2.8103074810898170e-05
45                                     1.0851129954551160e-04         2.8053161927193699e-04        -1.8369563820924153e-04        -1.3637181548116018e-04         6.7457555073235508e-04        -7.5128390390554281e-04         7.6145981580009667e-06        -3.2699464793960326e-03
46                                    -4.5933285042348837e-05        -1.2256821124218909e-04         4.6638680693145357e-04         3.6377985479526327e-04        -4.1384176757053824e-04         4.5566294798681309e-04         3.5856597464317165e-04         3.6016793512422865e-03
47                                    -1.7641162362894321e-04         1.7457452929657254e-04         2.5564987416711363e-04        -1.0047366006731798e-04         6.2375823483055222e-04         1.2392590189561406e-04         5.1354808781885631e-04        -8.4630067904310942e-04
48                                    -2.6794212168047436e-04         2.3856697526632479e-05         4.6359757991144184e-05        -1.2585488897593532e-04        -3.8882672155024327e-04         4.1287177837551247e-04        -7.9572314449459199e-04        -9.6025579975644133e-05
49                                     1.3445551935422012e-06        -1.1322650627032744e-05         1.4501213871195157e-05        -2.3305078375355760e-05        -2.7519379012762302e-06         2.8255706742600370e-04        -7.3645550891720483e-05         2.2698660058311209e-06
50                                     1.2395589799296929e-04         8.5026312867541969e-05        -2.4798583659902448e-05        -2.3225634983015369e-06         8.2896826869922652e-04        -6.3290313681487723e-04         6.6174192523694997e-04         2.8702515175270740e-05
51                                     2.8905760995738832e-05         1.8988066662697283e-05         3.1417725419451723e-06        -3.4111972748100995e-06         5.1339198462414489e-05        -1.3980676002100682e-04         2.3965400618002926e-04         3.2390979402663266e-05
52                                    -5.6909915414367742e-06        -1.5743769795202871e-05        -1.2311936279707177e-05         1.6853212700043067e-05        -1.2246649374882338e-04         9.8604158421369752e-05        -1.6904341036361311e-04         1.1986232778431991e-05
53                                     1.4166897797797395e-05        -3.0305867121814458e-05        -6.2715783510050756e-06         8.1265063678050099e-06         2.6737834427039325e-04        -1.6592616229460706e-04         3.4926897576937482e-05         5.3740632330076359e-06
54                                    -7.1832121816910698e-06         3.3025082642487149e-05         4.1966451528501272e-08        -9.8600357402308064e-06         7.6538021450782141e-06        -2.1788020290494344e-06         2.5439601529931698e-05         8.4243555793738737e-05
55                                     4.7117839355259941e-06        -3.8657543180733132e-06         1.2541777713770581e-06        -2.5248685876554187e-06        -2.3255178326639879e-05        -6.7554133334106719e-05        -1.8961863074790086e-05        -2.4359552594411453e-04
56                                    -1.4665115130518911e-05         1.5427096060037677e-05         1.6948118220749299e-05        -1.4642185990429587e-06        -2.7137180577800307e-05         2.4278000924530662e-05        -5.4725574879414297e-05        -6.9169492249133817e-05
57                                    -4.3275377559139506e-06         6.8838878419456417e-06         3.1618240803487252e-06         7.4330331801298894e-07        -5.8590862395358135e-05         4.7051599464281621e-05        -2.6648248501387212e-05        -2.9175786717912432e-06
58                                     1.1772523724881342e-06        -1.4613759565356213e-05         4.7979979785357091e-06        -5.5539481656909735e-08        -9.2848290008136622e-06         1.2753604182686335e-05         8.3206113898294173e-06         3.1084090378487696e-06
59                                     3.6065059711844032e-06         1.3714218310446717e-05        -3.9746142972084918e-06        -4.4018513808561288e-06         3.5001218503507577e-05        -2.3106165456911144e-05         1.3404968761546524e-05         6.2402878693188987e-07
60                                     1.5000568829421322e-05        -1.5130198074282805e-04        -1.7245173225314669e-05         2.6670024599187068e-05         2.6309101561379791e-05        -1.7766630274232008e-05        -2.2699903085377469e-05         2.2802051956525822e-06
61                                    -5.9285650067979548e-06        -9.6830160878464636e-06        -8.7736632893122609e-06         3.8740571257448462e-06        -3.2869867621817259e-07        -8.6625396115412069e-06        -2.2260692552735287e-06        -4.4724408798300875e-06
62                                    -5.1168447020453946e-06         3.1542240730915146e-05         8.6316354398490065e-06        -1.0783407427630230e-05        -9.3358404619263980e-06         1.7100839841671341e-05         4.0289418228334770e-06        -7.6087217982081297e-06
63                                    -2.7169846043370734e-07         1.0100447408237067e-05        -4.5822243561646189e-06         1.0461467913254665e-06         9.5645694014222376e-06        -6.0801048837387801e-06         1.0841959319922687e-05        -2.1477642695487349e-06
64                                    -2.2893986076615719e-06        -2.8069748007420250e-07        -2.2792976853543362e-06         3.5788762211087300e-07        -1.0807663264429660e-06        -5.4980540001571228e-06        -1.1427098627623264e-05        -5.8813226894492243e-06
65                                     6.2739295350246888e-06        -1.2191918589591916e-05         2.7630356899547084e-07         1.1455434800689219e-06         6.2023363979870412e-06        -4.3857105323259890e-06         1.1415354006911321e-05         6.0228778350482001e-06
66                                     8.9036177264214394e-06        -3.1547001477713176e-05         1.2969428743903055e-05         1.8406398087540687e-06         4.4872847587279767e-06        -7.7243250795177437e-08        -8.0574928315998648e-06         1.1522028241192942e-05
67                                    -5.8361705775788119e-06        -2.0134460747106044e-05        -2.8430665683209372e-06         1.2615228497944253e-06        -1.3538884260779194e-05        -1.6195728466674125e-06        -8.0129842590382630e-06        -7.0600126013130250e-05
68                                    -6.0708881277344966e-07         1.9651641666183816e-06        -1.4014363021949434e-06         6.0752209298577673e-07        -2.7512006262129843e-06        -4.7619564410482590e-06        -2.4288199424822490e-06        -1.6468954142795920e-05
69                                    -9.2845383556486630e-06        -2.0857767150156870e-06        -1.4274835623273585e-07         2.6200862818835733e-06        -5.3652047945039215e-05        -7.6231156119216251e-06        -5.6396128993141696e-05         5.2499809895667634e-05
70                                    -1.8285123383218835e-06         1.5570296445921916e-05        -1.7942426343189985e-06        -8.7852218937577945e-08        -9.6680302378310612e-06         1.2482306972781470e-05        -2.7950367987737614e-06         1.7320095824281971e-05
71                                     7.7574244140275229e-06         1.6698711153324049e-05        -6.2826669399444930e-06        -5.5212947593009281e-06         3.0885987845323201e-05         1.1372303876347857e-05         4.8540997268075974e-05        -4.1755945416552427e-05
72                                     5.5456634237933608e-06        -6.9770851295613678e-05         2.6047816402297507e-05         5.9366425780980501e-06        -3.0978745140448530e-06         1.4765627317948915e-05        -2.2140459417964312e-05         3.6895699262505868e-06
73                                     6.1210674257871668e-06        -4.0331214464461602e-05         7.0117872805856851e-06         4.4382337688730206e-06        -3.8797623697100667e-06         2.4539060504259009e-06        -8.9964599304746123e-06         9.6957091773840209e-06
74                                    -3.3016736479258950e-07        -5.2428082522848994e-06        -3.1518438466462701e-06        -5.6685058099389778e-06         1.0271865049120372e-05        -2.7650387687783943e-06        -1.0495326903765465e-06         3.5290359252724678e-06
75                                    -1.9491977275960630e-05         5.9987846607442198e-05        -1.2037797024800657e-06        -1.1691203135496360e-05         5.9000651744503876e-05         1.4906664288146963e-04        -1.1788146781893400e-04        -2.2898324034422365e-03
76                                    -7.6310019067831088e-05        -5.9253271744076456e-05        -3.9148852695750080e-05         1.0105831327783901e-05        -1.7554091019843026e-04        -7.1360058885027193e-05        -9.2422622992011268e-05        -6.3247506092553758e-04
77                                    -2.2982221656845715e-05         2.1070558706852470e-06         1.8928803430934282e-07         1.6087145711246451e-05        -9.2360251983517931e-05        -9.3725558203207847e-05        -2.7978947018216047e-04         3.0958086424934369e-04
78                                     2.6608984316623252e-05        -5.3407606602780002e-06        -3.9084707576718170e-06         4.4440541845279143e-06         2.2836953101168078e-04         3.4435575236227309e-05         1.8394632321206078e-04        -1.4236557560728683e-05
79                                    -8.8403416272533723e-06        -3.1450829907355652e-06        -7.2413725800667952e-06         5.0869460151343505e-06         7.8115946684488905e-05        -1.6463567707650223e-04        -3.1030022710383954e-05        -3.7072741576049293e-05
80                                     3.2620093792124806e-05        -2.6464882506341790e-05        -2.0655939266893929e-06        -1.2785739088923709e-07         1.7904514205297612e-04        -1.1685118675695784e-05         1.5257483501135947e-04        -1.7595786773610348e-04
                                                        40                          41                          42                          43                          44                          45                          46                          47

0                                     -2.9406957079578435e-03         3.1717140613459205e-03         1.3728752234060011e-03        -1.2019592148189303e-03         3.3827711919930895e-04         1.7461989441850678e-03        -1.5801323509509269e-03         2.3404527551106101e-04
1                                     -8.2029466008555416e-03         9.8199376265370088e-03        -8.4956311872837957e-05         3.7784463214693160e-04        -2.9298327382892408e-04         1.2603342106620040e-03         1.0404682554830558e-03        -2.0026806396938662e-04
2                                     -4.0562763242831638e-03         4.4452896353629912e-03        -1.2723925962398852e-03        -8.2559771138459356e-05         4.1359606475105479e-04         5.4887691913201833e-04        -3.5200601120069074e-05         1.8396479890131457e-04
3                                     -4.8422016860573985e-02        -2.7033417855202812e-02        -3.2095240237496720e-03         3.2585018762015432e-03        -4.1847322573903417e-04         4.1028274658484135e-03        -4.8345099770196499e-03         1.7927741480907398e-03
4                                     -2.3156162138128156e-01        -1.0101525292418281e-01         3.1142999794777850e-03        -5.0078843349489512e-03         1.3169877595870152e-03         2.1430806657863677e-02        -2.3596095952984501e-02         6.7348694074271555e-03
5                                     -9.9931007680289397e-02        -1.0402258674012327e-01        -2.3471970787439213e-02         2.4999284860032125e-02        -7.3428399086561211e-03         9.7575027192361250e-03        -1.0129434915374366e-02         2.5037165514445988e-03
6                                     -4.3113092708239077e-03         1.9347043558141028e-03        -4.6791747992544139e-02         1.2988455799069491e-03        -1.6392466052663562e-02        -6.5477466008440149e-02        -6.3197553325402597e-02        -2.9447038273575206e-02
7                                     -2.1618160503338632e-02         7.1570323141752420e-03         1.3617846691355191e-03        -5.0047535390951761e-02         2.8573867540348092e-02        -6.3160287285904587e-02        -2.3081146344914302e-01        -8.5330647286270350e-02
8                                     -1.0781120157810110e-02         2.9110222975741694e-03        -1.6008952211082773e-02         2.8052304402231838e-02        -2.8551590376327196e-01        -2.8967491880889366e-02        -8.5435824597233784e-02        -8.7486123649536646e-02
9                                     -9.1159199833226734e-04        -6.8688967376492188e-05        -6.4788466370519632e-04        -3.1981837979087966e-04         3.7159048684730356e-04        -1.1528753511695362e-02        -3.4160333304911715e-03         5.0793456624780332e-03
10                                    -3.7398851886993444e-04        -7.6146247427923922e-04        -3.7541171682335130e-03        -2.0697317560892277e-03         1.8401573445480475e-03        -2.5793929859704624e-02        -8.2501159850269234e-03         1.1462012655309805e-02
11                                     1.8166081365362727e-04        -1.2802137301866877e-04         3.0812353815154188e-02         8.2051648036927504e-03        -1.4753339014580709e-02        -1.3168301946819677e-02        -3.5297166187520158e-03         4.1037513282493731e-03
12                                     2.4744487727518184e-04         1.5741978797966015e-04         1.6460836007590697e-03         2.6177372962493163e-04        -9.0623149992302005e-04         9.0032229730340266e-04         1.5211137316913249e-03        -2.8233099501731931e-04
13                                     4.5032577030970286e-06         7.9434882031222988e-05        -1.0655772500873587e-03         6.9121403861239404e-05         3.2257763677895866e-04        -1.8475872997242623e-03         7.0827601664342175e-04         2.4524410284059318e-04
14                                    -1.0383204653875190e-04         4.2989936697928211e-05         1.0446456043189576e-03        -7.5404542056850868e-04        -9.0945637381713643e-05        -8.8691150276501429e-04        -1.8054306149800463e-04         3.4911267332230671e-04
15                                     1.0185672542823310e-05         1.6715935917145913e-05        -1.6457347364743605e-04         3.6347107503329422e-05         2.1054567170221330e-04         1.4316323936785103e-04        -7.3985499055278375e-05        -1.6184589159585106e-04
16                                    -2.8442610058493790e-05        -8.3138308132821520e-05        -9.6044896989793522e-05        -5.3331957318896459e-05        -1.3590788420599163e-04         1.8268801885351757e-04         2.3796490551866983e-04         3.2498114550257506e-04
17                                     6.1412136608205055e-05        -4.0569688814327907e-05        -2.0810219757471131e-05         1.7526277279529979e-06         5.3689825974774681e-04         3.0242339217334806e-04         3.0474027800410884e-04        -5.0710375891367329e-05
18                                    -1.6416800624444519e-04        -1.3680543325446815e-04         8.2156142256851702e-05         1.7425652080734519e-05        -2.5586763026283835e-05         3.5071804503066981e-04         1.7037625800202238e-04        -3.3382891814005659e-05
19                                    -1.1392738326077713e-04        -9.8705991731584263e-05         1.1836944023725497e-06         3.7496513149676188e-05         2.6392968110670921e-05        -2.5780671902979265e-04         5.4908118230636649e-06         4.8116522217530014e-05
20                                     5.0508886434213682e-05         7.0423173963472981e-05         2.7269266283214567e-05         6.9460624698905590e-06        -8.7456793326165690e-05        -1.2193167364638242e-04         1.8339965514273596e-05        -6.9050954819720439e-05
21                                     3.1701165228583067e-05        -9.7155693048283178e-05        -1.3844857523971632e-04        -1.5339447367542335e-04         7.0374985400149066e-05        -1.8267722341852631e-04         2.6297779718431667e-04         4.4303072614447541e-04
22                                     6.6785554691443233e-04         3.9634817277225086e-04         1.3122590220526059e-04        -3.1657101103328114e-05        -7.7522381085212005e-05        -1.8594943072196232e-03        -5.4353252620583346e-04         4.2064883575537227e-04
23                                    -1.7747321557876061e-05        -1.8488950290994387e-04         3.6590134945281268e-05        -1.2729910419893018e-04         4.7583753011598562e-04        -1.0424332866596354e-03        -5.7976894539926455e-04         6.8324583390449176e-04
24                                    -3.9277719701784168e-04         1.2845326909791512e-04         1.7168603931441259e-03         7.0228445280118637e-04        -9.5194420477791829e-04        -5.5642952330744542e-03        -1.2566532282346395e-03         1.6449571820078045e-03
25                                    -6.2442139584969678e-04        -7.5867978807572876e-04         1.1197651814934396e-03         2.5763747061887591e-04        -6.8469033297274026e-04         5.8336338695268164e-04         1.0399957880021845e-03        -2.6817603775458262e-04
26                                     2.0643084570558766e-04         5.1328242194601751e-04         1.0658888728702217e-03         1.3590028222719135e-03         5.7863544302928956e-04         3.7984370380391131e-03         1.8198324393170189e-03        -6.6384155627091700e-04
27                                    -1.6089033762874527e-03         2.2159394516245829e-03        -7.3041386519791441e-05         8.6812099423441426e-05        -2.6713732560776186e-05        -3.9488937978681901e-04         1.1734218626847192e-03         2.9498222124058982e-04
28                                     7.3022844797541379e-04         1.4241316547463322e-03        -8.9565716839888718e-06        -2.5762320017547972e-05         3.9486610245140046e-05        -4.6292206818737474e-04         7.0370624681142819e-04        -1.4951014960302858e-04
29                                     9.3200939519173819e-04         4.9450167718514742e-04        -3.5361643532249952e-05        -1.4155122986624747e-04        -7.1899765111185180e-05        -3.8673640263891564e-04        -3.6625310911767885e-05         1.6644924163993890e-04
30                                     2.4531798555337860e-04        -5.1820701077308730e-04        -4.4952957766003954e-04         3.0495159962741681e-04        -7.7205296413115822e-04        -5.5020702881595644e-05         1.7950223876849158e-04        -6.2853378111260810e-05
31                                    -5.7956989120102297e-05         3.4046665467255232e-04        -5.3633066318101895e-05         4.3325811610077857e-04        -1.2129676816498682e-04        -8.8967895454525867e-05        -4.5716580812373573e-05        -1.7758124417997833e-04
32                                     2.2744277197250286e-04         7.1668603098968501e-04         7.8011640908769056e-04        -4.7126963945860788e-04         3.9714405242703872e-04         1.0851129954551160e-04        -4.5933285042348837e-05        -1.7641162362894321e-04
33                                    -2.1437769199056551e-04        -7.2692226166300514e-04         2.5354450327148652e-04        -2.3722711593391320e-04        -8.5795722799128331e-05         2.8053161927193699e-04        -1.2256821124218909e-04         1.7457452929657254e-04
34                                     7.0829563941585474e-04        -3.0184518584111704e-04        -6.6963292176408599e-05        -1.0443185180645398e-04        -5.3146496053296105e-05        -1.8369563820924153e-04         4.6638680693145357e-04         2.5564987416711363e-04
35                                     6.4139677866136436e-05         2.1817476881990039e-04         4.0111648038407245e-04        -1.4991535457741558e-04         4.0914597751788226e-04        -1.3637181548116018e-04         3.6377985479526327e-04        -1.0047366006731798e-04
36                                     1.5684472071657895e-03        -7.2355252713763368e-03        -3.1317662814543961e-03         3.7570669581992811e-03        -7.4560843124984880e-04         6.7457555073235508e-04        -4.1384176757053824e-04         6.2375823483055222e-04
37                                     5.2295682962426532e-03        -2.7372080126321811e-02         3.4310764034099122e-03        -2.8465630948442634e-03         1.1135105935065710e-03        -7.5128390390554281e-04         4.5566294798681309e-04         1.2392590189561406e-04
38                                     2.9472316958739087e-03        -1.4237221538785653e-02        -6.8640314916698338e-04         1.4276464436399684e-03         1.2723764676484039e-03         7.6145981580009667e-06         3.5856597464317165e-04         5.1354808781885631e-04
39                                     5.4160621396518088e-02         2.8366763996719085e-02         9.3114265572029071e-04        -9.1142797754708779e-04        -2.8103074810898170e-05        -3.2699464793960326e-03         3.6016793512422865e-03        -8.4630067904310942e-04
40                                     2.5545659229074263e-01         1.0841167823138691e-01        -4.0902393046227201e-04         7.6939369554165134e-04         3.3008022530863629e-04         3.6846818229292490e-03        -2.3798596340819668e-03         1.4479947878468231e-03
41                                     1.0841167823138691e-01         1.0751766058251302e-01         6.8032938987862052e-04         1.8766991076245559e-04         7.3584791518133998e-04        -9.1979497003682683e-04         1.8378195550861160e-03         9.7789399616676005e-04
42                                    -4.0902393046227201e-04         6.8032938987862052e-04         5.5640405818043373e-02        -4.1156272207873556e-03         1.6107718624834275e-02        -1.2363471107745671e-03         1.4620992568828636e-03        -9.3297991970770107e-03
43                                     7.6939369554165134e-04         1.8766991076245559e-04        -4.1156272207873556e-03         5.4465663515436955e-02        -3.4911693052116541e-02        -1.5097741907573602e-03         3.5933028298211159e-03        -2.7740389755622850e-02
44                                     3.3008022530863629e-04         7.3584791518133998e-04         1.6107718624834275e-02        -3.4911693052116541e-02         3.1336391016502974e-01        -4.9246060366398003e-04         2.1031370699312879e-03        -1.2172087302072221e-02
45                                     3.6846818229292490e-03        -9.1979497003682683e-04        -1.2363471107745671e-03        -1.5097741907573602e-03        -4.9246060366398003e-04         7.9549231200705270e-02         6.6917725625107144e-02         3.0472627665176961e-02
46                                    -2.3798596340819668e-03         1.8378195550861160e-03         1.4620992568828636e-03         3.5933028298211159e-03         2.1031370699312879e-03         6.6917725625107144e-02         2.5629178392758539e-01         9.2647328181594962e-02
47                                     1.4479947878468231e-03         9.7789399616676005e-04        -9.3297991970770107e-03        -2.7740389755622850e-02        -1.2172087302072221e-02         3.0472627665176961e-02         9.2647328181594962e-02         9.0376924482960308e-02
48                                     8.2400079371486648e-05        -1.2946364309216211e-05        -5.1812308935002705e-03        -1.2260635391837661e-03         2.6814322416258674e-03         9.6074298453717195e-04        -3.5325178123006258e-07        -5.5731198333902653e-04
49                                     4.5191631387515602e-06        -6.7433621186602688e-05        -1.2537571921617540e-03         6.2377449263689255e-05         5.5454708421459598e-04         2.2399428180726582e-04        -3.6089984011147738e-05         2.2789554105806387e-04
50                                     2.3918402989753056e-05         3.7265428440795730e-05         2.2245280959632937e-03         8.5940056880023290e-04         2.8802982056105587e-04         2.1413615633241768e-04         3.2540938568374582e-04         4.2795934342965613e-04
51                                    -4.6765090656559913e-05        -4.8646537230484716e-06        -4.1375309201721719e-04         2.8389142858950089e-04         7.1377897033575845e-04        -7.9600142962204449e-05        -1.3106530968494100e-04        -6.8708645676954550e-05
52                                    -2.0822504246837900e-05         1.0442132092211077e-05         3.9651644954027726e-04         3.1140220666732487e-04        -6.3263718450685339e-04         9.6562089333729787e-05        -1.0568590713062637e-05        -2.0188066130001473e-04
53                                    -3.7134165488039370e-06        -8.3761383367526865e-06        -6.5693554292530322e-04        -3.8331337572146624e-05         6.2418711509034178e-04        -1.2424412524587891e-04         8.8259635797480022e-05        -1.4145712574520223e-04
54                                    -3.7512292745562562e-05         1.6171684233830122e-05        -7.8359185590959823e-05        -4.9100082153616322e-05         4.6445424285545493e-05        -4.9591964107489265e-04        -1.7525057928198095e-04        -1.8644940639804281e-04
55                                     2.7721725148196564e-04         5.6287505945712326e-05         8.2473403647834675e-05         8.0088601881686278e-06         5.9375915065384977e-05         1.1116472120202407e-03         8.0229344988032390e-04        -6.7798417543293767e-05
56                                     1.0394601692216955e-04        -2.0631320158598972e-05        -6.0581634906241820e-05        -1.4036373852904587e-04        -5.2995258671567798e-05         5.1553025879226143e-04        -7.0948443895394765e-05         2.1423667030967498e-04
57                                     8.6483784555054215e-06         2.9537450931318705e-06         7.5815231515906643e-05         4.4142288926083916e-05        -2.9972528115820331e-04         3.3860176542937690e-05        -2.9712055127682682e-05         4.9408625062310151e-05
58                                     2.2825564110060719e-06         3.3416758235939401e-07         7.6479902941015398e-05        -4.4171704615020445e-05        -3.7551418318588245e-05        -2.7377165880310795e-05        -3.4035484147902834e-05         1.0842675148923587e-05
59                                     5.5241720137155781e-07         2.6931185636894749e-06        -2.5360049541136464e-04         1.5324374742839452e-05         1.5796371853471578e-04        -3.5989466204360216e-05         1.7013121579880462e-05        -4.8152181890734336e-05
60                                     4.1556628664991910e-05         2.3798250835369407e-05        -3.4331797658743765e-05         2.7061420859464131e-06         1.2720459223778237e-04         4.2505920833627964e-05        -9.4043306158625613e-06        -9.3790594527493705e-05
61                                     2.2010968059423246e-05         2.0400926256538979e-05         2.4786773340329115e-05        -8.5130042736266233e-06        -1.2477777884902647e-05         5.5161895620596969e-05         3.5011232205484598e-05        -1.7141461948824710e-05
62                                    -5.3227710444631818e-06         3.8968755258994786e-07        -1.0223302100899193e-04        -2.1521683254939049e-05        -1.6354975064726985e-06        -4.0448791162018497e-06         1.7904879135754331e-05         5.1641561940101929e-06
63                                     9.2507326159317409e-06         2.6121519059119501e-06        -2.3232843078067320e-05        -1.6857906681997037e-05         4.7295465077476036e-05        -3.9785427092506437e-06         5.8394472772768712e-06         1.2816048820208769e-05
64                                     5.1118324444850063e-07         4.9084735673842286e-06         3.4193736419385449e-06         1.5495587911379247e-05         4.3075948249170215e-06         2.5623168045811162e-05         2.7794170888265166e-05        -7.7567699741424266e-07
65                                     4.4169458251648586e-06        -4.3300301688785521e-06        -3.5532853699389295e-05        -3.9078681822608255e-06         3.0976097774128471e-05        -7.6775834938508803e-06        -2.8525184685981517e-06         1.3217986760985252e-05
66                                    -6.2553109401311709e-05        -4.9818422010055241e-05         1.1044105700311064e-05         1.8529618382945854e-05         6.2611714650544215e-06         7.3911852305902359e-07        -3.2046972826078792e-05        -4.4697246501896812e-07
67                                     1.0927698381218770e-04         5.1150648404555603e-05         2.7329013853703160e-06        -3.5455301685777758e-05        -5.4996017464135037e-06         1.6739593753354438e-04         1.0090618728532538e-04         1.9271447875269544e-05
68                                     1.1086112921091093e-05         2.9513078992422954e-07        -1.3291906591200297e-06        -8.8618880482029894e-06         8.0735139302260013e-06         4.5041037578018338e-05         1.0399279704667325e-05         1.2987293674051985e-05
69                                    -4.7926098935236849e-05         4.0561439168177403e-05         8.7693814721758145e-05         8.3315405865982381e-05        -2.6818726332388020e-04        -1.7720475316692350e-05         1.4253148101466950e-06        -1.3995267367341181e-04
70                                    -2.0118863413047831e-05        -1.7408571828226378e-05         3.5484087151523751e-05        -5.5836594697871052e-06        -1.0771303974054132e-04         4.7910312243939763e-06        -7.3658451161995775e-06        -1.9637222104369376e-05
71                                     5.1895070577239952e-05        -1.6317937592408294e-05        -2.2873755443104482e-04        -1.5117616746970482e-04         9.7552809021590921e-05         7.1544828993576033e-05         5.0051135152727293e-05         3.1325222690095330e-05
72                                     7.4732841431647112e-05         2.0836503972717388e-05         4.7542590555457482e-06        -2.7067160257592980e-06         9.2938050343982113e-05        -7.4836001112700253e-04        -2.8202180222418913e-04         2.3658618534734349e-04
73                                     2.0429406630737522e-05        -1.5559982907914841e-06         5.9793804208378210e-06        -1.0457405599320580e-05         2.6214711963247136e-05        -1.3735663896949769e-04        -6.0152694984812703e-05         6.7440478985833193e-05
74                                    -2.3983525248163964e-05         7.4544657792247060e-06        -1.0291768255472596e-04        -1.8086212206285993e-05         1.4826970924727238e-05         2.1862340129335297e-04         1.1156415739588059e-04        -6.5537745527277668e-05
75                                    -8.2220781455888490e-04         7.9208968859173327e-05        -7.9734842070463847e-05        -3.3525510652926318e-05         6.0166376513802293e-05         1.4422510696462791e-04         1.6991742779483374e-04        -1.3314232007274125e-04
76                                     1.0769233516883187e-03         5.8157019822125192e-04        -1.1537992946656262e-04        -6.5322207809858984e-05        -1.5901964058008360e-05        -3.2989093116222827e-05         1.7218223293014728e-04        -8.1220580285300617e-05
77                                    -1.9787198993894924e-04         1.8870050820296808e-04        -8.4211645586062349e-05         4.5549214317741648e-05        -1.8500441435926945e-05         1.4011914081050043e-04        -1.7633454516327975e-05        -9.2820837115585911e-05
78                                     2.0816137952685320e-04        -6.5679098608770840e-05        -1.6887000838404492e-04        -3.8526486357648014e-04         5.4476243487347161e-04         1.2533279281116153e-04         7.8428281609862100e-05         2.8201543070952256e-04
79                                    -7.7341654626048983e-05         1.1009476412120807e-04        -2.1911727647010848e-04        -4.4601190173956459e-05         7.5331854653279320e-04         3.7932212656273097e-04         9.3770917431607427e-05         2.2540190396820614e-04
80                                     5.2325970484015834e-05        -2.1762650582114480e-04        -8.3423006315628059e-04        -3.7401429416192132e-04         7.0260146072882897e-04         9.5833649070326161e-05        -1.6260065138822867e-05         5.0316934509954652e-04
                                                        48                          49                          50                          51                          52                          53                          54                          55

0                                     -7.8947523009631265e-05         8.5738349201743393e-05         1.5722623655933105e-04         1.9269495204151429e-06        -1.2966313933406612e-05        -6.4580157621919702e-05         5.7862621713569186e-06         3.0115338270467022e-05
1                                     -1.8821403055246520e-04        -1.3622307144228697e-05        -9.4829696385628683e-05        -4.2863048085353217e-05         4.1626857366471991e-05         6.0182958055777711e-05        -7.7627686612804407e-05         4.0152900851833997e-05
2                                     -6.3161552254360949e-05        -2.4898553282092211e-05         5.4152137183946644e-04         9.2541992815985775e-05        -1.2190767222670115e-04        -8.4768691666270088e-06         1.2378517797485616e-05         1.2828008285710110e-06
3                                      1.8919707374007500e-03         3.4803412978602307e-04        -1.0030527996584045e-03        -1.3619469706589406e-04        -1.6706120681683788e-05        -1.3691180711558268e-04         1.2843581371291669e-04         2.1442317278287529e-04
4                                     -6.3267818336666280e-04         7.8567583955318002e-05         1.5743172563844818e-04         8.0302895897862276e-05        -1.6783903714759710e-04        -8.6830419391271257e-05        -6.3376513699322200e-05         3.0691414208481975e-04
5                                      1.2316305419357507e-03        -8.4238840784227049e-04         7.8645058532684359e-05         3.6209334082842491e-05        -5.4686287022939837e-05         5.6022260048829839e-04        -1.6840234389662884e-04         3.7097177158172245e-04
6                                     -9.1373475000613123e-04        -4.4302564451165032e-05         4.1145082169989980e-04         1.2701228097521128e-03        -1.4155709120750593e-03         6.6563935386919327e-04         1.4658236989440079e-03        -1.7833316384747407e-03
7                                     -4.5075713811153122e-03        -1.6315924253449679e-03         2.3174281837045670e-03         1.3050891015861611e-04         5.1176726645207372e-04        -3.8965092353479384e-04         1.4135796195241940e-03         3.7254866330045308e-04
8                                      3.0911253134151565e-02         7.5542981424170669e-03        -1.3539513505765250e-02        -1.5477186801162702e-03         5.5649906631487591e-04         1.8842544345298515e-04         5.2121444675803669e-04        -9.4632716553889884e-05
9                                     -4.7726395572959837e-02         2.4617824026059434e-03        -1.9514109357128107e-02        -3.2761334834113757e-03         3.2087339267334531e-03        -1.2719559386906963e-03         6.4592680600766674e-03        -9.4663530354939050e-03
10                                     2.4880862914731143e-03        -5.0653387926658439e-02         3.4835720870368923e-02         4.8171775690100853e-03        -7.1844795020276978e-03         1.8345883138876640e-03         1.6181346934730757e-02        -2.2583398104067041e-02
11                                    -1.9669122086808741e-02         3.4818248416978975e-02        -2.7570174531055336e-01        -2.1098143269264673e-02         2.6629623816541298e-02        -7.5091995592214411e-03         1.0141751370159399e-02        -1.2766342444357731e-02
12                                    -3.6115622030782474e-03         4.1208564764724301e-03        -6.9055605013129337e-04        -4.5898415344481344e-02         1.1176397095255105e-03        -1.3630380079017681e-02        -8.0295560189433665e-02        -7.6079631709612058e-02
13                                     4.6547900459781508e-03        -6.8496074438509106e-03         1.6693923507460611e-03         1.2461250288961809e-03        -5.6135102964322711e-02         4.3409505469533927e-02        -7.6443206482220805e-02        -2.1063527248363889e-01
14                                    -2.0441237559576868e-02         2.6753277247241015e-02        -5.9682789192419729e-03        -1.4131703084445859e-02         4.3467037385192232e-02        -2.8034413531237312e-01        -4.2986947797554832e-02        -9.1997232163808798e-02
15                                     1.0727236902851175e-03        -1.4208691453398265e-03         4.0795971790665302e-04        -7.2412661105239213e-04        -1.1273514359060911e-04         4.0166168418881779e-04        -1.1864829189628105e-02        -1.9689285284038285e-03
16                                    -2.7430595945990657e-04         8.1004082988881581e-04        -3.8487576257550081e-04        -6.3706711156885790e-03        -1.7078293641815236e-03         1.9024416291621767e-03        -2.5331600540940823e-02        -4.3907485698241166e-03
17                                    -1.3317443361543758e-03         2.6874056706629448e-04         1.2608639471296118e-04         3.2394567276339062e-02         5.4608650656269193e-03        -1.2968830597823335e-02        -1.5052359531267304e-02        -2.0255099659276486e-03
18                                    -1.9580278325678877e-04         4.6848936444880999e-05        -2.4223773395220388e-04         1.7369799254957539e-03         3.7107605946068336e-04        -9.3269263801727328e-04        -5.9866511824821032e-03        -1.0736001499383405e-03
19                                    -3.1441245116013301e-05        -7.9401847156406109e-05        -8.0731124542112229e-05         9.3255516963357092e-04         8.5960913858125834e-05        -4.8936284067299012e-04         4.1366127288285440e-04         1.3168917500250019e-03
20                                     5.4141235026346917e-05        -3.0292124446731471e-05         1.4870891871107510e-04         8.7835071805226366e-04         1.1093021304031470e-03         5.6758210711638397e-04         3.9369260703402929e-03         1.1283910526336087e-03
21                                     5.1979645273874070e-04         1.1749982507089679e-03         7.2652826238277929e-04        -1.4136608383012711e-04         2.2208965125578917e-05         1.4918520913217949e-04        -3.2765262122858241e-04         4.8208423439047516e-04
22                                     5.7771719123986308e-04         1.1522807371036983e-03         7.7258745308539985e-04        -1.7446231684000715e-05        -9.3362763490883842e-05         2.7703940480215856e-04         2.8664919831957207e-04         5.3696673666024013e-04
23                                    -1.0731544825871610e-03        -3.6549079330003807e-04         2.2483649006490268e-04         9.1170653665918061e-06        -1.4169296102955575e-04         9.3243845029399551e-05        -3.4836388590811333e-05        -1.0181383995082859e-04
24                                    -2.0837035111565200e-03        -3.8961485679740570e-03        -1.7569733918394032e-03         3.0015378473219854e-04        -1.8791215684007938e-04         2.3542403680083725e-04        -2.8929881444770106e-03         5.0221732901910158e-03
25                                     9.5818748165783134e-04         1.3613398978882495e-03         4.7937234126574704e-04        -1.3635997356545087e-03         1.5244816940968419e-03        -7.1854485115078613e-04         3.1092404981131845e-03        -2.8588384868318308e-03
26                                    -1.2564024983703423e-02        -2.9110089037666900e-02        -1.6093145454635464e-02         2.4069112848461522e-05         1.6376569970565948e-03         4.3993007389777489e-04        -6.9564909106357726e-04         2.2943541931334278e-03
27                                     4.8031375790059960e-06        -3.1138947078301768e-05        -1.5933232202084693e-05        -1.1858217033062238e-06        -6.7425639581340010e-06         3.6008206332276919e-06        -2.7764032093000892e-05         5.9400713836471847e-05
28                                    -2.3509417079101516e-05        -4.4593412623698554e-05         1.5560705042489201e-05         3.7882053259517823e-06        -3.6116982766526895e-06         2.5389171103484473e-06         9.8126590846380965e-07         1.7142627562268149e-05
29                                     1.2941153760861882e-05         1.4948708787963468e-05        -4.6703498607984697e-05        -1.4040804512008615e-05        -3.4368605036655549e-06        -1.3860071057976864e-05        -2.7090417278798767e-07         3.1791050267332595e-06
30                                     1.1237622154341517e-04         6.1060058447125857e-05        -3.0566601897440165e-04        -5.7057138959044493e-05         4.4508022770852086e-05        -2.1993804083930940e-05        -6.6865031148859307e-08         1.4268643009481767e-06
31                                     7.2794021603606146e-05        -5.1025444442233864e-05        -3.1551022486942751e-05        -5.0467998794368613e-07         1.2549742987687696e-05         1.3702245543890977e-05         3.7018801433406933e-06        -5.4193106419348066e-06
32                                    -2.6794212168047436e-04         1.3445551935422012e-06         1.2395589799296929e-04         2.8905760995738832e-05        -5.6909915414367742e-06         1.4166897797797395e-05        -7.1832121816910698e-06         4.7117839355259941e-06
33                                     2.3856697526632479e-05        -1.1322650627032744e-05         8.5026312867541969e-05         1.8988066662697283e-05        -1.5743769795202871e-05        -3.0305867121814458e-05         3.3025082642487149e-05        -3.8657543180733132e-06
34                                     4.6359757991144184e-05         1.4501213871195157e-05        -2.4798583659902448e-05         3.1417725419451723e-06        -1.2311936279707177e-05        -6.2715783510050756e-06         4.1966451528501272e-08         1.2541777713770581e-06
35                                    -1.2585488897593532e-04        -2.3305078375355760e-05        -2.3225634983015369e-06        -3.4111972748100995e-06         1.6853212700043067e-05         8.1265063678050099e-06        -9.8600357402308064e-06        -2.5248685876554187e-06
36                                    -3.8882672155024327e-04        -2.7519379012762302e-06         8.2896826869922652e-04         5.1339198462414489e-05        -1.2246649374882338e-04         2.6737834427039325e-04         7.6538021450782141e-06        -2.3255178326639879e-05
37                                     4.1287177837551247e-04         2.8255706742600370e-04        -6.3290313681487723e-04        -1.3980676002100682e-04         9.8604158421369752e-05        -1.6592616229460706e-04        -2.1788020290494344e-06        -6.7554133334106719e-05
38                                    -7.9572314449459199e-04        -7.3645550891720483e-05         6.6174192523694997e-04         2.3965400618002926e-04        -1.6904341036361311e-04         3.4926897576937482e-05         2.5439601529931698e-05        -1.8961863074790086e-05
39                                    -9.6025579975644133e-05         2.2698660058311209e-06         2.8702515175270740e-05         3.2390979402663266e-05         1.1986232778431991e-05         5.3740632330076359e-06         8.4243555793738737e-05        -2.4359552594411453e-04
40                                     8.2400079371486648e-05         4.5191631387515602e-06         2.3918402989753056e-05        -4.6765090656559913e-05        -2.0822504246837900e-05        -3.7134165488039370e-06        -3.7512292745562562e-05         2.7721725148196564e-04
41                                    -1.2946364309216211e-05        -6.7433621186602688e-05         3.7265428440795730e-05        -4.8646537230484716e-06         1.0442132092211077e-05        -8.3761383367526865e-06         1.6171684233830122e-05         5.6287505945712326e-05
42                                    -5.1812308935002705e-03        -1.2537571921617540e-03         2.2245280959632937e-03        -4.1375309201721719e-04         3.9651644954027726e-04        -6.5693554292530322e-04        -7.8359185590959823e-05         8.2473403647834675e-05
43                                    -1.2260635391837661e-03         6.2377449263689255e-05         8.5940056880023290e-04         2.8389142858950089e-04         3.1140220666732487e-04        -3.8331337572146624e-05        -4.9100082153616322e-05         8.0088601881686278e-06
44                                     2.6814322416258674e-03         5.5454708421459598e-04         2.8802982056105587e-04         7.1377897033575845e-04        -6.3263718450685339e-04         6.2418711509034178e-04         4.6445424285545493e-05         5.9375915065384977e-05
45                                     9.6074298453717195e-04         2.2399428180726582e-04         2.1413615633241768e-04        -7.9600142962204449e-05         9.6562089333729787e-05        -1.2424412524587891e-04        -4.9591964107489265e-04         1.1116472120202407e-03
46                                    -3.5325178123006258e-07        -3.6089984011147738e-05         3.2540938568374582e-04        -1.3106530968494100e-04        -1.0568590713062637e-05         8.8259635797480022e-05        -1.7525057928198095e-04         8.0229344988032390e-04
47                                    -5.5731198333902653e-04         2.2789554105806387e-04         4.2795934342965613e-04        -6.8708645676954550e-05        -2.0188066130001473e-04        -1.4145712574520223e-04        -1.8644940639804281e-04        -6.7798417543293767e-05
48                                     5.7409352581212818e-02        -2.8998860023185429e-03         2.0784665649872504e-02        -2.2458725745716150e-03         3.3234698613926377e-03        -6.7171415782960953e-04         6.6272139239336358e-04        -3.8114428092922230e-04
49                                    -2.8998860023185429e-03         6.1808180436192038e-02        -3.8155753963359448e-02         3.5654487651765911e-03        -3.6909125635533665e-03         1.1480681323024285e-03        -6.7395111617598235e-04         5.7299695051786373e-04
50                                     2.0784665649872504e-02        -3.8155753963359448e-02         3.0483373645157841e-01        -2.7862767007963505e-04         8.7108456412469341e-04         1.1043783442023008e-03        -8.5774734771100133e-06         4.9514604503678866e-04
51                                    -2.2458725745716150e-03         3.5654487651765911e-03        -2.7862767007963505e-04         5.5183074064627378e-02        -4.5750785620053830e-03         1.2653101150440174e-02        -1.1856521400045550e-03         2.8126523171741889e-03
52                                     3.3234698613926377e-03        -3.6909125635533665e-03         8.7108456412469341e-04        -4.5750785620053830e-03         6.0322845510494487e-02        -5.1086456781075235e-02        -1.0238458076362281e-03         5.1697492469963899e-03
53                                    -6.7171415782960953e-04         1.1480681323024285e-03         1.1043783442023008e-03         1.2653101150440174e-02        -5.1086456781075235e-02         3.0787856644356260e-01        -4.1648155736439749e-04         3.2147255233142893e-03
54                                     6.6272139239336358e-04        -6.7395111617598235e-04        -8.5774734771100133e-06        -1.1856521400045550e-03        -1.0238458076362281e-03        -4.1648155736439749e-04         9.2603065379538330e-02         8.2408746638254093e-02
55                                    -3.8114428092922230e-04         5.7299695051786373e-04         4.9514604503678866e-04         2.8126523171741889e-03         5.1697492469963899e-03         3.2147255233142893e-03         8.2408746638254093e-02         2.3220527337139299e-01
56                                     5.2345251542009526e-04         4.8235139833869786e-05         4.7850449530688430e-04        -1.1505998172864292e-02        -2.5458040478062813e-02        -1.3262352869127563e-02         4.5358896464850251e-02         1.0001113803157619e-01
57                                    -3.6914269299627108e-04         4.3549290977872181e-04        -6.9413781412517792e-04        -5.7257305485313307e-03        -9.2174524750870566e-04         2.5265258717732039e-03         1.1742122231417193e-03        -5.1507473895210298e-06
58                                     4.1814370392736599e-05         3.2476070044386827e-04        -1.3331235959937069e-04        -1.7476108136750036e-03         6.2131311831621812e-04         3.0024364333846947e-04         1.0406766217169010e-04        -3.6390604484722120e-05
59                                     6.2848411230511194e-04        -6.9725246252544794e-04         5.1458759634363804e-04         2.4256543407892277e-03         5.1033493604116394e-04         5.9060598873605084e-04         3.1046675950074151e-04         2.8600979865905408e-04
60                                     2.8655399309250308e-04        -3.6527494463174312e-04        -2.7885751577572376e-05         1.1263613211721674e-03         7.2247401508255247e-05         4.0081117821689875e-04         5.9520900711724015e-04        -2.6300000480144418e-04
61                                    -1.8553239443173768e-05        -3.7259836525324586e-05        -3.3728166682183043e-05         4.3712636506265922e-04         2.8059435580252319e-04        -3.8333844554506134e-04         4.9342480355819276e-04         6.1773373704222118e-04
62                                     3.0139664211634317e-04        -2.8021673688410887e-04         3.7761754396924596e-04        -3.0042388007307731e-04        -5.2038245774930873e-04         3.5332058874732938e-04        -6.8515264196369050e-04         1.6438435960204178e-04
63                                     1.3552887657040306e-04         1.3562533793770707e-05         2.0904743355069306e-04        -1.6616740984752234e-04        -3.3265885587614730e-04         3.3786308581926011e-04         1.6491574132760782e-04        -1.9060947364619150e-05
64                                     1.3432140007423891e-05        -1.8608809079860691e-04        -1.6238755052818462e-06        -2.8818493963183868e-04        -4.3569776429139002e-05         7.1745165295180506e-04         4.2909409672697618e-04         6.7423072677309098e-06
65                                     2.1007337631197124e-04        -4.6766797440053395e-06        -1.3436133971490502e-06        -8.7056246499305802e-04        -2.0622773145709462e-04         6.4394842235877825e-04         1.4990198921620160e-04        -8.0721616102267038e-05
66                                    -7.0262574964160442e-05        -1.3528575678415375e-05        -7.9211850787373750e-05         1.2767095847123638e-04         1.7821006024666772e-05         2.2521633783537109e-05        -8.0828833100641444e-04        -2.5312755266825200e-05
67                                    -3.1518146135512198e-05         9.7422607577043801e-05         1.1108527054182974e-05         4.7526851557421829e-04         7.4156330041796355e-05        -1.3540812603593630e-04        -2.0350899317555611e-03        -2.7952742116286902e-04
68                                     5.0902637672864471e-05         2.5922025885529018e-05        -1.1017167555925616e-05        -2.8851077403071606e-04        -1.9896509028681405e-04         3.6726163346662878e-04        -6.3658647965207226e-04        -2.9957980096420134e-04
69                                    -2.1578092735944927e-04        -3.0437312203069548e-04        -8.0479106281932311e-04        -1.5946309413726159e-04         9.8033893279823837e-05        -5.1557753303964273e-05         9.2125294756269038e-05        -4.7479740611380611e-05
70                                    -3.2647298890417270e-04        -6.3782103867071594e-05        -2.4256423773562537e-04         1.0184614743583175e-04         1.4076823250690337e-04        -1.7439949218282596e-04        -6.5418993563451703e-05        -4.7032320057031896e-05
71                                     3.4723004776274891e-04         6.6426807817558317e-04         7.1557067608128688e-04        -7.0409876065421389e-05        -1.6649847687212008e-04        -2.5924100548999768e-05         1.9576111646111942e-05         8.8014066108901313e-05
72                                     1.5466117904706255e-04         4.0719754372269034e-04         7.9733453743337842e-05         8.1853719229141851e-05        -7.4591411405354111e-05         1.4859975408361599e-05         1.3919621407738100e-04        -1.0230757503730862e-04
73                                    -8.1922861521416333e-06        -9.3164222489351342e-07        -1.0470391021223657e-04        -5.4959916451371971e-05        -3.7702582433915631e-05         8.2843002040059073e-05        -8.2836664386780161e-05         4.1490028104114885e-05
74                                     2.3389218861929724e-04         2.2671340691049805e-04         4.4348893906826729e-04        -3.5397751183166939e-05        -6.1906794957930673e-05        -2.6477039692161895e-05        -1.3461509176642674e-06         3.7008051797333616e-08
75                                     4.4457783984449650e-04         6.2758390922401067e-04         2.8480235318520050e-04        -9.4911471923416618e-05         7.1422673980352399e-05        -6.3581634717180778e-06         4.5452786799449869e-04        -8.3783342363923314e-04
76                                     9.1858747437677181e-05         9.5846682674379814e-04        -3.0172837638093794e-04        -2.5243275214990797e-04         3.4131562057970592e-04        -8.8488005394113389e-06         1.3398284657759620e-03        -1.6185697295817737e-03
77                                     5.6357731363073651e-04         3.2179522680626186e-04         4.1626483668383068e-04         1.6870684084010649e-04        -4.0003888631145031e-04         3.2563961772166317e-04         3.7161402030532967e-04        -7.0030080454557410e-04
78                                    -5.0237747538666236e-04        -2.6627265843296504e-03        -1.0038436088676364e-03         3.7476787697043358e-04        -3.7575385274445951e-05         3.2545216289922747e-04        -1.0647787378222046e-04         1.1835934788125325e-04
79                                    -2.2087148778615149e-03        -4.1897164358090273e-03        -2.6077849330463304e-03         1.4526831777420473e-04        -4.2902197148483910e-04         6.3478335602827835e-04        -1.4302034655745265e-04         2.2937496249658771e-04
80                                    -9.7830659081670195e-04        -2.9555312379216164e-03        -1.7882949950095398e-04         5.6057737655820349e-04        -8.3949728979952165e-04         5.1455715748008335e-04        -2.9265791325073284e-05        -2.8381285543310417e-05
                                                        56                          57                          58                          59                          60                          61                          62                          63

0                                      1.5929904516677300e-05         1.8178803124744539e-05         1.9627872850325146e-06         1.8110433250995844e-06        -1.3861780538587058e-04        -2.8409850087579396e-05         3.6254214424295047e-05        -5.8567724889049485e-06
1                                     -4.3892072646117006e-05        -1.7433758387098530e-05         1.6524068746168175e-05        -1.1751547796737174e-05         3.0651530343218957e-04         4.2156722639763791e-05        -7.1853395918949675e-05         1.7554050495293847e-06
2                                     -1.3489167558275515e-05         1.0795390278362600e-05         2.1678963482669534e-07         8.0022759598855943e-06        -9.6064024338833338e-05        -8.7558670717894152e-07         2.7348452168061087e-05         8.1946074587386280e-06
3                                      2.4824152312239280e-04         4.3520806614382021e-05        -8.8121309454731295e-06         4.7996388763188545e-05        -5.4012369591809615e-04        -1.2468990198330563e-04         2.1369928546906080e-04        -5.8963757754746399e-06
4                                      2.2206334538524448e-04         4.9498195130123573e-05        -2.8689428029688227e-05        -2.7870370858688528e-05        -5.0316938433727330e-04        -7.2604861704491166e-05         9.8308869492898980e-05        -1.1173080714262174e-05
5                                      4.4335480187780545e-05        -1.8034090017659762e-04        -4.2097849818406780e-05         1.2477756789040610e-05         4.3043288447193050e-04         2.3206803967020569e-05        -1.5404746793856370e-04        -1.1752690602174201e-05
6                                      1.2599614830570102e-05        -1.2572483660962513e-04         7.7710846688403457e-05         1.4979916594128929e-04        -6.3157791035274623e-04        -3.1734228592118037e-04         3.3317345195635356e-04        -5.6049015863202209e-05
7                                     -3.4822997544822765e-04        -2.3658182186533472e-04         8.0717898305775800e-06        -5.5708419795328507e-05         2.1653009157162626e-03         3.3370149778598219e-04        -4.9989324056913271e-04        -2.3624975027060680e-05
8                                     -1.6886590717968665e-04        -6.2127830855534475e-06        -9.4627548730548319e-05         4.4771048005424509e-04        -5.0101646063892844e-04         2.4865116910930372e-05         5.6044107226094642e-04        -3.3696074552459079e-05
9                                      1.6479810419091964e-03         1.9829808218411941e-03         3.6570096219450305e-04        -9.3738762030324760e-04        -4.8587179284621685e-03        -1.5193981403806775e-03         1.6438486055587603e-03        -1.8237638162881919e-04
10                                     5.7358599108597308e-03        -8.1524790106603110e-04         1.2880714616975988e-04         2.2988813043648538e-04        -3.9952614732023453e-03         5.2053883667109620e-04         1.2489178661652201e-03        -3.0566705636443962e-05
11                                     1.4581799169900026e-03         9.7823213489756696e-04        -8.2322917769028304e-04        -3.0219732796113452e-05         3.3828665526749627e-03         4.8034615264317369e-04        -7.0594738713575494e-04         7.3780416532993334e-05
12                                    -4.2987741074942708e-02        -9.6319027788699906e-04        -1.0450074873069115e-04         4.5303150485352661e-04        -1.8883553073008905e-02        -4.8627308585806779e-03         8.1918246891895044e-03         5.6749125532808012e-04
13                                    -9.2864077922233973e-02        -4.5303165721770353e-03        -1.8435861249770282e-03         2.2818130250790688e-03         2.4770823681805700e-02         6.1648311242386662e-03        -1.0283706239877882e-02         7.4191060849018503e-04
14                                    -9.9442531211342000e-02         3.2463953342680374e-02         7.4974862523693349e-03        -1.2520276545310368e-02        -6.6206926695361844e-03        -1.5461685319997274e-03         1.0350854052549631e-03        -1.2238916122334739e-03
15                                     5.3118679090801970e-03        -4.6922481389864851e-02         3.3934155857536837e-03        -1.0616352256621451e-02        -1.3542207626235814e-01         1.1835644744574858e-01        -2.9192135406600907e-02        -2.2130119379838581e-03
16                                     1.1331943826487655e-02         3.3860202661165264e-03        -5.1787204567539977e-02         3.1133175846530838e-02         1.1838982419023164e-01        -2.0120400143312914e-01         3.8525944109522578e-02         1.2298887261677025e-03
17                                     4.7277647404486518e-03        -1.0900295460522322e-02         3.1536003637869618e-02        -2.8798338611656155e-01        -2.8555964490377506e-02         3.7630765270511096e-02        -5.6873838822237260e-02        -1.2308259224123397e-02
18                                     2.0315300775175004e-03        -1.7843530611704574e-03        -1.8945082775792606e-03        -1.7274083724949354e-03         8.5745999354410064e-03         1.6673271672831128e-02         9.3068547940016108e-03        -5.1772277378918395e-02
19                                     1.2680379056142837e-04         1.1097388553046412e-03         1.5704998968533107e-03         1.0286768101138224e-03        -1.1336921519270153e-02        -2.1392704148239294e-02        -1.2328343525491326e-02         3.1087521424309336e-03
20                                    -5.8619655496729020e-04        -1.4596008511262240e-02        -2.9066318536311898e-02        -1.5445747690746050e-02         3.1397343789448620e-03         6.0924226852256853e-03         1.4998872651429775e-03        -2.4172781836756977e-02
21                                     8.5734943898152635e-05         5.6838020076523696e-05        -2.5954033858449339e-04         1.1505900115233629e-04        -7.7054908187024109e-04        -4.3731561634182533e-03        -1.7020916151274294e-03        -3.4945489925198203e-03
22                                    -5.9256098364496605e-05         7.3191909270655135e-04         1.9034523180850201e-03         1.1455287358761064e-03        -2.3632371107339678e-03        -3.7716422767172138e-03        -1.8907522884861441e-03         4.1161255244181010e-03
23                                     5.4462479627887667e-05         7.7420529437957934e-04        -1.0225484261977608e-03         3.6294471304674017e-04        -1.4155565178355489e-03        -3.6381958437687713e-03        -1.0272731785631003e-03        -2.0298078335222017e-02
24                                    -3.8918154299631496e-04        -8.4678992838117416e-05        -6.9401080601588956e-06         1.7654179318333380e-04        -5.2129089488455534e-05        -6.0440087611513980e-04        -1.6154083753574448e-04         1.1488542214266079e-03
25                                     4.2127153135287920e-04        -7.5315247835279053e-06        -1.1116625879611475e-04        -2.9007805296545151e-04        -6.2652391222449075e-04         2.6267614987320119e-04         1.0503106404800172e-04        -3.5698827359623869e-04
26                                     4.6131286043008674e-04        -1.8021825522033554e-05         6.4954939484401179e-05         6.4475238041700536e-05        -1.3039157887008435e-04         1.8452067149456186e-04         1.7072555101651805e-04        -1.4614800311790353e-03
27                                     2.2977921311310642e-05         7.0721595044434017e-07        -1.6701841128330820e-06         2.0211900548766214e-06         1.1747802234885504e-05         9.9980550957649676e-06        -2.9389101642942651e-06         2.7536029516912530e-06
28                                     2.2277913704249648e-06        -3.9888007409669309e-07        -6.2075629245826429e-06         8.3322294974247542e-06        -2.2344549425164098e-05         9.3367992860236317e-06         3.0666214858155296e-06         6.6194743902526042e-06
29                                     2.0214423236635578e-05         5.4753342773327404e-06         1.5969811117081279e-06        -3.8420556556855671e-06        -9.7476650780227653e-06        -1.5956993545177250e-06         1.9087336614484430e-06        -9.3640203216212444e-08
30                                     6.1080466997197577e-06         3.9735400287369272e-06         1.0200809403251993e-06        -4.0956151342398038e-06         1.5940109514660015e-05         4.0802710161439630e-06         7.5957204675304609e-07        -2.5630995830144541e-06
31                                    -8.2096776075415447e-06        -3.4310166673207505e-06        -5.9224470996483217e-06         1.9914535253076019e-06        -8.7478028801975770e-06         2.0466153627707361e-06        -9.2106092434616170e-07         4.1399495477938878e-07
32                                    -1.4665115130518911e-05        -4.3275377559139506e-06         1.1772523724881342e-06         3.6065059711844032e-06         1.5000568829421322e-05        -5.9285650067979548e-06        -5.1168447020453946e-06        -2.7169846043370734e-07
33                                     1.5427096060037677e-05         6.8838878419456417e-06        -1.4613759565356213e-05         1.3714218310446717e-05        -1.5130198074282805e-04        -9.6830160878464636e-06         3.1542240730915146e-05         1.0100447408237067e-05
34                                     1.6948118220749299e-05         3.1618240803487252e-06         4.7979979785357091e-06        -3.9746142972084918e-06        -1.7245173225314669e-05        -8.7736632893122609e-06         8.6316354398490065e-06        -4.5822243561646189e-06
35                                    -1.4642185990429587e-06         7.4330331801298894e-07        -5.5539481656909735e-08        -4.4018513808561288e-06         2.6670024599187068e-05         3.8740571257448462e-06        -1.0783407427630230e-05         1.0461467913254665e-06
36                                    -2.7137180577800307e-05        -5.8590862395358135e-05        -9.2848290008136622e-06         3.5001218503507577e-05         2.6309101561379791e-05        -3.2869867621817259e-07        -9.3358404619263980e-06         9.5645694014222376e-06
37                                     2.4278000924530662e-05         4.7051599464281621e-05         1.2753604182686335e-05        -2.3106165456911144e-05        -1.7766630274232008e-05        -8.6625396115412069e-06         1.7100839841671341e-05        -6.0801048837387801e-06
38                                    -5.4725574879414297e-05        -2.6648248501387212e-05         8.3206113898294173e-06         1.3404968761546524e-05        -2.2699903085377469e-05        -2.2260692552735287e-06         4.0289418228334770e-06         1.0841959319922687e-05
39                                    -6.9169492249133817e-05        -2.9175786717912432e-06         3.1084090378487696e-06         6.2402878693188987e-07         2.2802051956525822e-06        -4.4724408798300875e-06        -7.6087217982081297e-06        -2.1477642695487349e-06
40                                     1.0394601692216955e-04         8.6483784555054215e-06         2.2825564110060719e-06         5.5241720137155781e-07         4.1556628664991910e-05         2.2010968059423246e-05        -5.3227710444631818e-06         9.2507326159317409e-06
41                                    -2.0631320158598972e-05         2.9537450931318705e-06         3.3416758235939401e-07         2.6931185636894749e-06         2.3798250835369407e-05         2.0400926256538979e-05         3.8968755258994786e-07         2.6121519059119501e-06
42                                    -6.0581634906241820e-05         7.5815231515906643e-05         7.6479902941015398e-05        -2.5360049541136464e-04        -3.4331797658743765e-05         2.4786773340329115e-05        -1.0223302100899193e-04        -2.3232843078067320e-05
43                                    -1.4036373852904587e-04         4.4142288926083916e-05        -4.4171704615020445e-05         1.5324374742839452e-05         2.7061420859464131e-06        -8.5130042736266233e-06        -2.1521683254939049e-05        -1.6857906681997037e-05
44                                    -5.2995258671567798e-05        -2.9972528115820331e-04        -3.7551418318588245e-05         1.5796371853471578e-04         1.2720459223778237e-04        -1.2477777884902647e-05        -1.6354975064726985e-06         4.7295465077476036e-05
45                                     5.1553025879226143e-04         3.3860176542937690e-05        -2.7377165880310795e-05        -3.5989466204360216e-05         4.2505920833627964e-05         5.5161895620596969e-05        -4.0448791162018497e-06        -3.9785427092506437e-06
46                                    -7.0948443895394765e-05        -2.9712055127682682e-05        -3.4035484147902834e-05         1.7013121579880462e-05        -9.4043306158625613e-06         3.5011232205484598e-05         1.7904879135754331e-05         5.8394472772768712e-06
47                                     2.1423667030967498e-04         4.9408625062310151e-05         1.0842675148923587e-05        -4.8152181890734336e-05        -9.3790594527493705e-05        -1.7141461948824710e-05         5.1641561940101929e-06         1.2816048820208769e-05
48                                     5.2345251542009526e-04        -3.6914269299627108e-04         4.1814370392736599e-05         6.2848411230511194e-04         2.8655399309250308e-04        -1.8553239443173768e-05         3.0139664211634317e-04         1.3552887657040306e-04
49                                     4.8235139833869786e-05         4.3549290977872181e-04         3.2476070044386827e-04        -6.9725246252544794e-04        -3.6527494463174312e-04        -3.7259836525324586e-05        -2.8021673688410887e-04         1.3562533793770707e-05
50                                     4.7850449530688430e-04        -6.9413781412517792e-04        -1.3331235959937069e-04         5.1458759634363804e-04        -2.7885751577572376e-05        -3.3728166682183043e-05         3.7761754396924596e-04         2.0904743355069306e-04
51                                    -1.1505998172864292e-02        -5.7257305485313307e-03        -1.7476108136750036e-03         2.4256543407892277e-03         1.1263613211721674e-03         4.3712636506265922e-04        -3.0042388007307731e-04        -1.6616740984752234e-04
52                                    -2.5458040478062813e-02        -9.2174524750870566e-04         6.2131311831621812e-04         5.1033493604116394e-04         7.2247401508255247e-05         2.8059435580252319e-04        -5.2038245774930873e-04        -3.3265885587614730e-04
53                                    -1.3262352869127563e-02         2.5265258717732039e-03         3.0024364333846947e-04         5.9060598873605084e-04         4.0081117821689875e-04        -3.8333844554506134e-04         3.5332058874732938e-04         3.3786308581926011e-04
54                                     4.5358896464850251e-02         1.1742122231417193e-03         1.0406766217169010e-04         3.1046675950074151e-04         5.9520900711724015e-04         4.9342480355819276e-04        -6.8515264196369050e-04         1.6491574132760782e-04
55                                     1.0001113803157619e-01        -5.1507473895210298e-06        -3.6390604484722120e-05         2.8600979865905408e-04        -2.6300000480144418e-04         6.1773373704222118e-04         1.6438435960204178e-04        -1.9060947364619150e-05
56                                     1.0354733601165300e-01        -5.1286887431046310e-04         2.6409180343024263e-04         5.8515374067217261e-04        -7.5900586663279167e-04        -2.5363191698227986e-04         2.9330859673205227e-04         2.6256115134008453e-04
57                                    -5.1286887431046310e-04         5.3624859513999194e-02         1.5483840250274817e-03         1.0411094379345107e-02        -1.0280836461420170e-03         1.6859200919334331e-03        -1.8919684608741272e-02        -2.4765550465944189e-04
58                                     2.6409180343024263e-04         1.5483840250274817e-03         5.5863352661119511e-02        -3.2147890298096699e-02         3.0335045239719954e-04        -2.9727079860263524e-03         2.4745069426127489e-02        -2.0339943806338074e-03
59                                     5.8515374067217261e-04         1.0411094379345107e-02        -3.2147890298096699e-02         3.1672576634805294e-01         1.9949489371607482e-05         2.7293467883379371e-04        -5.2262542464096371e-03        -1.2499767736481970e-03
60                                    -7.5900586663279167e-04        -1.0280836461420170e-03         3.0335045239719954e-04         1.9949489371607482e-05         1.5027964238172170e-01        -1.2707417653062697e-01         2.9923561886413524e-02         3.8694160017802145e-04
61                                    -2.5363191698227986e-04         1.6859200919334331e-03        -2.9727079860263524e-03         2.7293467883379371e-04        -1.2707417653062697e-01         2.2082037864413531e-01        -3.9073544983829443e-02         2.4061888208479253e-04
62                                     2.9330859673205227e-04        -1.8919684608741272e-02         2.4745069426127489e-02        -5.2262542464096371e-03         2.9923561886413524e-02        -3.9073544983829443e-02         5.8205135004312632e-02         5.7793564530003131e-04
63                                     2.6256115134008453e-04        -2.4765550465944189e-04        -2.0339943806338074e-03        -1.2499767736481970e-03         3.8694160017802145e-04         2.4061888208479253e-04         5.7793564530003131e-04         5.3412869171453117e-02
64                                     2.4815296551621935e-04        -2.9003934215959606e-03        -4.4939014730898440e-03        -2.7400169454016845e-03         5.9912302544911332e-04         9.7109577096647409e-04         2.5279162676835514e-04        -5.3532015656553864e-03
65                                     4.0409615082522259e-04        -1.1427196314395460e-03        -2.8958976598760381e-03         1.9807385580333315e-04         2.8854402351257118e-04        -4.0852345378994057e-04         4.2668283371117589e-04         3.0231139780844928e-02
66                                     3.5162659996614432e-04         8.7092747282114212e-05         2.6239225563372325e-04        -3.9088898043848457e-04         5.9418443756080030e-04        -3.0798565771029268e-04         2.1488878629611838e-05         3.7161703925520650e-03
67                                     3.5299046861636698e-04         4.2600860482777041e-04         1.0808643778728068e-03        -1.4979440546540167e-04         4.3585603406634771e-04         4.7056654445451832e-04         7.5814878400336184e-04        -4.1676430066348424e-03
68                                     5.1699383944042872e-04        -1.4202783798330251e-04         5.8538673885228103e-04         6.0521139488571791e-04         4.8474339314595041e-04         6.6962644181468292e-04         3.5737718727812679e-04         2.8365237521233225e-02
69                                    -3.2679010255925290e-05         3.8267739992152943e-04         1.7460173817181084e-04         5.5360054355580086e-04        -1.1551283120174311e-04        -2.9166224533423696e-04         1.4397809030706967e-04        -2.0264287075854931e-03
70                                    -6.0177233213633995e-05        -9.3627391773372847e-05        -4.0009607062088334e-04        -8.3546856723171442e-04         9.9390226615246352e-05         3.7103700037991621e-04        -3.8023586643018891e-04         3.3607626931615418e-03
71                                    -3.9096899156544976e-05         2.9782659520863802e-04         6.3943722055785288e-04         4.7296509738059024e-04         5.8055166983241036e-06        -2.5188082725065286e-05         3.2886584976895292e-04        -8.4797885307577635e-04
72                                    -5.5148532186997576e-05        -1.2593473544737907e-04        -2.1516168591344937e-04        -4.9503231585449822e-05         5.4233094155794136e-04         1.3902131421006934e-03         3.8883633453842137e-04         6.7232063085864106e-04
73                                    -1.1454109344821327e-05         1.2343693817665094e-04         2.5094969545394323e-04        -8.6639029440562301e-06        -8.1030264199678402e-04        -1.5510805485216468e-03        -7.0048530881637778e-04        -4.9852257915534320e-04
74                                    -5.4898283090466056e-05         1.0161314821610133e-04         3.8358945676340806e-04         4.5489524017672343e-04        -8.5994706538442163e-05         4.1660103443131886e-05         4.3971095039406402e-04         4.8019552580688869e-04
75                                    -1.0232006868976106e-04         4.9022056355521506e-05         7.5359315879959554e-05         6.2419153187086903e-05         1.0012391756263430e-04         8.6104627297268858e-05         5.0176834392872153e-06         2.8661757595199386e-04
76                                     3.8013485808398653e-06         8.9799554768490585e-05         9.5810957119097945e-06        -7.1956951105209103e-05         1.3773350005554484e-04         8.8079309739072086e-05         4.0655240663902553e-05        -2.0235300679668974e-05
77                                     4.4731209270186057e-04        -3.4771281607439932e-05         5.2593415508929106e-05        -4.8733100846172581e-05        -2.2366325803202351e-05         3.9349994983353892e-05        -4.7270583503934786e-05         3.3238077706639854e-04
78                                     9.9952726240580797e-05        -1.0213831702326591e-04        -1.1534657203981739e-04        -1.4888480702252748e-04         4.1844427845756844e-05         8.7499108049315911e-05        -2.2927079505982384e-05        -3.1193735849707250e-04
79                                     4.1032040315004263e-04        -1.1765968607486770e-04        -3.3931314823546746e-05         1.5332435191856768e-04         8.1285277723900469e-05         1.6154989395566338e-05         5.7985118651716688e-05         4.6974201094628391e-05
80                                     4.5870088129862548e-04        -1.3821728040322434e-04         1.5081659648391479e-04         9.0475483823248409e-05         6.1999242863782986e-05        -6.8169199401793557e-05        -3.4830384563537499e-05         6.2053726053270619e-04
                                                        64                          65                          66                          67                          68                          69                          70                          71

0                                     -2.6874837034174042e-06        -5.2004271293582677e-06         9.7999592332661742e-06        -2.7874474819895205e-05        -1.2438763425906725e-06        -2.4430979419965033e-06         8.2065063473298104e-06         6.3410871046359896e-06
1                                      2.1011060680650967e-06         1.6279289503750953e-05        -1.0354768814954370e-05         8.4077586759304855e-05         5.0786312063774708e-08        -7.8509707645823006e-06        -2.7997683156417622e-05         8.5518963080246334e-06
2                                     -6.0870946908428924e-06        -7.5266356578669417e-06        -4.1454233041267503e-05         2.3406520566232115e-05        -3.1216186130274748e-06        -2.4792347381563174e-05         3.5002782264835497e-06         3.7041600452080662e-05
3                                     -1.7427840103695575e-05        -1.9671040768015451e-05        -2.1868754898162835e-05         1.2205541289073238e-05        -7.5274696160164412e-06         3.1601466284080491e-05        -9.9241212603848393e-06        -1.3330800445472690e-05
4                                      2.2867102818819197e-06        -2.8480045767294467e-05         5.8531241457744111e-05        -5.6237465047420058e-05         2.3312212413749509e-05         3.5523722341211563e-05         4.8551190909014701e-05        -3.8041538309312867e-05
5                                      2.9600441409992936e-05         1.2959159937029219e-05         1.0191177154266016e-04        -5.1314881485724695e-06         8.5157694738253239e-06         3.3889202456737302e-05         1.3989307035616283e-05        -9.1491763831913486e-05
6                                     -2.6715894494301130e-05        -4.3607863356424957e-05         4.7004453768418903e-05        -8.8036759348882596e-05        -4.9527544934982936e-05        -1.7398913680903398e-04        -1.4239197354734844e-04         1.0580767757815751e-04
7                                      7.7592209748484232e-05         2.1385521136304750e-05         2.1122762361153527e-05         2.4026578302465545e-04         5.6397084625292582e-05         1.5482306379490610e-04        -1.5636129936496971e-05        -5.0921388078037366e-05
8                                      9.1063175779253734e-06        -3.8304911516632428e-05        -3.5098271135852385e-05         1.0184794551136578e-05        -2.5911798258110644e-05         3.1552318951056767e-06        -7.7692647487293681e-05         4.3908139681825449e-04
9                                      4.3448771604476230e-05        -2.6998110134259998e-04         7.4366728844349993e-04         1.4143843011016409e-04         1.1886021663644569e-04         1.7023297216679494e-03         4.1886755913716784e-04        -8.6178113105166718e-04
10                                    -1.0665052727563463e-04        -6.8599967100558840e-05         2.0770651995786864e-04        -7.4128310156367449e-04        -1.0056311537109735e-04         9.9405085139981785e-04         1.7622704281622771e-04        -5.0893148260870019e-04
11                                    -2.4735672302870181e-05         1.0835673491513959e-04         1.3312522071487823e-04        -1.3902787545010337e-04         4.6972489289340107e-05         1.0531825954577148e-03         1.1277690750135820e-03         1.8991282483132865e-04
12                                     1.2494552162718633e-03         7.5879624801317679e-04         7.8126679516487760e-04        -9.8402892834395690e-04        -5.7126848610184258e-04        -1.1608453098249942e-04        -1.9794720525753489e-05         1.2231256663437231e-04
13                                     1.2394291464583570e-03         8.4092381007909098e-04        -2.5368423469741656e-03        -5.0863860257146769e-03        -2.3592862383134197e-03         2.9392228317146486e-06        -1.4990697645188137e-04         2.5168406557667718e-04
14                                    -4.5097771330493918e-04         4.9606223806965624e-04        -2.0918399685135409e-03        -3.8795201488278338e-03        -1.1079682466303765e-03         4.2532472096496301e-06        -1.2554806322015140e-04         1.0734779026555334e-04
15                                    -3.7298253333472187e-03        -1.4116363138893563e-03        -1.0599891177057494e-02        -2.5689350777728104e-02        -1.4774572633580691e-02         3.6841016307150541e-04        -2.6395714859578259e-04         3.5122925949830457e-04
16                                     2.3167553448990878e-03         9.2740973476565167e-04        -2.0195832921553920e-03        -5.5030141119438436e-03        -3.1315831713160935e-03        -1.2886378263478990e-03         1.4627762220899418e-03        -6.1060173817115192e-04
17                                    -2.9688837301634047e-02        -1.5798558319089957e-02         4.6037923399110149e-03         1.2114747305610194e-02         4.7964702282784957e-03         4.1972024148549734e-05         1.6088526209810561e-03         5.0036491490371149e-04
18                                     3.2214797699033899e-03        -2.4733341556167084e-02        -2.5287957194639327e-01        -4.4755561449793924e-02         8.9207234857424933e-02        -2.8181846984361297e-03         2.5966996157963168e-03        -1.1605327552332515e-03
19                                    -5.0716655314668894e-02         3.6844525848034264e-02        -4.4563809071293523e-02        -5.5306640008052195e-02         1.9618405704451957e-02         5.2710400595440427e-03        -7.0819783011099972e-03         1.1238908971747223e-03
20                                     3.6915740874969211e-02        -2.8415533988826125e-01         8.7877272419408195e-02         1.9357840427275268e-02        -8.5812583665124315e-02        -2.2013357595044358e-02         2.6515858943185110e-02        -5.8794929155649277e-03
21                                     3.7878631345845820e-03        -3.7717705432578977e-04        -1.7825203086198678e-02         2.5144325235247324e-02        -6.1752390970999400e-03        -4.6112472963956500e-02         9.9955983245259808e-04        -1.2821315917372077e-02
22                                    -6.4524792908633461e-03         1.6434779197952703e-03        -4.2055547401638471e-03         5.5528552908641147e-03        -8.4565149464590420e-04         1.1645790704713044e-03        -5.7245979472684692e-02         4.5318481659437936e-02
23                                     2.7934852807023562e-02        -5.6268059274827142e-03         7.8921075988400910e-03        -1.1213856450645878e-02         9.1691196967039635e-04        -1.2925971002576312e-02         4.4777955849406144e-02        -2.8308443549001289e-01
24                                    -1.4790750803683468e-03         3.7748662582137802e-04        -8.2042112177978591e-04         2.6362452159997066e-03        -4.5649620627386412e-04        -8.4097973365705476e-04        -9.9352694686877067e-05         6.2397119870717319e-04
25                                     8.1038148297867289e-04        -4.5431617382819377e-04         4.6346503057038430e-03        -4.9078286439679852e-03         5.4589637430672595e-04        -6.3809657150070472e-03        -1.7385667192522962e-03         1.9455976967825504e-03
26                                     2.0908831181783920e-04         3.7922303400783619e-04        -1.6919441419131331e-03         1.6968410805030475e-03         3.3558021412176181e-04         3.2394239666844654e-02         5.7275820961348650e-03        -1.2846291927250064e-02
27                                     1.3566548595190608e-06         6.6023411637297288e-07        -1.8399105787187493e-05         3.5139800489541572e-05         1.3648721621493682e-06        -4.3858206646588349e-06        -7.1812162407013683e-06         9.2806039090858987e-06
28                                     1.0165986858870577e-06        -2.9054650567406082e-08        -2.1351144761463849e-05         1.0996011494182330e-05         1.3916761946435735e-06        -6.9296115732998429e-06        -3.0923187156182454e-06         9.4269413608008210e-06
29                                    -1.5957437991312960e-06        -5.7906876342237422e-07         5.9980287320366126e-06        -4.7858797694306891e-06         2.0547892583426325e-06        -1.5157252961502078e-06         1.7466859529495591e-06        -3.4182739207346598e-06
30                                     2.2647825361018312e-06        -2.4781595842027443e-06         2.2474645797854363e-06         4.1982850593907611e-06        -7.3403069037418213e-07         1.7125861274902708e-05        -1.8100848869892729e-06        -1.5152878457738592e-05
31                                     3.3558468558603639e-06        -4.0428500912245181e-06        -6.7585274630941900e-06        -5.4205577536939781e-06        -4.8054670565760103e-08         1.2320970556412640e-05         2.9796225804240090e-06        -7.9067272448331630e-06
32                                    -2.2893986076615719e-06         6.2739295350246888e-06         8.9036177264214394e-06        -5.8361705775788119e-06        -6.0708881277344966e-07        -9.2845383556486630e-06        -1.8285123383218835e-06         7.7574244140275229e-06
33                                    -2.8069748007420250e-07        -1.2191918589591916e-05        -3.1547001477713176e-05        -2.0134460747106044e-05         1.9651641666183816e-06        -2.0857767150156870e-06         1.5570296445921916e-05         1.6698711153324049e-05
34                                    -2.2792976853543362e-06         2.7630356899547084e-07         1.2969428743903055e-05        -2.8430665683209372e-06        -1.4014363021949434e-06        -1.4274835623273585e-07        -1.7942426343189985e-06        -6.2826669399444930e-06
35                                     3.5788762211087300e-07         1.1455434800689219e-06         1.8406398087540687e-06         1.2615228497944253e-06         6.0752209298577673e-07         2.6200862818835733e-06        -8.7852218937577945e-08        -5.5212947593009281e-06
36                                    -1.0807663264429660e-06         6.2023363979870412e-06         4.4872847587279767e-06        -1.3538884260779194e-05        -2.7512006262129843e-06        -5.3652047945039215e-05        -9.6680302378310612e-06         3.0885987845323201e-05
37                                    -5.4980540001571228e-06        -4.3857105323259890e-06        -7.7243250795177437e-08        -1.6195728466674125e-06        -4.7619564410482590e-06        -7.6231156119216251e-06         1.2482306972781470e-05         1.1372303876347857e-05
38                                    -1.1427098627623264e-05         1.1415354006911321e-05        -8.0574928315998648e-06        -8.0129842590382630e-06        -2.4288199424822490e-06        -5.6396128993141696e-05        -2.7950367987737614e-06         4.8540997268075974e-05
39                                    -5.8813226894492243e-06         6.0228778350482001e-06         1.1522028241192942e-05        -7.0600126013130250e-05        -1.6468954142795920e-05         5.2499809895667634e-05         1.7320095824281971e-05        -4.1755945416552427e-05
40                                     5.1118324444850063e-07         4.4169458251648586e-06        -6.2553109401311709e-05         1.0927698381218770e-04         1.1086112921091093e-05        -4.7926098935236849e-05        -2.0118863413047831e-05         5.1895070577239952e-05
41                                     4.9084735673842286e-06        -4.3300301688785521e-06        -4.9818422010055241e-05         5.1150648404555603e-05         2.9513078992422954e-07         4.0561439168177403e-05        -1.7408571828226378e-05        -1.6317937592408294e-05
42                                     3.4193736419385449e-06        -3.5532853699389295e-05         1.1044105700311064e-05         2.7329013853703160e-06        -1.3291906591200297e-06         8.7693814721758145e-05         3.5484087151523751e-05        -2.2873755443104482e-04
43                                     1.5495587911379247e-05        -3.9078681822608255e-06         1.8529618382945854e-05        -3.5455301685777758e-05        -8.8618880482029894e-06         8.3315405865982381e-05        -5.5836594697871052e-06        -1.5117616746970482e-04
44                                     4.3075948249170215e-06         3.0976097774128471e-05         6.2611714650544215e-06        -5.4996017464135037e-06         8.0735139302260013e-06        -2.6818726332388020e-04        -1.0771303974054132e-04         9.7552809021590921e-05
45                                     2.5623168045811162e-05        -7.6775834938508803e-06         7.3911852305902359e-07         1.6739593753354438e-04         4.5041037578018338e-05        -1.7720475316692350e-05         4.7910312243939763e-06         7.1544828993576033e-05
46                                     2.7794170888265166e-05        -2.8525184685981517e-06        -3.2046972826078792e-05         1.0090618728532538e-04         1.0399279704667325e-05         1.4253148101466950e-06        -7.3658451161995775e-06         5.0051135152727293e-05
47                                    -7.7567699741424266e-07         1.3217986760985252e-05        -4.4697246501896812e-07         1.9271447875269544e-05         1.2987293674051985e-05        -1.3995267367341181e-04        -1.9637222104369376e-05         3.1325222690095330e-05
48                                     1.3432140007423891e-05         2.1007337631197124e-04        -7.0262574964160442e-05        -3.1518146135512198e-05         5.0902637672864471e-05        -2.1578092735944927e-04        -3.2647298890417270e-04         3.4723004776274891e-04
49                                    -1.8608809079860691e-04        -4.6766797440053395e-06        -1.3528575678415375e-05         9.7422607577043801e-05         2.5922025885529018e-05        -3.0437312203069548e-04        -6.3782103867071594e-05         6.6426807817558317e-04
50                                    -1.6238755052818462e-06        -1.3436133971490502e-06        -7.9211850787373750e-05         1.1108527054182974e-05        -1.1017167555925616e-05        -8.0479106281932311e-04        -2.4256423773562537e-04         7.1557067608128688e-04
51                                    -2.8818493963183868e-04        -8.7056246499305802e-04         1.2767095847123638e-04         4.7526851557421829e-04        -2.8851077403071606e-04        -1.5946309413726159e-04         1.0184614743583175e-04        -7.0409876065421389e-05
52                                    -4.3569776429139002e-05        -2.0622773145709462e-04         1.7821006024666772e-05         7.4156330041796355e-05        -1.9896509028681405e-04         9.8033893279823837e-05         1.4076823250690337e-04        -1.6649847687212008e-04
53                                     7.1745165295180506e-04         6.4394842235877825e-04         2.2521633783537109e-05        -1.3540812603593630e-04         3.6726163346662878e-04        -5.1557753303964273e-05        -1.7439949218282596e-04        -2.5924100548999768e-05
54                                     4.2909409672697618e-04         1.4990198921620160e-04        -8.0828833100641444e-04        -2.0350899317555611e-03        -6.3658647965207226e-04         9.2125294756269038e-05        -6.5418993563451703e-05         1.9576111646111942e-05
55                                     6.7423072677309098e-06        -8.0721616102267038e-05        -2.5312755266825200e-05        -2.7952742116286902e-04        -2.9957980096420134e-04        -4.7479740611380611e-05        -4.7032320057031896e-05         8.8014066108901313e-05
56                                     2.4815296551621935e-04         4.0409615082522259e-04         3.5162659996614432e-04         3.5299046861636698e-04         5.1699383944042872e-04        -3.2679010255925290e-05        -6.0177233213633995e-05        -3.9096899156544976e-05
57                                    -2.9003934215959606e-03        -1.1427196314395460e-03         8.7092747282114212e-05         4.2600860482777041e-04        -1.4202783798330251e-04         3.8267739992152943e-04        -9.3627391773372847e-05         2.9782659520863802e-04
58                                    -4.4939014730898440e-03        -2.8958976598760381e-03         2.6239225563372325e-04         1.0808643778728068e-03         5.8538673885228103e-04         1.7460173817181084e-04        -4.0009607062088334e-04         6.3943722055785288e-04
59                                    -2.7400169454016845e-03         1.9807385580333315e-04        -3.9088898043848457e-04        -1.4979440546540167e-04         6.0521139488571791e-04         5.5360054355580086e-04        -8.3546856723171442e-04         4.7296509738059024e-04
60                                     5.9912302544911332e-04         2.8854402351257118e-04         5.9418443756080030e-04         4.3585603406634771e-04         4.8474339314595041e-04        -1.1551283120174311e-04         9.9390226615246352e-05         5.8055166983241036e-06
61                                     9.7109577096647409e-04        -4.0852345378994057e-04        -3.0798565771029268e-04         4.7056654445451832e-04         6.6962644181468292e-04        -2.9166224533423696e-04         3.7103700037991621e-04        -2.5188082725065286e-05
62                                     2.5279162676835514e-04         4.2668283371117589e-04         2.1488878629611838e-05         7.5814878400336184e-04         3.5737718727812679e-04         1.4397809030706967e-04        -3.8023586643018891e-04         3.2886584976895292e-04
63                                    -5.3532015656553864e-03         3.0231139780844928e-02         3.7161703925520650e-03        -4.1676430066348424e-03         2.8365237521233225e-02        -2.0264287075854931e-03         3.3607626931615418e-03        -8.4797885307577635e-04
64                                     6.1179844146770544e-02        -3.8903031276321935e-02         9.3824036767669455e-04        -1.6256081073181940e-03         5.8147474854235628e-03         4.1363927072193048e-03        -3.9141723628717939e-03         6.7419708425427291e-04
65                                    -3.8903031276321935e-02         3.1146432163750698e-01        -1.7797105617908919e-03         1.5147298717536018e-03        -1.1251382613224600e-02        -4.7962730659480233e-04         8.7669217797157768e-04         1.4133209859754077e-03
66                                     9.3824036767669455e-04        -1.7797105617908919e-03         2.7701270120608151e-01         4.8083590947875135e-02        -9.4986927331740856e-02         3.2977515735972793e-04        -3.3854052282420236e-04        -5.9674010066854480e-04
67                                    -1.6256081073181940e-03         1.5147298717536018e-03         4.8083590947875135e-02         6.3776060032986873e-02        -1.9588836396920342e-02        -6.1791195158176051e-04         9.7162867503466032e-04         1.7479332553642780e-04
68                                     5.8147474854235628e-03        -1.1251382613224600e-02        -9.4986927331740856e-02        -1.9588836396920342e-02         8.8937336924373236e-02        -1.8076912720944990e-04        -4.7725585650128509e-04         5.0482907428112383e-04
69                                     4.1363927072193048e-03        -4.7962730659480233e-04         3.2977515735972793e-04        -6.1791195158176051e-04        -1.8076912720944990e-04         5.5358172236485613e-02        -4.6109389414221947e-03         1.2068993754728162e-02
70                                    -3.9141723628717939e-03         8.7669217797157768e-04        -3.3854052282420236e-04         9.7162867503466032e-04        -4.7725585650128509e-04        -4.6109389414221947e-03         6.1218770417179894e-02        -5.2511257386667898e-02
71                                     6.7419708425427291e-04         1.4133209859754077e-03        -5.9674010066854480e-04         1.7479332553642780e-04         5.0482907428112383e-04         1.2068993754728162e-02        -5.2511257386667898e-02         3.0963115052067541e-01
72                                    -6.9871465593141012e-04        -7.8910756647834410e-05         6.5253344658120806e-04        -6.0794266842697803e-04         4.5747668691856658e-04        -1.1694628674406857e-03        -8.1956059280422367e-04        -3.9454786809909118e-04
73                                     5.5560993080222814e-04         5.4588657610530646e-04         2.6103686375512913e-04         7.8293276560920848e-04        -3.7112681009166676e-04         2.7726324348875649e-03         5.4107524269142327e-03         3.1556318864358161e-03
74                                     8.5201989740296149e-06         5.5009738276121187e-04         3.1506911741556627e-04        -5.4217889406212515e-04        -3.6288839100416309e-05        -1.1391823881957450e-02        -2.5513669281289716e-02        -1.3499151645466730e-02
75                                    -3.9653071129495075e-04         9.1393645148397755e-06        -1.3011057513637281e-03         1.8172150827128601e-03        -1.4662221708287718e-05         1.1527081539090224e-03         1.0105164152953816e-04         3.8629176137549084e-04
76                                    -2.7406109739745396e-05        -2.4082640755263875e-05        -3.8578941995778306e-04         2.8211621287422292e-04         5.0986218964261696e-05         4.3611048611330090e-04         2.8301454553984057e-04        -3.6616466308790271e-04
77                                    -2.9396128540555132e-04         3.2208441737174810e-04         4.1877315550406242e-04        -3.9708206340516804e-04         4.2665990681822524e-04        -2.8222550180468666e-04        -5.3352679360155262e-04         3.7511802034793972e-04
78                                     4.4152204506159336e-04        -7.3316447011631948e-04         2.4465200662472642e-04        -2.8247275097936721e-04        -4.3997026510021579e-04        -5.7464723691987626e-03        -9.5469419399279868e-04         2.5891501882172830e-03
79                                     3.6429686091335152e-04        -1.3813991637084641e-04         2.3580615368697338e-05        -8.2262006065559628e-05        -3.1276920214003470e-05        -1.7215629715664649e-03         6.2411538643369652e-04         2.6405062269381724e-04
80                                    -7.0655347560276947e-04         4.0191524276184803e-04         5.2324744431323303e-06        -5.9141510692893324e-06         4.0717097613919215e-04         2.3218228197924903e-03         4.3894499484864262e-04         5.9039704292905895e-04
                                                        72                          73                          74                          75                          76                          77                          78                          79

0                                     -4.0305369469054554e-05        -2.3965185420034285e-05         1.2759179895852329e-05        -1.3463448022266004e-05        -1.9965974252709236e-04        -4.5527672122480569e-05         1.3595000390031900e-07        -4.9763027060709553e-05
1                                      9.6360705748083759e-05         5.3087619138262633e-05        -3.0731256290168762e-06        -1.0147156981788657e-04         6.7715113548682442e-04        -1.3124048131843321e-04         4.2826307459212847e-05         2.9455594888739677e-05
2                                     -2.3560666274981745e-05        -2.6539782716865400e-05         1.1083196822757584e-06        -9.3210725546212340e-06         2.5985634623623254e-04        -2.1703812652947387e-04         7.8823050209440027e-05         1.3996429049658817e-05
3                                      1.5703818907645032e-04        -5.5927102174534345e-06        -3.7200869970707489e-05        -1.2622089309192730e-03         1.8253322973167067e-04        -6.5091697482486241e-05        -1.0453017196375468e-04         3.9797441934118043e-05
4                                     -2.2127506658534439e-04        -9.2928498172750382e-05         2.1606266467077972e-05        -3.8936282896020677e-04        -5.7474656962681718e-04         4.0524113528026548e-04        -8.4722318771975741e-05         1.3521413448712525e-04
5                                      2.0207955220371285e-05         4.5713531494345674e-05        -6.5796545481971568e-06         2.1216554628017328e-04        -5.2543268095728290e-04         6.0445002399344642e-04         8.8021229503822118e-05         8.4262039499223757e-05
6                                     -1.0299323272533597e-05         1.6011841579319144e-04         2.8582718420929831e-04         5.9133188736590749e-04         1.3009106924234855e-03         7.0760717707959748e-05         7.7534076013175768e-04         1.1053194162676584e-03
7                                     -1.9645101954181799e-03        -2.4450155311134432e-04         4.0774937554126671e-04         4.3817471226931075e-04         7.0345143325317196e-05         9.0027263230804309e-04         4.8774624408223907e-04         1.1525040212027812e-03
8                                     -1.0655675957542080e-03        -4.4068032177663370e-04         5.6650122029985352e-04         5.0953254946503948e-04         1.9012358668008249e-04         1.8476580055402925e-04        -1.6629950281408399e-03        -7.4690473436690415e-04
9                                     -5.7549697928008861e-03        -9.8500151361626161e-04         1.9069718154127351e-03         8.2431628044999303e-03         1.6309059342042666e-02         9.1848627785042491e-03        -2.2208779622068190e-03        -2.4481885406076173e-03
10                                     9.0216837765783649e-04         1.4196293811525301e-03        -8.9061320822047835e-05        -1.0100827393682598e-02        -2.1897579602788271e-02        -1.2341508603524745e-02         8.3930633823538496e-04         1.0105781301421451e-03
11                                     4.0937067463516956e-03         1.2377087136098905e-03        -7.9475701890001187e-04         3.3303731105316908e-03         6.5893094418303733e-03         1.7315191958981158e-03        -1.3735927575373877e-02        -2.8683848020486413e-02
12                                    -3.6392228694148005e-04         4.7639602150539384e-04         2.5239101484788164e-05        -8.7757373536277369e-04        -4.2781501913144396e-03        -1.6695072972168047e-03         3.6066499292054278e-05        -3.6169077073275162e-04
13                                     4.7620082751981512e-04         6.6071141593941510e-04        -1.4003314161500045e-05        -2.4448283077853732e-03        -3.5598053922322563e-03        -1.8694134347572672e-03         6.9885474882980616e-04         1.8172770867405609e-03
14                                     1.0401703594226271e-04        -6.7396728529994961e-05         7.9411530193881138e-05        -1.0011764101820102e-03        -3.5852699761434507e-03        -9.1096056853443160e-04         7.7364885680716476e-04        -1.0639593858616828e-03
15                                    -2.9692443166596996e-03         5.1440173261273273e-03        -3.8891024631057276e-04        -5.7031421350789847e-05        -6.2799838962093279e-04        -1.4373804909103823e-04        -1.2487325192659223e-04        -7.8796622610887010e-05
16                                     3.2625585283064919e-03        -2.9901230841963625e-03         5.6402816453728598e-04        -4.3604707905846394e-04         1.4949224101924079e-04         1.4432717376630687e-04         2.5264976647720373e-05        -6.4174627639573194e-05
17                                    -1.2776728501110689e-03         2.1668801357541366e-03         3.4448762454299987e-04        -1.6595622150418661e-04         1.8681597997480693e-04         1.6471404835155783e-04        -2.0700371907234191e-05         9.6622960234094696e-05
18                                     8.1732376876569746e-03        -9.9127920200993737e-03         2.2645596271814099e-03        -5.3491452988487110e-03        -1.4795319667050104e-03         1.8434116110311379e-03         1.9825190385130004e-03         4.2433782132023871e-04
19                                     1.7739007896805103e-02        -2.0997547975158959e-02         5.9646245787048913e-03        -3.5422245972348901e-03         6.6798825267182314e-04         1.0428341325268281e-03        -7.1879402375987821e-04         9.8950534251422771e-05
20                                     1.0607659181076068e-02        -1.2118182679988924e-02         1.5229277325593004e-03         3.2793680719532450e-03         4.5534390850699488e-04        -5.0481587192113212e-04         8.0261328190027014e-04        -9.6363843030959238e-04
21                                    -7.9920446988425903e-02        -7.5731250059530131e-02        -4.3325759961250515e-02        -1.9228426660697049e-02        -4.7574866340136385e-03         8.1258700949566436e-03        -1.0069138562023953e-03        -1.0633720563857710e-04
22                                    -7.5986829153562446e-02        -2.1293760191651523e-01        -9.4529063881414951e-02         2.4658056914122612e-02         5.9454824235830716e-03        -9.9945463084172396e-03        -4.4769875961014911e-03        -1.8701744521224129e-03
23                                    -4.2925983236180826e-02        -9.3441247851527826e-02        -1.0072382863715035e-01        -6.5664815141020941e-03        -1.4425505397454947e-03         9.8666663177115750e-04         3.2285969318330471e-02         7.4289941815115432e-03
24                                    -1.2124926462854263e-02        -2.1101552551343952e-03         5.4509541471051146e-03        -1.3200551563805024e-01         1.1764673577862934e-01        -2.9713188514256954e-02        -4.6449584566598777e-02         3.1277652583590609e-03
25                                    -2.5621448496506962e-02        -4.6322155716506377e-03         1.1381656145087434e-02         1.1795524792150927e-01        -2.0376615222393935e-01         3.9527692929697940e-02         3.2566466781981996e-03        -5.0941712470776029e-02
26                                    -1.5199825394541899e-02        -2.1645516887390482e-03         4.8250580569384506e-03        -2.9521308992745292e-02         3.8900608081842820e-02        -5.7304493076195229e-02        -1.0102501116032211e-02         3.0464449621437795e-02
27                                     3.1271378240076229e-05         1.0588901177942885e-05        -7.3692627304743834e-06        -1.1645487010742404e-05         3.0027099196839224e-04        -5.6199871846466463e-05         2.2317479869155785e-05         6.9033736575926040e-06
28                                     9.8146102803535126e-06        -2.6935237708411615e-06        -5.4209694465355389e-06        -2.9116400059322946e-05         1.2528259772552142e-04        -4.8809841120915675e-05        -3.5369057565110837e-06         4.2059702868884512e-06
29                                     9.2407712582742458e-06         6.5699742303397361e-06        -2.7094649381481390e-06        -1.5470397425865721e-06        -5.6531812048738221e-05         1.3287967297485881e-05        -5.4670717375113479e-06        -7.2052772974441582e-06
30                                     1.0054465970839414e-05         4.2133663343272616e-06         5.3588461396221525e-07         2.9107540949333699e-05         6.7615700208785711e-05         5.1510437116189368e-05        -5.7605419939858293e-05         3.3596093239206918e-06
31                                    -1.9501493879010254e-05        -8.7621316880605706e-06         1.2944053756417913e-06         9.4750475736146440e-06         5.4750112987968702e-06         4.3704653547607159e-05        -3.1062268704780921e-05         2.4047586633332266e-05
32                                     5.5456634237933608e-06         6.1210674257871668e-06        -3.3016736479258950e-07        -1.9491977275960630e-05        -7.6310019067831088e-05        -2.2982221656845715e-05         2.6608984316623252e-05        -8.8403416272533723e-06
33                                    -6.9770851295613678e-05        -4.0331214464461602e-05        -5.2428082522848994e-06         5.9987846607442198e-05        -5.9253271744076456e-05         2.1070558706852470e-06        -5.3407606602780002e-06        -3.1450829907355652e-06
34                                     2.6047816402297507e-05         7.0117872805856851e-06        -3.1518438466462701e-06        -1.2037797024800657e-06        -3.9148852695750080e-05         1.8928803430934282e-07        -3.9084707576718170e-06        -7.2413725800667952e-06
35                                     5.9366425780980501e-06         4.4382337688730206e-06        -5.6685058099389778e-06        -1.1691203135496360e-05         1.0105831327783901e-05         1.6087145711246451e-05         4.4440541845279143e-06         5.0869460151343505e-06
36                                    -3.0978745140448530e-06        -3.8797623697100667e-06         1.0271865049120372e-05         5.9000651744503876e-05        -1.7554091019843026e-04        -9.2360251983517931e-05         2.2836953101168078e-04         7.8115946684488905e-05
37                                     1.4765627317948915e-05         2.4539060504259009e-06        -2.7650387687783943e-06         1.4906664288146963e-04        -7.1360058885027193e-05        -9.3725558203207847e-05         3.4435575236227309e-05        -1.6463567707650223e-04
38                                    -2.2140459417964312e-05        -8.9964599304746123e-06        -1.0495326903765465e-06        -1.1788146781893400e-04        -9.2422622992011268e-05        -2.7978947018216047e-04         1.8394632321206078e-04        -3.1030022710383954e-05
39                                     3.6895699262505868e-06         9.6957091773840209e-06         3.5290359252724678e-06        -2.2898324034422365e-03        -6.3247506092553758e-04         3.0958086424934369e-04        -1.4236557560728683e-05        -3.7072741576049293e-05
40                                     7.4732841431647112e-05         2.0429406630737522e-05        -2.3983525248163964e-05        -8.2220781455888490e-04         1.0769233516883187e-03        -1.9787198993894924e-04         2.0816137952685320e-04        -7.7341654626048983e-05
41                                     2.0836503972717388e-05        -1.5559982907914841e-06         7.4544657792247060e-06         7.9208968859173327e-05         5.8157019822125192e-04         1.8870050820296808e-04        -6.5679098608770840e-05         1.1009476412120807e-04
42                                     4.7542590555457482e-06         5.9793804208378210e-06        -1.0291768255472596e-04        -7.9734842070463847e-05        -1.1537992946656262e-04        -8.4211645586062349e-05        -1.6887000838404492e-04        -2.1911727647010848e-04
43                                    -2.7067160257592980e-06        -1.0457405599320580e-05        -1.8086212206285993e-05        -3.3525510652926318e-05        -6.5322207809858984e-05         4.5549214317741648e-05        -3.8526486357648014e-04        -4.4601190173956459e-05
44                                     9.2938050343982113e-05         2.6214711963247136e-05         1.4826970924727238e-05         6.0166376513802293e-05        -1.5901964058008360e-05        -1.8500441435926945e-05         5.4476243487347161e-04         7.5331854653279320e-04
45                                    -7.4836001112700253e-04        -1.3735663896949769e-04         2.1862340129335297e-04         1.4422510696462791e-04        -3.2989093116222827e-05         1.4011914081050043e-04         1.2533279281116153e-04         3.7932212656273097e-04
46                                    -2.8202180222418913e-04        -6.0152694984812703e-05         1.1156415739588059e-04         1.6991742779483374e-04         1.7218223293014728e-04        -1.7633454516327975e-05         7.8428281609862100e-05         9.3770917431607427e-05
47                                     2.3658618534734349e-04         6.7440478985833193e-05        -6.5537745527277668e-05        -1.3314232007274125e-04        -8.1220580285300617e-05        -9.2820837115585911e-05         2.8201543070952256e-04         2.2540190396820614e-04
48                                     1.5466117904706255e-04        -8.1922861521416333e-06         2.3389218861929724e-04         4.4457783984449650e-04         9.1858747437677181e-05         5.6357731363073651e-04        -5.0237747538666236e-04        -2.2087148778615149e-03
49                                     4.0719754372269034e-04        -9.3164222489351342e-07         2.2671340691049805e-04         6.2758390922401067e-04         9.5846682674379814e-04         3.2179522680626186e-04        -2.6627265843296504e-03        -4.1897164358090273e-03
50                                     7.9733453743337842e-05        -1.0470391021223657e-04         4.4348893906826729e-04         2.8480235318520050e-04        -3.0172837638093794e-04         4.1626483668383068e-04        -1.0038436088676364e-03        -2.6077849330463304e-03
51                                     8.1853719229141851e-05        -5.4959916451371971e-05        -3.5397751183166939e-05        -9.4911471923416618e-05        -2.5243275214990797e-04         1.6870684084010649e-04         3.7476787697043358e-04         1.4526831777420473e-04
52                                    -7.4591411405354111e-05        -3.7702582433915631e-05        -6.1906794957930673e-05         7.1422673980352399e-05         3.4131562057970592e-04        -4.0003888631145031e-04        -3.7575385274445951e-05        -4.2902197148483910e-04
53                                     1.4859975408361599e-05         8.2843002040059073e-05        -2.6477039692161895e-05        -6.3581634717180778e-06        -8.8488005394113389e-06         3.2563961772166317e-04         3.2545216289922747e-04         6.3478335602827835e-04
54                                     1.3919621407738100e-04        -8.2836664386780161e-05        -1.3461509176642674e-06         4.5452786799449869e-04         1.3398284657759620e-03         3.7161402030532967e-04        -1.0647787378222046e-04        -1.4302034655745265e-04
55                                    -1.0230757503730862e-04         4.1490028104114885e-05         3.7008051797333616e-08        -8.3783342363923314e-04        -1.6185697295817737e-03        -7.0030080454557410e-04         1.1835934788125325e-04         2.2937496249658771e-04
56                                    -5.5148532186997576e-05        -1.1454109344821327e-05        -5.4898283090466056e-05        -1.0232006868976106e-04         3.8013485808398653e-06         4.4731209270186057e-04         9.9952726240580797e-05         4.1032040315004263e-04
57                                    -1.2593473544737907e-04         1.2343693817665094e-04         1.0161314821610133e-04         4.9022056355521506e-05         8.9799554768490585e-05        -3.4771281607439932e-05        -1.0213831702326591e-04        -1.1765968607486770e-04
58                                    -2.1516168591344937e-04         2.5094969545394323e-04         3.8358945676340806e-04         7.5359315879959554e-05         9.5810957119097945e-06         5.2593415508929106e-05        -1.1534657203981739e-04        -3.3931314823546746e-05
59                                    -4.9503231585449822e-05        -8.6639029440562301e-06         4.5489524017672343e-04         6.2419153187086903e-05        -7.1956951105209103e-05        -4.8733100846172581e-05        -1.4888480702252748e-04         1.5332435191856768e-04
60                                     5.4233094155794136e-04        -8.1030264199678402e-04        -8.5994706538442163e-05         1.0012391756263430e-04         1.3773350005554484e-04        -2.2366325803202351e-05         4.1844427845756844e-05         8.1285277723900469e-05
61                                     1.3902131421006934e-03        -1.5510805485216468e-03         4.1660103443131886e-05         8.6104627297268858e-05         8.8079309739072086e-05         3.9349994983353892e-05         8.7499108049315911e-05         1.6154989395566338e-05
62                                     3.8883633453842137e-04        -7.0048530881637778e-04         4.3971095039406402e-04         5.0176834392872153e-06         4.0655240663902553e-05        -4.7270583503934786e-05        -2.2927079505982384e-05         5.7985118651716688e-05
63                                     6.7232063085864106e-04        -4.9852257915534320e-04         4.8019552580688869e-04         2.8661757595199386e-04        -2.0235300679668974e-05         3.3238077706639854e-04        -3.1193735849707250e-04         4.6974201094628391e-05
64                                    -6.9871465593141012e-04         5.5560993080222814e-04         8.5201989740296149e-06        -3.9653071129495075e-04        -2.7406109739745396e-05        -2.9396128540555132e-04         4.4152204506159336e-04         3.6429686091335152e-04
65                                    -7.8910756647834410e-05         5.4588657610530646e-04         5.5009738276121187e-04         9.1393645148397755e-06        -2.4082640755263875e-05         3.2208441737174810e-04        -7.3316447011631948e-04        -1.3813991637084641e-04
66                                     6.5253344658120806e-04         2.6103686375512913e-04         3.1506911741556627e-04        -1.3011057513637281e-03        -3.8578941995778306e-04         4.1877315550406242e-04         2.4465200662472642e-04         2.3580615368697338e-05
67                                    -6.0794266842697803e-04         7.8293276560920848e-04        -5.4217889406212515e-04         1.8172150827128601e-03         2.8211621287422292e-04        -3.9708206340516804e-04        -2.8247275097936721e-04        -8.2262006065559628e-05
68                                     4.5747668691856658e-04        -3.7112681009166676e-04        -3.6288839100416309e-05        -1.4662221708287718e-05         5.0986218964261696e-05         4.2665990681822524e-04        -4.3997026510021579e-04        -3.1276920214003470e-05
69                                    -1.1694628674406857e-03         2.7726324348875649e-03        -1.1391823881957450e-02         1.1527081539090224e-03         4.3611048611330090e-04        -2.8222550180468666e-04        -5.7464723691987626e-03        -1.7215629715664649e-03
70                                    -8.1956059280422367e-04         5.4107524269142327e-03        -2.5513669281289716e-02         1.0105164152953816e-04         2.8301454553984057e-04        -5.3352679360155262e-04        -9.5469419399279868e-04         6.2411538643369652e-04
71                                    -3.9454786809909118e-04         3.1556318864358161e-03        -1.3499151645466730e-02         3.8629176137549084e-04        -3.6616466308790271e-04         3.7511802034793972e-04         2.5891501882172830e-03         2.6405062269381724e-04
72                                     9.0878475711363066e-02         8.1645045972470659e-02         4.5350028788358338e-02         6.2381997693356991e-04         4.6874986998197846e-04        -6.9617732726728063e-04         1.1755035106743917e-03         9.5133408520645980e-05
73                                     8.1645045972470659e-02         2.3374104949551872e-01         1.0165230335569125e-01        -2.2005067908623110e-04         6.5394682672069437e-04         1.5958406831810264e-04         2.0602142677913961e-05        -3.3355557286304880e-05
74                                     4.5350028788358338e-02         1.0165230335569125e-01         1.0511646297161527e-01        -8.0081913060352748e-04        -2.3016487150161104e-04         2.6931006641525072e-04        -4.7380117548161626e-04         2.7913765280312102e-04
75                                     6.2381997693356991e-04        -2.2005067908623110e-04        -8.0081913060352748e-04         1.5123001171544567e-01        -1.2692675417950566e-01         3.0060739332943308e-02        -8.9762985306742231e-04         1.0069405085234547e-04
76                                     4.6874986998197846e-04         6.5394682672069437e-04        -2.3016487150161104e-04        -1.2692675417950566e-01         2.2300156812692787e-01        -4.0460730520697021e-02         1.5950847901993574e-03        -2.8883202072673341e-03
77                                    -6.9617732726728063e-04         1.5958406831810264e-04         2.6931006641525072e-04         3.0060739332943308e-02        -4.0460730520697021e-02         5.8378162734385529e-02        -1.8733187079677110e-02         2.4784483173009797e-02
78                                     1.1755035106743917e-03         2.0602142677913961e-05        -4.7380117548161626e-04        -8.9762985306742231e-04         1.5950847901993574e-03        -1.8733187079677110e-02         5.2813015928650633e-02         1.8297831273267166e-03
79                                     9.5133408520645980e-05        -3.3355557286304880e-05         2.7913765280312102e-04         1.0069405085234547e-04        -2.8883202072673341e-03         2.4784483173009797e-02         1.8297831273267166e-03         5.5226542762427409e-02
80                                     2.9794156075003009e-04         3.0029461469530463e-04         5.8153506292735017e-04         1.8747190656776339e-04         8.2913824194050245e-05        -5.4033387163051590e-03         9.0771511054866701e-03        -3.1500515933897494e-02
                                                        80

0                                     -1.4756480223040470e-05
1                                      3.2548363089409532e-05
2                                      1.0352989184698493e-05
3                                     -3.1503697200248228e-04
4                                     -1.1824067880958876e-04
5                                      6.0627019010054545e-06
6                                      9.0573386893290971e-04
7                                      7.2711217423505371e-04
8                                      3.8942370885831912e-04
9                                     -1.8174488233083427e-03
10                                     6.9507979294901323e-04
11                                    -1.7348008969266852e-02
12                                    -5.2163876560171272e-05
13                                     1.1891424522135290e-03
14                                     2.5389754814435748e-04
15                                     2.0937187943373533e-04
16                                    -2.5297573595615963e-04
17                                     4.6996241914610409e-05
18                                    -9.4633131648024123e-04
19                                     5.4385499036698577e-05
20                                     2.9146099692065920e-04
21                                     2.6042528342003213e-04
22                                     2.2258610751708721e-03
23                                    -1.2151331578302036e-02
24                                    -9.4258058738900356e-03
25                                     3.0965360812493896e-02
26                                    -2.8388666445099270e-01
27                                     5.5017166657707686e-06
28                                     9.4566624447393888e-06
29                                     6.6364365203931512e-06
30                                    -4.8169867481772375e-05
31                                    -2.7606926871121635e-05
32                                     3.2620093792124806e-05
33                                    -2.6464882506341790e-05
34                                    -2.0655939266893929e-06
35                                    -1.2785739088923709e-07
36                                     1.7904514205297612e-04
37                                    -1.1685118675695784e-05
38                                     1.5257483501135947e-04
39                                    -1.7595786773610348e-04
40                                     5.2325970484015834e-05
41                                    -2.1762650582114480e-04
42                                    -8.3423006315628059e-04
43                                    -3.7401429416192132e-04
44                                     7.0260146072882897e-04
45                                     9.5833649070326161e-05
46                                    -1.6260065138822867e-05
47                                     5.0316934509954652e-04
48                                    -9.7830659081670195e-04
49                                    -2.9555312379216164e-03
50                                    -1.7882949950095398e-04
51                                     5.6057737655820349e-04
52                                    -8.3949728979952165e-04
53                                     5.1455715748008335e-04
54                                    -2.9265791325073284e-05
55                                    -2.8381285543310417e-05
56                                     4.5870088129862548e-04
57                                    -1.3821728040322434e-04
58                                     1.5081659648391479e-04
59                                     9.0475483823248409e-05
60                                     6.1999242863782986e-05
61                                    -6.8169199401793557e-05
62                                    -3.4830384563537499e-05
63                                     6.2053726053270619e-04
64                                    -7.0655347560276947e-04
65                                     4.0191524276184803e-04
66                                     5.2324744431323303e-06
67                                    -5.9141510692893324e-06
68                                     4.0717097613919215e-04
69                                     2.3218228197924903e-03
70                                     4.3894499484864262e-04
71                                     5.9039704292905895e-04
72                                     2.9794156075003009e-04
73                                     3.0029461469530463e-04
74                                     5.8153506292735017e-04
75                                     1.8747190656776339e-04
76                                     8.2913824194050245e-05
77                                    -5.4033387163051590e-03
78                                     9.0771511054866701e-03
79                                    -3.1500515933897494e-02
80                                     3.1378020975670806e-01
   &MODES [&Type "ArrayOfDoubles", &Dim (81,81)] "The modes of vibrations"
                                                         0                           1                           2                           3                           4                           5                           6                           7

0                                      0.0000000000000000e+00         0.0000000000000000e+00         0.0000000000000000e+00         0.0000000000000000e+00         0.0000000000000000e+00         0.0000000000000000e+00         1.6801020180561441e-02         2.3936682556781681e-02
1                                      0.0000000000000000e+00         0.0000000000000000e+00         0.0000000000000000e+00         0.0000000000000000e+00         0.0000000000000000e+00         0.0000000000000000e+00         2.9937497267526997e-02         1.3699909301870155e-02
2                                      0.0000000000000000e+00         0.0000000000000000e+00         0.0000000000000000e+00         0.0000000000000000e+00         0.0000000000000000e+00         0.0000000000000000e+00         1.1402675537456611e-01         8.4505694143269972e-02
3                                      0.0000000000000000e+00         0.0000000000000000e+00         0.0000000000000000e+00         0.0000000000000000e+00         0.0000000000000000e+00         0.0000000000000000e+00        -3.2177049683118658e-02         1.2088379353939154e-02
4                                      0.0000000000000000e+00         0.0000000000000000e+00         0.0000000000000000e+00         0.0000000000000000e+00         0.0000000000000000e+00         0.0000000000000000e+00        -5.3265025979888886e-02         2.7067594727809355e-02
5                                      0.0000000000000000e+00         0.0000000000000000e+00         0.0000000000000000e+00         0.0000000000000000e+00         0.0000000000000000e+00         0.0000000000000000e+00        -1.1980692985574067e-01         6.0558477924381265e-02
6                                      0.0000000000000000e+00         0.0000000000000000e+00         0.0000000000000000e+00         0.0000000000000000e+00         0.0000000000000000e+00         0.0000000000000000e+00         1.4686930158583139e-04        -3.1256745192194350e-03
7                                      0.0000000000000000e+00         0.0000000000000000e+00         0.0000000000000000e+00         0.0000000000000000e+00         0.0000000000000000e+00         0.0000000000000000e+00         7.4484946577426372e-03        -3.0446276766259200e-02
8                                      0.0000000000000000e+00         0.0000000000000000e+00         0.0000000000000000e+00         0.0000000000000000e+00         0.0000000000000000e+00         0.0000000000000000e+00        -2.7407603062354083e-02        -9.1373233914003052e-02
9                                      0.0000000000000000e+00         0.0000000000000000e+00         0.0000000000000000e+00         0.0000000000000000e+00         0.0000000000000000e+00         0.0000000000000000e+00         4.1120508678116195e-04        -2.5330289864479993e-03
10                                     0.0000000000000000e+00         0.0000000000000000e+00         0.0000000000000000e+00         0.0000000000000000e+00         0.0000000000000000e+00         0.0000000000000000e+00         1.1550806333985530e-02        -1.5139962529188013e-02
11                                     0.0000000000000000e+00         0.0000000000000000e+00         0.0000000000000000e+00         0.0000000000000000e+00         0.0000000000000000e+00         0.0000000000000000e+00        -2.6670270907916731e-02        -8.2922123052414545e-02
12                                     0.0000000000000000e+00         0.0000000000000000e+00         0.0000000000000000e+00         0.0000000000000000e+00         0.0000000000000000e+00         0.0000000000000000e+00        -5.4995519997729113e-03         5.8151361671915282e-04
13                                     0.0000000000000000e+00         0.0000000000000000e+00         0.0000000000000000e+00         0.0000000000000000e+00         0.0000000000000000e+00         0.0000000000000000e+00         3.7551777889760231e-03        -4.1783650810054244e-03
14                                     0.0000000000000000e+00         0.0000000000000000e+00         0.0000000000000000e+00         0.0000000000000000e+00         0.0000000000000000e+00         0.0000000000000000e+00        -4.0009515474158250e-02        -2.7283031971400314e-02
15                                     0.0000000000000000e+00         0.0000000000000000e+00         0.0000000000000000e+00         0.0000000000000000e+00         0.0000000000000000e+00         0.0000000000000000e+00         7.1118416972110934e-03         3.3189248660389373e-02
16                                     0.0000000000000000e+00         0.0000000000000000e+00         0.0000000000000000e+00         0.0000000000000000e+00         0.0000000000000000e+00         0.0000000000000000e+00         1.0219692585789508e-02        -3.6766886564215642e-03
17                                     0.0000000000000000e+00         0.0000000000000000e+00         0.0000000000000000e+00         0.0000000000000000e+00         0.0000000000000000e+00         0.0000000000000000e+00        -2.4986056236916110e-03         6.1794479625911829e-02
18                                     0.0000000000000000e+00         0.0000000000000000e+00         0.0000000000000000e+00         0.0000000000000000e+00         0.0000000000000000e+00         0.0000000000000000e+00        -1.9056244949496002e-08        -1.8132767083842947e-02
19                                     0.0000000000000000e+00         0.0000000000000000e+00         0.0000000000000000e+00         0.0000000000000000e+00         0.0000000000000000e+00         0.0000000000000000e+00        -8.7457977074579130e-03         6.9561379421065675e-03
20                                     0.0000000000000000e+00         0.0000000000000000e+00         0.0000000000000000e+00         0.0000000000000000e+00         0.0000000000000000e+00         0.0000000000000000e+00         4.1165816312471501e-02         8.6432852216927453e-02
21                                     0.0000000000000000e+00         0.0000000000000000e+00         0.0000000000000000e+00         0.0000000000000000e+00         0.0000000000000000e+00         0.0000000000000000e+00         1.2350830446724304e-02        -6.9203115518785326e-03
22                                     0.0000000000000000e+00         0.0000000000000000e+00         0.0000000000000000e+00         0.0000000000000000e+00         0.0000000000000000e+00         0.0000000000000000e+00         7.2686611635349536e-04        -3.7661633663450445e-03
23                                     0.0000000000000000e+00         0.0000000000000000e+00         0.0000000000000000e+00         0.0000000000000000e+00         0.0000000000000000e+00         0.0000000000000000e+00         4.1929007300089936e-02        -1.2892170442751032e-02
24                                     0.0000000000000000e+00         0.0000000000000000e+00         0.0000000000000000e+00         0.0000000000000000e+00         0.0000000000000000e+00         0.0000000000000000e+00        -5.7427850823452942e-05        -3.9431090286318200e-02
25                                     0.0000000000000000e+00         0.0000000000000000e+00         0.0000000000000000e+00         0.0000000000000000e+00         0.0000000000000000e+00         0.0000000000000000e+00        -2.6541408776038305e-03         8.5406560056628788e-03
26                                     0.0000000000000000e+00         0.0000000000000000e+00         0.0000000000000000e+00         0.0000000000000000e+00         0.0000000000000000e+00         0.0000000000000000e+00         5.3924461738761257e-03        -9.5792392558032485e-02
27                                     0.0000000000000000e+00         0.0000000000000000e+00         0.0000000000000000e+00         0.0000000000000000e+00         0.0000000000000000e+00         0.0000000000000000e+00        -2.0838916375705323e-02        -2.8741417335759911e-02
28                                     0.0000000000000000e+00         0.0000000000000000e+00         0.0000000000000000e+00         0.0000000000000000e+00         0.0000000000000000e+00         0.0000000000000000e+00        -8.9511548252373022e-02         7.7349539695037994e-02
29                                     0.0000000000000000e+00         0.0000000000000000e+00         0.0000000000000000e+00         0.0000000000000000e+00         0.0000000000000000e+00         0.0000000000000000e+00         3.5338538234671296e-01        -3.8294998647632375e-04
30                                     0.0000000000000000e+00         0.0000000000000000e+00         0.0000000000000000e+00         0.0000000000000000e+00         0.0000000000000000e+00         0.0000000000000000e+00         1.2399108302731142e-01         7.8545821799005530e-02
31                                     0.0000000000000000e+00         0.0000000000000000e+00         0.0000000000000000e+00         0.0000000000000000e+00         0.0000000000000000e+00         0.0000000000000000e+00         2.7530803077340610e-01        -1.0448327181040286e-01
32                                     0.0000000000000000e+00         0.0000000000000000e+00         0.0000000000000000e+00         0.0000000000000000e+00         0.0000000000000000e+00         0.0000000000000000e+00         1.6006457799665022e-01         6.4011204657528659e-02
33                                     0.0000000000000000e+00         0.0000000000000000e+00         0.0000000000000000e+00         0.0000000000000000e+00         0.0000000000000000e+00         0.0000000000000000e+00        -1.3807083028769204e-02         3.2353876212397437e-02
34                                     0.0000000000000000e+00         0.0000000000000000e+00         0.0000000000000000e+00         0.0000000000000000e+00         0.0000000000000000e+00         0.0000000000000000e+00        -2.8627090705534205e-02         5.7476102224446692e-02
35                                     0.0000000000000000e+00         0.0000000000000000e+00         0.0000000000000000e+00         0.0000000000000000e+00         0.0000000000000000e+00         0.0000000000000000e+00         1.4718024666195928e-02         2.1029014246195654e-01
36                                     0.0000000000000000e+00         0.0000000000000000e+00         0.0000000000000000e+00         0.0000000000000000e+00         0.0000000000000000e+00         0.0000000000000000e+00        -1.4209398649241597e-01        -3.3989429206393494e-02
37                                     0.0000000000000000e+00         0.0000000000000000e+00         0.0000000000000000e+00         0.0000000000000000e+00         0.0000000000000000e+00         0.0000000000000000e+00        -2.6172088519960701e-01         1.4244272531198196e-01
38                                     0.0000000000000000e+00         0.0000000000000000e+00         0.0000000000000000e+00         0.0000000000000000e+00         0.0000000000000000e+00         0.0000000000000000e+00        -1.5832711318946527e-01         8.3126012194964988e-02
39                                     0.0000000000000000e+00         0.0000000000000000e+00         0.0000000000000000e+00         0.0000000000000000e+00         0.0000000000000000e+00         0.0000000000000000e+00         1.3397345690460109e-02         5.7801788409759268e-02
40                                     0.0000000000000000e+00         0.0000000000000000e+00         0.0000000000000000e+00         0.0000000000000000e+00         0.0000000000000000e+00         0.0000000000000000e+00         4.2705935912330295e-02        -3.2242817109214818e-02
41                                     0.0000000000000000e+00         0.0000000000000000e+00         0.0000000000000000e+00         0.0000000000000000e+00         0.0000000000000000e+00         0.0000000000000000e+00        -3.2724551558445841e-01         1.5070253905780673e-01
42                                     0.0000000000000000e+00         0.0000000000000000e+00         0.0000000000000000e+00         0.0000000000000000e+00         0.0000000000000000e+00         0.0000000000000000e+00        -7.0552070280401761e-03         2.2571588775544892e-02
43                                     0.0000000000000000e+00         0.0000000000000000e+00         0.0000000000000000e+00         0.0000000000000000e+00         0.0000000000000000e+00         0.0000000000000000e+00         9.5291107087763671e-02        -1.4395545149527608e-01
44                                     0.0000000000000000e+00         0.0000000000000000e+00         0.0000000000000000e+00         0.0000000000000000e+00         0.0000000000000000e+00         0.0000000000000000e+00        -1.4415434511349124e-02        -1.0861251658575863e-01
45                                     0.0000000000000000e+00         0.0000000000000000e+00         0.0000000000000000e+00         0.0000000000000000e+00         0.0000000000000000e+00         0.0000000000000000e+00         3.3623416093631953e-02        -3.7071541869664222e-02
46                                     0.0000000000000000e+00         0.0000000000000000e+00         0.0000000000000000e+00         0.0000000000000000e+00         0.0000000000000000e+00         0.0000000000000000e+00        -3.5705016927091590e-02         1.9919963576608732e-02
47                                     0.0000000000000000e+00         0.0000000000000000e+00         0.0000000000000000e+00         0.0000000000000000e+00         0.0000000000000000e+00         0.0000000000000000e+00         4.5621327441641324e-02        -1.8043075603666173e-01
48                                     0.0000000000000000e+00         0.0000000000000000e+00         0.0000000000000000e+00         0.0000000000000000e+00         0.0000000000000000e+00         0.0000000000000000e+00         6.1632397917258065e-03         1.5877124241446335e-02
49                                     0.0000000000000000e+00         0.0000000000000000e+00         0.0000000000000000e+00         0.0000000000000000e+00         0.0000000000000000e+00         0.0000000000000000e+00         3.0138587347117267e-02        -3.9948890356583076e-02
50                                     0.0000000000000000e+00         0.0000000000000000e+00         0.0000000000000000e+00         0.0000000000000000e+00         0.0000000000000000e+00         0.0000000000000000e+00        -2.4070186525024555e-02        -8.7920151830420804e-02
51                                     0.0000000000000000e+00         0.0000000000000000e+00         0.0000000000000000e+00         0.0000000000000000e+00         0.0000000000000000e+00         0.0000000000000000e+00        -2.9023669041451278e-02        -6.1046093215817991e-02
52                                     0.0000000000000000e+00         0.0000000000000000e+00         0.0000000000000000e+00         0.0000000000000000e+00         0.0000000000000000e+00         0.0000000000000000e+00        -2.5439995588404589e-02         3.5812095117392158e-03
53                                     0.0000000000000000e+00         0.0000000000000000e+00         0.0000000000000000e+00         0.0000000000000000e+00         0.0000000000000000e+00         0.0000000000000000e+00        -4.4571197103841567e-02        -2.2726343929553305e-02
54                                     0.0000000000000000e+00         0.0000000000000000e+00         0.0000000000000000e+00         0.0000000000000000e+00         0.0000000000000000e+00         0.0000000000000000e+00         9.4677173843706844e-04         3.3954878517994287e-02
55                                     0.0000000000000000e+00         0.0000000000000000e+00         0.0000000000000000e+00         0.0000000000000000e+00         0.0000000000000000e+00         0.0000000000000000e+00         1.8196027323161969e-02        -1.0962330770542383e-02
56                                     0.0000000000000000e+00         0.0000000000000000e+00         0.0000000000000000e+00         0.0000000000000000e+00         0.0000000000000000e+00         0.0000000000000000e+00        -7.2290454512681387e-02        -4.3487555126902423e-02
57                                     0.0000000000000000e+00         0.0000000000000000e+00         0.0000000000000000e+00         0.0000000000000000e+00         0.0000000000000000e+00         0.0000000000000000e+00         3.1634899850112162e-02         1.0895277355197702e-01
58                                     0.0000000000000000e+00         0.0000000000000000e+00         0.0000000000000000e+00         0.0000000000000000e+00         0.0000000000000000e+00         0.0000000000000000e+00         3.8038644499773844e-02        -1.6277130838620837e-02
59                                     0.0000000000000000e+00         0.0000000000000000e+00         0.0000000000000000e+00         0.0000000000000000e+00         0.0000000000000000e+00         0.0000000000000000e+00        -1.2169767102317923e-04         5.7531762513242983e-02
60                                     0.0000000000000000e+00         0.0000000000000000e+00         0.0000000000000000e+00         0.0000000000000000e+00         0.0000000000000000e+00         0.0000000000000000e+00        -2.0477484964078374e-03         2.2928679741949818e-02
61                                     0.0000000000000000e+00         0.0000000000000000e+00         0.0000000000000000e+00         0.0000000000000000e+00         0.0000000000000000e+00         0.0000000000000000e+00         1.5860662539582474e-03         8.4452699723560828e-04
62                                     0.0000000000000000e+00         0.0000000000000000e+00         0.0000000000000000e+00         0.0000000000000000e+00         0.0000000000000000e+00         0.0000000000000000e+00        -9.9543262292027500e-03         1.1763165386583531e-01
63                                     0.0000000000000000e+00         0.0000000000000000e+00         0.0000000000000000e+00         0.0000000000000000e+00         0.0000000000000000e+00         0.0000000000000000e+00        -2.9391431522763679e-02        -1.0390334776927534e-01
64                                     0.0000000000000000e+00         0.0000000000000000e+00         0.0000000000000000e+00         0.0000000000000000e+00         0.0000000000000000e+00         0.0000000000000000e+00        -3.3222841994649817e-02         2.7601288944941321e-02
65                                     0.0000000000000000e+00         0.0000000000000000e+00         0.0000000000000000e+00         0.0000000000000000e+00         0.0000000000000000e+00         0.0000000000000000e+00         4.0910465075176317e-02         9.9739708371802890e-02
66                                     0.0000000000000000e+00         0.0000000000000000e+00         0.0000000000000000e+00         0.0000000000000000e+00         0.0000000000000000e+00         0.0000000000000000e+00         1.1894913076355769e-02         1.3361594004716199e-02
67                                     0.0000000000000000e+00         0.0000000000000000e+00         0.0000000000000000e+00         0.0000000000000000e+00         0.0000000000000000e+00         0.0000000000000000e+00        -6.3208557674951926e-03         2.6390879851074496e-03
68                                     0.0000000000000000e+00         0.0000000000000000e+00         0.0000000000000000e+00         0.0000000000000000e+00         0.0000000000000000e+00         0.0000000000000000e+00         7.1588867302133707e-02         1.6139973732000021e-01
69                                     0.0000000000000000e+00         0.0000000000000000e+00         0.0000000000000000e+00         0.0000000000000000e+00         0.0000000000000000e+00         0.0000000000000000e+00         3.9332555721207516e-02         6.4587805841116425e-02
70                                     0.0000000000000000e+00         0.0000000000000000e+00         0.0000000000000000e+00         0.0000000000000000e+00         0.0000000000000000e+00         0.0000000000000000e+00         2.1762426442786323e-02        -3.9202275974601949e-02
71                                     0.0000000000000000e+00         0.0000000000000000e+00         0.0000000000000000e+00         0.0000000000000000e+00         0.0000000000000000e+00         0.0000000000000000e+00         4.4968174546128739e-02        -2.3706735236699191e-02
72                                     0.0000000000000000e+00         0.0000000000000000e+00         0.0000000000000000e+00         0.0000000000000000e+00         0.0000000000000000e+00         0.0000000000000000e+00         5.0185685480148845e-03        -4.4159331510844169e-02
73                                     0.0000000000000000e+00         0.0000000000000000e+00         0.0000000000000000e+00         0.0000000000000000e+00         0.0000000000000000e+00         0.0000000000000000e+00        -1.0728540165390469e-02         1.4150316667626379e-02
74                                     0.0000000000000000e+00         0.0000000000000000e+00         0.0000000000000000e+00         0.0000000000000000e+00         0.0000000000000000e+00         0.0000000000000000e+00         6.9195778692013071e-02        -1.4933399758247845e-02
75                                     0.0000000000000000e+00         0.0000000000000000e+00         0.0000000000000000e+00         0.0000000000000000e+00         0.0000000000000000e+00         0.0000000000000000e+00         9.3942931074624866e-03        -2.8016675723600962e-02
76                                     0.0000000000000000e+00         0.0000000000000000e+00         0.0000000000000000e+00         0.0000000000000000e+00         0.0000000000000000e+00         0.0000000000000000e+00         5.9301678606312512e-03        -4.7863553234307369e-04
77                                     0.0000000000000000e+00         0.0000000000000000e+00         0.0000000000000000e+00         0.0000000000000000e+00         0.0000000000000000e+00         0.0000000000000000e+00         1.2740155722102763e-02        -1.7188177700545224e-01
78                                     0.0000000000000000e+00         0.0000000000000000e+00         0.0000000000000000e+00         0.0000000000000000e+00         0.0000000000000000e+00         0.0000000000000000e+00        -2.0268590665314824e-02        -1.0987278056656299e-01
79                                     0.0000000000000000e+00         0.0000000000000000e+00         0.0000000000000000e+00         0.0000000000000000e+00         0.0000000000000000e+00         0.0000000000000000e+00        -2.5449615226893114e-02         5.2784411825918143e-02
80                                     0.0000000000000000e+00         0.0000000000000000e+00         0.0000000000000000e+00         0.0000000000000000e+00         0.0000000000000000e+00         0.0000000000000000e+00         3.1796249625804028e-03        -8.8124322699306090e-02
                                                         8                           9                          10                          11                          12                          13                          14                          15

0                                      1.5177347669611208e-02        -6.5075454454626008e-03        -1.2056011303248605e-02        -8.0147281185999277e-04        -1.5294272419131205e-01         1.2757027938666100e-02        -1.9470543212219780e-02        -6.6906119101956046e-03
1                                      1.3183478690677530e-01         4.6765823923734559e-02         5.8226903355608744e-04         1.1165743825584603e-02         4.7734156302292545e-02         1.4506598940356786e-02        -2.4738714297183290e-02         3.1930232332623024e-03
2                                      6.5405081327881787e-04        -4.3669218409133445e-02        -3.1977277141638713e-03         7.5012018379114918e-03         3.8970381629946501e-03        -3.4693331604768343e-03         1.5352783351194780e-02        -4.6712967438487319e-04
3                                      5.1716074385855140e-02         3.9409563724834798e-02        -1.0022464744028783e-02        -1.0562235978384722e-02        -8.8632482364581863e-02         3.0501153957257776e-02        -5.7901192681579720e-02         9.0643506493335753e-03
4                                     -7.4238384152367524e-03        -1.9876247774391419e-02         1.0607293834432622e-02        -2.9215504351883893e-02        -6.1726819555426277e-02        -5.9535634574769805e-02         9.0638892633408116e-02        -3.1184285282687539e-02
5                                     -1.7430974784279702e-02         4.0410860474579577e-02         9.9474836484700381e-03        -6.2325632363069601e-02         3.7465996060677569e-02        -6.7399232092558090e-03        -2.0878185940361782e-02         1.0597867821962601e-02
6                                     -1.4659022942909678e-02         2.5571319295968654e-02        -1.6378027603934364e-03         4.4201817651661063e-03        -3.7027984597559002e-02         1.0173478233631246e-02        -4.9318964932160148e-02         1.1356861616176463e-02
7                                     -8.1587627882907729e-02        -1.1415202732892463e-02         1.5009283081732281e-02         1.5119457775925049e-02        -4.6853481418424388e-02        -6.8390820796715338e-02         6.5402492372815396e-02        -2.1154986572679970e-02
8                                     -3.0058878021203505e-02         1.2863674270807884e-01         7.8394362018170804e-03         4.4462279409355245e-02        -1.5807690267660433e-03        -3.3016243193071698e-02        -1.8867364128962123e-02        -1.2679221672867919e-02
9                                      3.6229607772711278e-03        -1.6676635056311711e-02        -2.9378918641079599e-03        -2.9129678825507172e-03        -8.6974365523897739e-03         1.5332454075415747e-02         7.1372121636422850e-03         1.2555326746966999e-02
10                                    -7.3221165903224625e-02        -3.8705258927404756e-02         2.4949117864104302e-02        -3.8195242508660024e-03         9.8812457961526476e-03         5.0413090603242623e-02        -6.3395298856177743e-02        -3.5609803917209783e-02
11                                     2.1262541019941569e-02        -3.8318178557073929e-03         4.5165559426626097e-03         1.1760709293236115e-02        -5.7675222576988108e-03         7.3296738168005374e-02         1.8932454924660690e-02        -1.8083426600256722e-02
12                                     4.6946821922391864e-02         1.3126027236027559e-02        -2.3257685625949816e-02         3.4474650006654280e-04         3.7824437933408527e-02        -3.6687389513030719e-03         5.6933228919644648e-02        -7.4844621666511887e-02
13                                    -3.5412880444954317e-02        -2.8883458014270474e-02        -1.4958578337294285e-02        -6.4721168444851502e-03         3.3246480565996328e-02         3.4412282461868844e-02        -4.1936610599573487e-02        -6.6193729377275148e-02
14                                     3.2290298924270988e-02        -8.1811975503531198e-02        -9.2853912176469697e-02        -1.4530761861504515e-02        -6.2306244550945165e-03         1.9813373554771530e-02         3.7027788051996496e-02         2.3496337251030834e-02
15                                     2.3270031328787792e-02         1.8178206930256208e-02         4.9187063551775725e-02         5.0282890272658910e-03         5.6455508373931880e-02        -4.0605682093953606e-02         2.4277020630238809e-02        -1.0426961619742704e-01
16                                     2.6155036998430851e-02         3.6383868500975837e-02        -2.0288884767783542e-02         7.3494561159689409e-03         1.6801783451692576e-02         1.9282094058090525e-02         6.4207282065383495e-02         4.9402941979120929e-02
17                                    -7.1978332996705911e-03        -3.8102041160560311e-02         7.7326178505347162e-02         5.2194355034523962e-04         2.0384074132222632e-03        -4.7708431576886041e-02        -4.6376169560786128e-02         4.7473198438607596e-02
18                                    -1.0305920256171846e-02        -3.0258639477664096e-02        -2.8896141506362647e-03        -2.0440773284343076e-03         8.9376564807017056e-02        -4.8445184456854827e-02         1.7532929487963800e-02        -1.8986999055065380e-02
19                                     6.0545530033938061e-02         1.1222717729890300e-03         3.9564869056286145e-02         5.3670663339674589e-03        -3.1850101969454233e-04        -3.8148106311431396e-02         1.2185001465755432e-02         4.5699735743958587e-02
20                                    -4.1768881026071833e-02         7.3156325592679955e-02         1.2133555875708675e-02         1.1064560460189169e-02        -9.4503446526782820e-05         5.5425222001246589e-02         5.8447907194956336e-02         7.7955703797315873e-03
21                                    -7.6122870053307520e-02        -8.9398806948630376e-03        -3.4671095853393147e-02        -9.7252958216006210e-04         6.9832665366406227e-02         5.2229823686367523e-03         2.3489979660785633e-03         7.7738602184661207e-02
22                                     1.6741945480789954e-02        -7.0908511368065520e-05        -7.8205457938918255e-03         9.6600459787312028e-04        -1.5352299775798659e-02        -2.1992222818869842e-02        -2.9583194655800834e-02         9.8754293128266876e-02
23                                     5.7434308584355118e-03        -2.0904917691700006e-03        -8.8304524490151984e-02        -9.3571300582665079e-03        -2.2763399326583360e-03        -7.3407614999194043e-02        -4.4406480816977713e-02        -2.6358597946223552e-02
24                                    -4.3610307965676672e-02        -2.8291975078024365e-02         3.8145210133443810e-02         7.2311615861852790e-03         4.0352263005955437e-02         2.2388161423330791e-02         3.0167206439352567e-02         9.2519602774724680e-02
25                                    -6.2004971809846009e-02        -7.2269999840274138e-04        -3.3605177372950448e-02        -3.9437065768557367e-03         4.7681729979450610e-03         7.2894165667617694e-02        -7.1206954581426493e-02        -3.7634145125174392e-02
26                                     4.2243712265701380e-02        -6.7111306921668418e-02         7.6061377478795350e-02         5.9962599730757600e-03        -2.0029434826925759e-02         4.2631461061498344e-02         5.7604698203980102e-04        -3.5747416549257040e-02
27                                    -8.2151396488134645e-02         1.8564706059130031e-02         2.1192287846930370e-02        -2.6041413351054887e-01        -2.4084840759440757e-01        -4.6580301225393160e-02         6.1358158970805828e-02        -3.2249511997165921e-02
28                                     1.4964328780928374e-01         1.0334340296491412e-02        -2.8269220740750049e-02         2.7823328666567154e-01         8.0908332063033023e-02         2.9246288975502129e-02        -5.6040136319196035e-02         1.0312428220406821e-02
29                                     2.5476477043237179e-02         7.9693677512118182e-03         2.9686718527286458e-02        -3.2466819154249699e-01        -4.6560475044054306e-03         4.2288901312378217e-03         2.5007025649437159e-02         1.3632453517297609e-03
30                                     3.0889278576582187e-03        -1.1710129427822495e-01        -3.7487903747322915e-02         1.8309130397370280e-01        -2.2993826119480548e-01         2.4767142070282696e-03         3.8151182993265913e-02        -3.2334137796124929e-02
31                                     1.6124473141317930e-01         1.4341332687031114e-01         4.8603222280376113e-02        -4.4476862187897870e-01         6.5596120235144328e-02         2.5839361248802629e-02        -3.1759853905810598e-02         1.4733510039589223e-02
32                                     5.7243007151583951e-03        -2.7978351684810193e-02         4.9893328911183900e-03        -7.1423056500736118e-02         5.5561202891976462e-03        -1.6817212301547303e-03         1.4990602082754609e-02         1.1849388439751573e-03
33                                     8.9870402292619805e-02         3.3649033194474605e-02        -2.2279147763050202e-02         8.6528240344748666e-02        -5.1880824314141233e-02         5.9366438711082402e-02        -1.0567670703391920e-01         2.4274291720643302e-02
34                                     2.0303130409274422e-01         4.7504057177543281e-02        -2.5058915593752326e-02         2.3275685291628911e-01         1.3700647834613225e-01         5.9955776705027101e-02        -1.0363188342188195e-01         2.8817165626053593e-02
35                                    -1.2337545223782035e-02        -1.8482549868082740e-01        -5.8197479433795024e-02         4.8512949743425449e-01        -4.1422509908588000e-02        -7.9583708159231548e-03         4.2681589581464049e-02        -2.0087553628562495e-02
36                                     6.0124051042905108e-02         1.1248221314462331e-01        -5.6853872718204551e-03        -2.8491673044295281e-02        -8.5046102563784878e-02         3.6166953819482615e-02        -8.9271927567571921e-02         9.8925893633913242e-03
37                                    -7.3394544738775410e-03        -6.7344250713874246e-02         1.2576944813187409e-02        -1.2737767576768921e-01        -4.2813001494247424e-02        -4.7882768459797033e-02         1.0474139629765403e-01        -1.6923886503264752e-02
38                                    -1.7730594507417163e-02         3.0051621407483450e-02         1.0427935817487341e-02        -8.0722198282775839e-02         4.0765043184961075e-02        -4.8615155658130720e-03        -1.7147964459779154e-02         1.3148082217340306e-02
39                                     1.3256480069344778e-01         2.6631960565184177e-02        -2.1024037393147836e-02        -3.5096003275585630e-03        -6.0964676324865456e-02         7.2656488344321118e-02        -9.3590773108451542e-02         2.1787207894031619e-02
40                                    -2.6853508694202308e-02        -6.5801407495927344e-04         1.2152911254428468e-02         1.6118825349096130e-02        -6.8251581634055800e-02        -7.2293387594759700e-02         8.9552954255432138e-02        -3.7727666354451683e-02
41                                    -2.3317698707476003e-02         9.3276778414636500e-03         1.2580800706915569e-02        -1.5312768065704402e-01         3.9038684299214962e-02        -2.7009627801510864e-03        -1.3056697145893980e-03         1.7454934374687911e-02
42                                    -5.2175727910255279e-02         9.1653245345641968e-02         1.2173901314278311e-03         8.4087530898247550e-03        -2.6665615366514083e-02        -6.5620262297859458e-02        -9.2656642128722780e-02         2.2128751000091051e-02
43                                    -1.3458122365361347e-01         1.1831963305008339e-01         9.5689265235869465e-03         1.4915286460342275e-01        -9.1835770538100547e-02        -2.0410466087110013e-01         7.7982961693281436e-02        -4.5922598820669618e-02
44                                    -3.5199085323105832e-02         1.4208879229997529e-01         6.7219882774254749e-03         6.2743489706885203e-02        -8.9114183242175148e-03        -4.7460090641682516e-02        -1.3987148216727844e-02        -1.6741590000031233e-02
45                                    -3.6003215788206012e-02        -1.9366475384184399e-03         2.3661377882469868e-04         2.2140507177660858e-02         8.5669992682086225e-03         8.2502820439238914e-02        -1.0468650681002593e-01         2.5042234043568007e-02
46                                    -4.7748623919479240e-02        -5.7592406070399116e-02         1.5935760818997041e-02        -4.2348513859716504e-02        -4.3490376907652638e-02        -2.6430230293962513e-02         7.7250494687233398e-02        -1.8704147343197586e-02
47                                    -9.0285750102139961e-02         2.5564740868284358e-01         4.0849703475751425e-03         1.6117850033303349e-01        -4.4350291544147720e-02        -1.8438695426412297e-01        -3.7988111865052722e-03        -3.0134007650114866e-02
48                                     3.1250750909719079e-02        -1.1628543542130630e-01        -2.2473845410328510e-02        -2.4324705912616745e-02        -2.3065419430181183e-02         3.6486371454645283e-02         4.3831956008537565e-02         2.3992935148334674e-02
49                                    -6.6312912529570223e-02        -5.8456881142249284e-02         1.1639243445048458e-01        -9.6497832011641234e-04         6.6224128756197159e-03         7.7878477173861219e-02        -8.7787822121603229e-02        -6.9405803711372741e-02
50                                     1.9748978059033844e-02         1.3580172822547586e-03         2.0285508033446673e-02         1.4166657195460704e-02        -4.7438034807110226e-03         7.4552907260458767e-02         1.2043862138472352e-02        -2.4009568829548942e-02
51                                     7.7170637352522400e-02         1.1983358652161590e-02        -1.3495242778822711e-01        -5.5260397977420469e-03         4.0792694874305320e-02         5.5930687205960304e-02         1.3144635085919362e-01        -1.4097679085068787e-01
52                                    -1.2865621347040035e-02        -1.1366247325921319e-01        -1.6659308901561451e-01        -3.8700777319919430e-02         4.8306991069285404e-02         1.4465513754852836e-02        -7.4200940071151335e-03        -1.2824298788851113e-01
53                                     3.5091270198286686e-02        -9.8755532280395214e-02        -1.1801456673588229e-01        -2.0657460326861363e-02        -3.0914391601786946e-03         1.2753549890260330e-02         3.9699678001405080e-02         1.2827047125062784e-02
54                                     7.9740094922952254e-02         3.2366029223878844e-02         1.9528641961944967e-03         4.7706670808428378e-03         6.2710261393009462e-02        -6.4637881852574866e-02         9.8547367837676397e-02        -3.0920562646083800e-02
55                                    -6.2402832874569276e-02         8.7904022980801744e-04         5.8510006229428514e-02         7.0064585261149790e-03         1.4004712210361854e-02         5.7419045678245580e-02        -8.1893148509363772e-02        -3.7649519131009730e-02
56                                     5.4243323473361173e-02        -1.5399124308722861e-01        -2.5240527499300347e-01        -4.3415037264445872e-02         8.6504253195838036e-03         2.9705463946529908e-02         7.5957474164317224e-02        -6.8911423204199199e-02
57                                    -1.6162139665940788e-02         4.4149331078606649e-02         1.9786338278701249e-01         1.4204677374939592e-02         6.9088866683212471e-02        -9.6338189728778736e-02        -7.8985185656743853e-02        -1.8169214370963388e-01
58                                     9.6405921398404083e-03         1.2464605730822405e-01        -1.1974492349307660e-01         1.7062691206454109e-02         1.8830078981104951e-02         1.3278527854290900e-01         2.2205474137118403e-01         1.0464754724930876e-01
59                                    -7.7020034250146526e-03        -2.8778552300672593e-02         6.0338295481224762e-02         1.2705559858462315e-03         1.7900512033524002e-03        -3.2143098707457171e-02        -2.4304536406806555e-02         5.5190720260251160e-02
60                                     7.0062472650986862e-02         2.7415322019395831e-02         2.2163148099062589e-02         5.7460446257284669e-03         2.4721041046997915e-02        -4.3150675187329290e-02         6.4637289101021442e-02        -4.7679579305295011e-02
61                                     5.9774529650678317e-02         3.2238806665739292e-02        -5.9196048191796661e-03         7.3174171798963657e-03        -7.0259742721349673e-03        -7.4236670649770620e-03         5.5416772167026486e-02         7.0305727692179382e-02
62                                    -1.6553646248733813e-02        -8.9593447386153852e-02         2.3783815534812586e-01        -2.1300302991798799e-03         4.6610852027581138e-03        -1.6192869367320201e-01        -2.2890483571694614e-01        -5.6341322834649724e-02
63                                     5.2663406325151256e-02        -1.5415487803176497e-01        -2.8243872007621625e-02        -2.2430917070527287e-02         1.1500492332479645e-01        -2.2402264413152392e-01        -1.0407472457866948e-01        -4.5750087836567560e-02
64                                     7.0417411562902363e-02        -3.6079825021399566e-02         1.3529753697984304e-01         8.7971739367836057e-03         7.1860859071107644e-04        -6.1093411668863742e-02        -1.1995923008972089e-02         9.0895534514224094e-02
65                                    -4.7754357040084593e-02         8.2356687524863942e-02         2.9706238852331261e-02         1.4019959053666844e-02        -3.5171085969228602e-03         7.3169272866269772e-02         6.8957716002417610e-02         1.8068213329492218e-02
66                                    -4.0712223821614206e-02         1.5899930551601122e-02         3.5945701468037515e-03         5.5049840439517208e-03         7.7970336889224612e-02         2.0041536514206825e-02         5.9440368603995819e-02         9.4190984128827600e-03
67                                     1.0655693698459114e-01         7.9067416586138719e-03         2.3453344959493926e-02         2.0167850650448862e-03         2.6992950658290865e-03        -6.9279332835060478e-02         1.4068171290737981e-02        -9.6030239291365060e-02
68                                    -9.2465404300564005e-02         1.9028639730395008e-01         1.9696763402661088e-02         2.7934813012863470e-02        -2.7302092193382112e-02         2.0846814463531749e-01         1.6284316430061707e-01         4.0023427670926376e-03
69                                    -1.2472116650156596e-01         5.7978049642192810e-02        -1.4261979762165020e-01        -6.3262441906551488e-03         8.7347140266764531e-02        -4.4533465199729998e-02        -1.3544633878801410e-02         1.3688257740259782e-01
70                                     3.1897350440479436e-02        -2.2139652228217198e-02        -1.5471462191803734e-01        -1.9089538227228961e-02        -1.7753354481532171e-02        -1.9877441934176138e-01        -1.4536597397436651e-01         1.8933931486837444e-01
71                                     1.1205853562588958e-02        -9.8856674796386733e-03        -1.1365936524916902e-01        -1.3203481317079355e-02        -3.7574238560205806e-03        -1.0777368733011548e-01        -6.7555551417783466e-02        -8.5591601852831635e-03
72                                    -1.0429483447392354e-01        -4.4602912749052849e-02        -2.2647871272763163e-02        -3.8540047839363207e-03         4.9791926755985684e-02         6.1933948689002330e-02        -4.4744193352196572e-02         3.1426639918340833e-02
73                                     2.9232056515377580e-02         1.1220666931536444e-02         6.8492681175947964e-02         1.1291019527327422e-02        -7.6837602023358707e-03         4.1309104332672736e-02         3.9979914746322953e-02         5.6239339922174031e-02
74                                     6.3116282383644242e-03         6.8507502250045446e-03        -2.4024723220712357e-01        -2.6083569608219750e-02         4.3444055563962103e-04        -2.3919009112870057e-01        -1.3435265831213336e-01         9.2166931403453417e-02
75                                    -8.1712573055166673e-02        -3.3528715845367693e-02         1.1061675294123719e-03         7.5266532090398895e-04         7.3702390171443477e-02         3.0285392707597499e-02        -4.3981177251679442e-04         3.0588679073335737e-02
76                                    -8.4027393045984985e-02        -2.1701029150834859e-02        -2.3357827594294507e-02        -5.0922340853306837e-03         2.9040357242227897e-02         7.3800738501156149e-02        -8.1802970391995022e-02        -5.3276144323343454e-02
77                                     7.8976023243739910e-02        -1.4090934768122251e-01         2.4636881099926797e-01         2.2776499759437106e-02        -2.9083146943823534e-02         2.0598035307742117e-02         5.4876640163171744e-02         1.0427311887867415e-01
78                                    -1.1357985245676737e-02        -7.2015490129540533e-02         1.8975954692816385e-01         2.6933656566115748e-02         3.0774541293214878e-02         8.3476501939982670e-02         9.0774798364190987e-02         1.9472176496739202e-01
79                                    -8.8883688135993830e-02         6.4694838716582465e-02        -1.4461742671868438e-01        -9.9072707806305057e-03         1.5954920700197422e-02         1.3357512786784373e-01        -9.2091712373793308e-02        -1.2423944896838598e-01
80                                     3.8202443500216093e-02        -5.7792873106677065e-02         5.8469796838694611e-02         4.6758219801665436e-03        -1.8501656855102435e-02         4.6967988076923838e-02        -3.4220620434209461e-03        -4.7556135100364036e-02
                                                        16                          17                          18                          19                          20                          21                          22                          23

0                                     -2.2494657595257476e-02        -6.3770564910090199e-02         4.5162176735307952e-02         5.8716999874703253e-03         1.1072993133966747e-02         1.3214732368262405e-02        -1.1275215881979130e-02        -1.6870670409857895e-02
1                                     -5.4580979957957907e-03         8.5027192651975919e-03        -2.5612870633951392e-03        -6.5953688872126385e-04         8.4674318667333388e-03         6.4304495975011176e-03        -1.8667104383133515e-02         8.0260223942873500e-03
2                                      9.5204814532132385e-03         7.7838599755721289e-03        -7.6303385021019680e-03        -1.2457539900577113e-02         4.2820703321213606e-03        -2.3523200642728214e-04        -2.7904669602361303e-02        -2.2581132482511050e-03
3                                     -3.2059642076872161e-02        -2.9369334770929515e-02         6.0487006158687377e-03        -1.2199549249681632e-02         1.2626853996761749e-03        -3.0710555420255029e-04        -1.8051705446017186e-03        -6.5834086166544452e-03
4                                      3.0794827320349383e-02        -1.1523522609016056e-02         2.6107004140970346e-02        -2.3728514005882717e-02         1.3051920531085707e-02         3.1003839922428078e-03        -1.6163841294755382e-02         2.4108209412272767e-02
5                                     -1.8943770376593554e-02         2.0329462206189530e-02        -2.1435651994681906e-02        -5.5813209894959241e-02         2.1813853976929462e-02         1.2190174579360927e-02        -3.1321766351355439e-02        -1.2088378483787748e-02
6                                     -2.6098473942314470e-02         6.4112672997449008e-02        -1.0298571855062907e-01        -3.6602390615520758e-02        -4.0124847777854356e-02        -2.4830540919639300e-02         3.6930339174652452e-02        -1.1009106226500823e-02
7                                      1.0915646323739510e-02         4.1322858322242709e-02        -5.4605195115182650e-02        -4.1655774001058785e-02        -3.0198894337706551e-02        -1.3231074439841057e-02         4.5300801762965012e-02        -3.4974208907812721e-02
8                                     -1.2103515135625237e-02        -1.8720353611760322e-02         4.2240202141059884e-02        -3.3369306137678197e-02         5.7859337032915232e-03         8.1475082413596678e-03         5.2359369477381484e-02         2.0200131556190128e-02
9                                      5.0872827194169204e-02         7.5795740764137920e-02        -8.0642068225160138e-02        -1.4928517455838451e-02        -2.4064449573182923e-02        -3.2250852317847613e-02         8.6068735401458336e-03         9.3178614053340547e-03
10                                    -2.6163661165611581e-02         9.9029640905087517e-03        -1.6011510094031785e-02        -9.6535439278711971e-03        -3.0260355779485413e-02         4.5352095701243121e-02         1.9120680443507350e-02        -4.5425633269050979e-03
11                                     1.1349519730992726e-01        -4.1495383544060072e-02         4.1528257739678942e-02        -1.0776717769930342e-02        -7.4006865346915571e-02        -3.2630376922308572e-02         2.6918259407946319e-02        -1.9578659622096692e-02
12                                     2.3528707171854794e-02         5.2459735022014703e-02         9.8353531801947530e-03         4.3564658889023167e-03        -1.8540097066504245e-02         3.7043650256399718e-02        -2.5701890086241470e-02         7.2871489363388386e-02
13                                    -1.0902192513569692e-01        -2.6217785495380674e-02         4.6933686485164022e-02        -1.0821798978593280e-02        -8.8934657227783126e-02        -3.1980005362718972e-02        -2.8762449206110870e-02        -1.8626238866110219e-03
14                                    -2.1682897954730492e-02         1.8437983302199965e-02        -2.0115396783653785e-02         4.5064057760192408e-03        -3.2575398632081087e-02         4.2221606927987217e-02        -3.6645557832460554e-02        -3.3177231712679119e-02
15                                     2.6555264708498113e-02         2.8623901421052665e-02         4.1090243325271378e-02         4.7820750040577517e-03        -4.3258225765604782e-03         6.7627510190722190e-02         5.1990434826679460e-03        -2.1997604105308887e-02
16                                    -3.4967382909423916e-02        -7.0984785375188056e-02        -1.9121984950639000e-02        -8.2546734223454682e-03        -4.0923833540212791e-02        -6.6645779744865255e-02        -5.3266971579153402e-02         6.1221960474435094e-02
17                                    -2.4332667570211319e-03        -4.2539907788355209e-02        -2.9047240090350767e-02        -2.7022492832070974e-03        -2.8960257747913266e-02         2.6575665615176328e-02        -2.6745012919763091e-02         4.8133826377508210e-02
18                                    -1.8919205492771415e-02        -1.1250293588119814e-01        -1.4125150544281623e-02         8.8026403383950971e-03         1.6332267229860177e-02         2.1591948425378711e-02         8.2919908295529515e-03        -1.4683319138248185e-01
19                                     9.2637319179524683e-03        -1.5932774725679746e-02        -5.1050679006373382e-04        -5.8838723086568935e-03         1.8092774704988771e-02        -4.1832529733551838e-02         1.1661759589426831e-02        -2.9179585959862329e-02
20                                    -3.0577001960768308e-02        -1.3589854781317084e-02        -1.8492533780009545e-02        -1.2349874777829852e-03         3.5215283991211210e-02         1.7360356156725376e-02         6.4524000100156020e-02         4.9906936219099290e-03
21                                     1.3289664784124466e-02        -2.6185181081352409e-02         4.8819405431735137e-02         1.9814122912110370e-02         4.4496750967667274e-02        -3.0798101442275051e-02        -2.8637473532696311e-02         7.4391006861650360e-03
22                                     4.7055799111587499e-02         5.9392208971273910e-02         4.7719264055084372e-02         2.1775718195932922e-02         8.6864716082403107e-02         2.0432655837846196e-02         3.5367239705090349e-02        -6.6341670312428491e-02
23                                     9.8962500514498605e-03        -5.4399659200093844e-03        -2.3645909413493798e-02        -3.2110495717240662e-03         3.5330143460853634e-02        -3.7475268144060429e-02         1.1322186143570034e-02         1.9416969559846273e-02
24                                    -2.2521861405250215e-03         1.7611552295225874e-02         2.6736371030354131e-02        -6.9541706098730028e-03         4.9445626552950964e-03        -6.0338827074769980e-02         6.5677248689425590e-03         5.4597073938134927e-02
25                                     7.6526722853586984e-02         4.1140863316664620e-03        -6.9327968564669691e-03         4.0626622175435015e-02         7.5437196403833368e-02         8.1157004587851050e-02        -1.1403700631316772e-02         4.6190807200365377e-02
26                                    -4.8682482247580190e-03         1.7296303279701400e-02        -1.9698133825965254e-02         2.9184488815457463e-02         5.9292507041969311e-02        -2.2242583785430082e-02        -4.9433114303215252e-02        -1.9149867293734500e-02
27                                    -1.0426810139258117e-02        -1.0242216667758838e-01         1.0183076857404416e-01        -1.2053170722167925e-01         1.1895956229062241e-01         6.4096147498340292e-02        -2.4385084006821253e-01         4.0439097030625919e-02
28                                    -1.3039561391993287e-02         2.5974057759366297e-02        -2.5801731336603632e-02        -5.3565167302212391e-02         1.6257884018006753e-02         9.2053114954910829e-03        -5.1076447439245436e-02        -1.8907230935436101e-02
29                                     1.6262151741567553e-02        -7.1820906419768182e-04         6.8109575634847186e-04         1.6066313796442891e-01        -7.5553057412623886e-02        -3.6090330622926714e-02         1.7359582119501554e-01         1.2324704013006026e-02
30                                     1.4599245184740990e-02        -1.1538583836276022e-01         1.1660989159793764e-01         2.0850928200865285e-01        -6.3177726222129055e-02        -1.7784125771744076e-02         2.2282122999092738e-01         5.3643982847179576e-02
31                                    -9.8470872483336132e-03         2.1585162902159376e-02        -2.5894043593485731e-02         1.2748786971669732e-01        -6.5532058713231658e-02        -2.8492635124989368e-02         1.4099798230258223e-01        -1.6616673926992950e-02
32                                     9.2323713291562384e-03         9.0783885404655765e-03        -1.0387768758382881e-02         1.5691848914883486e-02        -1.0917375700563640e-02        -7.2990464354273886e-03         7.2667406814334711e-03        -5.0389286362351486e-03
33                                    -5.0256777606741250e-02        -1.0881115161210490e-02        -3.0213306574926799e-02        -2.9680744255456979e-03        -2.8955667170368505e-02        -6.8236399613483545e-03         4.0459934085148100e-02        -9.4285523964103307e-02
34                                    -2.6279904214380895e-02         5.3139712171779714e-02        -6.5628117563060945e-02         1.5676700716800811e-02        -4.2513341904160909e-02        -1.8268214961689948e-02         7.3262613243385982e-02        -5.6250519810079010e-02
35                                     3.4346426901389240e-02        -2.5346892993593592e-02         4.1022942421475236e-02         7.8661206902358088e-02        -3.2606338055741188e-02        -1.5329599366873991e-02         1.1322342683572201e-01         4.6373498500700744e-02
36                                    -4.7256512209308203e-02        -5.6143984906450971e-02         4.7297222881743699e-02         8.9068807500458896e-02        -4.3156878281730551e-02        -1.1429314930114325e-02         1.9541657597255038e-01         2.9757191509838684e-02
37                                     3.5032716173688111e-02         3.2767019578781396e-03        -7.2443400714040200e-03         4.5585525446678632e-01        -1.3307156855409732e-01        -6.8588884222245058e-02         1.0792802457536919e-01         1.8788150900782282e-02
38                                    -1.7726099918543275e-02         2.3074810294446413e-02        -2.7297001009516451e-02         3.9462008935400743e-02        -6.9550469098154594e-03        -1.9382115622921059e-03        -7.6149989842710280e-03        -1.2777426968592662e-02
39                                    -4.4644995391223366e-02        -6.3083339290191137e-02         4.4063335029859860e-02         2.3147285231468247e-02         6.1178210550641356e-02         2.5557063119611558e-02        -2.0131247109360478e-01         2.5018861327880063e-02
40                                     3.0181653512276519e-02        -8.4448353173839359e-04         1.8135474901772090e-02        -2.5986677899645350e-01         6.4904099403868307e-02         2.8351322881712944e-02        -4.0968707480049847e-02         1.1441248556802446e-02
41                                    -1.1133039222548194e-02         1.7901607684013429e-02        -2.7750208884081404e-02         3.8804682685331371e-01        -1.1403072237566514e-01        -5.3127401996650100e-02         1.2586491638798888e-01        -4.4972533630708023e-03
42                                    -1.4521323249302645e-01         1.2894890890640534e-01        -2.0455960798416464e-01        -5.0054753429566706e-03         4.1903526725170129e-02         3.8837571935013545e-03        -1.0090693162643523e-01        -2.1446969922346952e-02
43                                    -7.9044680517337373e-02         8.7364493980035096e-02        -1.3102378237478973e-01         3.5987644863684076e-01        -4.8405861687030836e-03        -2.1240283938845288e-02        -2.1978830625839990e-01        -3.6957903877369407e-02
44                                    -1.7178377019590997e-02        -1.5604571016878135e-02         3.6857716745942889e-02         2.3723781229669630e-02         3.7270126169239499e-03         4.5912123644320920e-03         2.0947829252201330e-02         1.9707871268508141e-02
45                                    -1.2087750619275819e-02         7.1364949817240980e-02        -1.1867447965622728e-01         1.9115616638585398e-02        -1.2722232256262855e-01        -4.0051218077807045e-02         9.7347332521537489e-02        -1.9214681392107733e-02
46                                     5.1938621637103354e-02         1.0470344281851800e-02        -2.8247130439609880e-03        -2.1458892148583600e-01        -2.3272889076136023e-02        -4.4361037999887006e-03         1.4483361913377302e-01        -2.7071312506926605e-02
47                                    -1.1727930572404403e-01         4.7685594907578045e-02        -6.5223342437082235e-02         3.2532750077300360e-01         5.5593823904837053e-02         3.3319785582402317e-04        -2.2648477985031928e-01         8.0881902050082971e-03
48                                     8.1570161633987753e-02         1.1870515242871664e-01        -1.8206815990340647e-01         3.3262241803832283e-02        -4.1982676322843610e-02        -4.3037125444108010e-02        -1.3654477454361569e-01        -4.4569031083444594e-02
49                                    -3.0512578654012797e-02         6.2238968940668896e-03        -1.8971101317214595e-02         1.7999290788244355e-03         3.1684721575882757e-02        -4.5053540039967768e-02         3.1780885120867743e-04        -1.4047670022633551e-02
50                                     1.0718786159909939e-01        -4.4683412613900478e-02         4.8987076244923745e-02        -1.2111829285749155e-02        -6.0464297388995988e-02        -4.4115458214113487e-02         3.4760310920438763e-02        -1.6412969113243900e-02
51                                     9.3806788873679308e-03         1.1513101035288545e-01         9.7933210802214010e-02        -4.9774390024393154e-03         5.8207444024141158e-02        -1.0107118159517514e-01         8.8050852959176779e-02         1.0784506238999672e-01
52                                    -3.5557598318598010e-01         1.0881775179816107e-01         1.3063549855690454e-01        -2.2905426394263136e-02         1.8064224948607177e-01        -1.6128937472658250e-01         1.4583836989113694e-01         5.9454907468253444e-02
53                                    -7.2189666508760325e-02         4.2684702705972695e-02        -5.4831405117916994e-03         2.4054833189533576e-03         1.9478325242352740e-02         1.9952534187988216e-02        -4.3836005425026544e-03        -2.1499675019933582e-02
54                                    -6.3776352999801262e-03        -1.2694030369698557e-02         1.2450459594891560e-02         1.1629319191199130e-02        -2.3494802198808611e-02         7.6426261104494356e-03        -1.3249608905760632e-01         1.3591994644740460e-01
55                                     1.7349380384366293e-02        -6.9045097670068903e-02        -1.5617581535493480e-02        -7.5242297607794970e-03        -2.2266595982016030e-01         6.1665281487804757e-02        -8.7773582027891289e-02        -5.6038387776007989e-02
56                                    -2.3378206825611861e-01         1.5628998470265806e-01         9.5159019575895606e-02        -8.5137858911716567e-03         2.2027058291722076e-01        -1.0974490628522585e-01         1.6729477799973536e-01         1.8228358089019400e-02
57                                     3.1646273029932809e-02         6.6112425938613203e-02         1.7911995304415446e-01        -1.2722705267225871e-02         4.9214988354626288e-02        -1.7422201262272963e-01         8.3181033494564238e-02         6.2679959654935072e-02
58                                    -6.7591626764989560e-02        -1.7258063676322155e-01        -1.7998766095989116e-01        -1.8032003422090673e-03        -2.2721461713607338e-02         2.0659393169948195e-01         5.2814757935820980e-02         9.4321925007483362e-02
59                                    -6.4862585174174066e-03        -5.4023825867700069e-02        -5.0961512677292355e-02        -1.3804857170048781e-03        -2.8220483686055127e-02         6.4485962110410106e-02        -1.6549329557175776e-02         4.8253596911006683e-02
60                                     8.1202018932608200e-02         7.7796353251724404e-02        -8.0822993625061720e-03         1.1708991317009764e-02         4.9801350178048653e-02         1.2343675183699555e-01        -7.0692477836175824e-04         6.8262202139173320e-02
61                                     1.2180955955911437e-02        -6.8542480587124614e-03        -9.4035533018798235e-03        -7.0816030557302456e-03         2.1439668155261095e-03        -1.0470972004330349e-01        -6.5118160121840823e-02         1.3834217105666369e-01
62                                     2.5031348366606216e-02         8.1396184305370559e-02         1.9184945622221805e-01        -1.9179457697267796e-02        -1.2882899921279082e-02        -3.3941039555986707e-01        -5.8944414109109305e-02         8.1477397525725651e-02
63                                     7.8702103914134597e-03        -3.1511690019050143e-01        -2.2091555205237243e-01        -6.5750391811910929e-03         1.2765067419130419e-01         8.4930499365166071e-02         2.2300841726479967e-01         1.8401796534261999e-01
64                                     1.5479992840803451e-02        -5.6002085428085630e-02        -3.1222078948269137e-02        -9.6299887429130444e-03        -1.7396208419590543e-02         5.8856748137361026e-02         3.6407652089833500e-02         2.4026365736232225e-02
65                                    -3.2190400923909734e-02         6.9515339251637947e-03         3.5308215908137434e-03         1.6528211766020091e-04         1.5102439332039287e-02         2.3983345867392925e-02         3.9264163820154074e-02        -2.8614282859133523e-02
66                                    -2.4211918991222655e-02        -2.7206055265728904e-02         7.4919248595794519e-02         1.8553358853877506e-02        -1.3659933903170385e-02        -1.5820298298126943e-02        -8.3392804434827258e-02        -2.7685306400127091e-01
67                                     7.7725808294048498e-03        -1.5324269445434035e-02        -3.2822531957526921e-02        -2.0682333812781138e-02        -2.4499894886838697e-02         3.1532909111572485e-02         6.1580355331639858e-02        -8.6394174673020928e-03
68                                    -4.5527608957287517e-02         1.9851002946951737e-01         1.8416293729815175e-01         1.3915368296362590e-02        -6.5284656259198423e-02        -3.9504501091192655e-02        -1.3741450707216610e-01        -3.0430399849450962e-01
69                                     2.5644890846701053e-02        -1.6997182268235631e-02         1.2912207362795405e-01        -5.7023266684593310e-03        -8.5515758846233136e-02         9.6427072256583257e-02         6.5498239442974282e-02         9.8381688157316419e-02
70                                     1.0195384846577425e-01         1.6669239703978586e-01         2.2814628416173019e-01        -1.0652871225362313e-02        -2.0892429249878919e-01         1.5094985039183545e-01        -5.5522527919038167e-02        -8.0439838434006816e-02
71                                     2.0875807931335696e-02         1.7755821490746927e-02         1.1958372304172229e-02        -8.5367403649401988e-03        -2.2142699600754715e-02        -1.4628547265381094e-02        -1.2278750344733394e-02         1.1511780765326872e-02
72                                     5.2902048628761779e-02         3.2278518938766647e-02         2.9836770070552552e-02         5.8194943261991830e-02         1.1764869842814310e-01         2.1136817406835411e-02        -1.0109480486170998e-01         1.3885036775282944e-01
73                                     6.2009912352648426e-03        -1.9752489630627403e-02        -4.5497769059082274e-02         2.7251088439629596e-02         2.1921884661229679e-01        -7.7969765634251398e-02         8.6963453904400398e-02        -1.2832515765041957e-01
74                                     5.3567762235612999e-02         9.3081555069521260e-02         1.6748921882479620e-01        -4.4546510037759023e-02        -2.6947048206299512e-01         1.0451200044244956e-01        -2.3306401990341598e-02         2.2530052807688085e-02
75                                    -2.8369240164867183e-02        -5.6707246375595412e-02         2.7674936968632810e-02        -1.6507520864139055e-03        -7.6657238026346048e-03        -8.0205453920106487e-02        -8.3012479759167548e-02         8.8112913269222271e-02
76                                     5.0588011956963991e-03        -2.5980754273000499e-02         2.0444842426436429e-02         4.8680206171407531e-02         5.6883364133550482e-02         1.4580734123246700e-01        -5.2578409729943341e-02         9.0393670920441024e-02
77                                    -2.4115807594095889e-01         1.3318602798220680e-01         1.0346084597528282e-01         4.2668029332414550e-02         1.5366784150593435e-02         3.3648717816720636e-01         6.3930064795206382e-02         7.6137549239261554e-02
78                                    -8.3990722691634601e-02         8.5564862923947244e-02         1.4269215336991209e-01         9.3535141244853771e-03        -8.3135845565759425e-02         1.7114172736394054e-01         8.9266051470362637e-02         1.2728052573056356e-01
79                                     3.1130504828664002e-01        -1.0019216128978095e-01        -5.5850941362354384e-02         2.7511602310124905e-02         5.5525407753744080e-02        -1.9607788469316276e-01        -7.7773281438205277e-02        -2.5007338024064199e-02
80                                     2.4075666545542940e-02         3.1493202879036989e-03        -2.7242839888398221e-02         2.6786946609884243e-02         5.7069250602406980e-02        -5.8926118216669647e-02        -5.7482916336182494e-02        -2.8813695165342167e-02
                                                        24                          25                          26                          27                          28                          29                          30                          31

0                                      7.0534015644383080e-02        -5.9116595465343126e-02        -5.4699028904661960e-03        -3.5707253465341274e-02        -6.1158474786351884e-02         3.8482583921352606e-02         8.3670741678778290e-02        -8.0939483205793011e-03
1                                     -1.9278752828365907e-02         2.3353018095648465e-02        -1.3795617360974424e-02         2.3345331687506965e-02        -3.2116959795153140e-03         4.7717721522602084e-03         8.0661549906622165e-02        -8.7912314537969619e-03
2                                     -3.3644024582695371e-06        -7.3800334294513367e-03        -3.5242583121414837e-02         7.4259535918491104e-03         1.4353125538964760e-02        -5.2731299928024035e-02        -4.2725156793828170e-02         2.8089797452095912e-03
3                                     -2.2203887464570492e-03         4.7110452011883781e-03        -5.5310033088545277e-04         8.2051211552332508e-03         4.8028704483414980e-02        -5.3285695063066969e-02        -1.4617020408503448e-01         1.5485883140416254e-02
4                                     -7.1482808122725935e-02         4.5134694208122925e-02        -4.5011031417006202e-03         1.6500739430756931e-02         2.2122049341240266e-02         6.0341623089604961e-03        -2.7750931952495488e-02         8.8327606845490410e-03
5                                      2.8942590305925331e-02        -2.3077666716106851e-02         8.2163960448893394e-04        -1.3119909909965871e-02        -1.8254619971650572e-02         5.5571610406673140e-02         2.8767910528946134e-02         1.1640900479909959e-03
6                                     -4.7569361649926159e-02         2.1797963681515820e-02         5.2419895392600479e-03         5.9945276050069078e-03         8.5273411987738454e-02        -3.7202920420619713e-02         2.6298082814053048e-02        -5.5411904534339905e-03
7                                      6.9650546846634451e-02        -6.3518508979749352e-02         2.4107557260401920e-02        -4.0256466438919086e-02         1.1676400041142190e-02        -3.4515135961203543e-02        -2.8052337526317271e-02        -8.4835349970444670e-03
8                                     -3.2681095300869469e-02         3.3574573863492670e-02         5.1606973769699797e-02         3.7053569303103469e-03        -3.3357762896054875e-02        -4.3968733417169307e-03         1.8704038391637191e-02        -2.1920001033930827e-03
9                                     -6.0441125961022010e-02         1.5572037600832896e-02        -3.3588809827833667e-02         2.8471016609711813e-03        -6.1608565262101601e-02         5.0142306802722844e-02         7.6121332015620380e-03         3.2762340684093345e-02
10                                     3.9513603086687735e-02         2.6827659773490154e-02         6.5588283887990867e-03         3.6922382865186107e-02        -1.2136471063867527e-02        -4.5233570639016021e-02         6.9368418296571296e-02        -2.2399789537390496e-02
11                                     2.6852102141585349e-04        -2.8547140379515525e-02        -7.4511934843594529e-02         2.9469190055003438e-03         3.1323932240763998e-02        -2.8872809136044481e-02         1.1540915738795966e-02         1.6721305211365219e-02
12                                    -4.2220145340340284e-02        -3.4448842991112796e-02         1.8570340107737674e-02        -4.8236105708796904e-02        -4.8689567054362483e-02        -2.6443513218565199e-02        -9.6817109472467232e-04        -8.9009704089534458e-02
13                                    -7.6762821197780551e-02        -1.4476867630250400e-02        -2.9877268764475592e-02        -1.2783658050676442e-02        -8.5039830020642748e-02         1.6785338552841023e-02        -4.8047869221661321e-02         4.1640771141645640e-02
14                                     1.0035949236702046e-02        -2.3741477555264404e-02         4.7364176232795575e-02         6.4594738732542650e-02        -4.4504270485626564e-03         6.8292402847102687e-03         8.2830530979457369e-03         2.6237545252698585e-02
15                                     5.7887996824140690e-02         3.4530639487124128e-02         1.3916951930866665e-02         2.0324682049436660e-02        -1.1653525104328937e-02        -2.6687274707728505e-02         1.5906870809039352e-03         9.1187652606704875e-02
16                                     6.3360370324517705e-03        -4.1364319338198917e-02         4.3908137706699962e-02        -2.0131812919534191e-02         7.5474623943497549e-02         3.7205805348212309e-03         3.3599826491816406e-02         1.4096010087088304e-02
17                                    -1.0593731101921258e-02         3.2724501461905559e-02         1.9065185565695950e-02        -7.5778735270525949e-02        -1.6609754617468390e-02        -3.4602053009799169e-02         2.1117920792302967e-03        -2.2733049289818997e-02
18                                    -3.2308422438567144e-02         3.6657000540115547e-04        -5.1034021170633572e-03        -6.8611611906022243e-03         5.3527937736457337e-02         2.4988725043639026e-02         6.6396417197752116e-03        -6.4902635025716818e-02
19                                     5.5380277421990295e-02         3.5038798432616980e-02         1.9037578891476178e-03         7.2482217396322476e-02         3.5512185304106638e-03         2.8325109218765979e-02        -1.7356817911178629e-02         2.0344585193392954e-03
20                                    -1.0938133912591035e-02        -1.4830535531974316e-02        -7.2399388613858334e-02         1.2713602739733954e-02        -1.4117590064856166e-03         3.1536223497001602e-02        -6.9538765980589083e-03        -6.9839389238178107e-03
21                                    -9.7162562611001965e-03        -2.2305927281484745e-02         4.0875144676304875e-02        -1.9927023637361506e-02         1.4380628410566922e-02        -2.6503582728776755e-02         1.5662386929140803e-02         9.2305378853181019e-02
22                                    -7.6352757401581997e-02        -2.9480617031257653e-02        -2.1181252905422103e-02        -3.5921341549635846e-02        -5.7719753924312882e-02        -4.3660415771577775e-02         3.0960253318178862e-03         3.7485114260542535e-03
23                                     5.1430557512896907e-03        -2.4194889939987922e-02         3.2477077474942176e-02         6.9378185609221099e-02        -4.5936733655315649e-02        -2.5772158422995354e-02        -1.1607859414273504e-02        -1.9818864434621802e-02
24                                     5.9114143339073173e-02         4.9994705417372567e-02        -1.4711224713311793e-02         5.3730581988066593e-02        -8.0442749529566093e-02         1.2387866974136255e-02        -3.8707213218512206e-02        -6.4867752019069663e-02
25                                     3.5817499131800723e-03        -2.8398707002214987e-02         2.5182487682462246e-02         1.1753789994082735e-02         5.5333086635858147e-02         4.6835553432779807e-02        -3.5298028658396027e-02        -4.1140895714883698e-02
26                                     2.5519054254541755e-03         3.7826535649268550e-02         2.7610625640913312e-02        -6.7110889643913998e-02         2.3823161125776229e-02         2.4864181644369897e-02        -1.2373851280519927e-02         1.9722325044348350e-02
27                                    -7.5681889252442083e-02         8.6784378786588526e-02        -1.7710028080115572e-01         1.3166556107131011e-01        -9.7252914832683373e-03        -6.9683804899242738e-02         2.6921225077277633e-01        -3.3877810280911420e-02
28                                     4.9331852151418290e-02        -5.3839785762603808e-02        -5.2366314463648228e-02        -1.7327805934970242e-02        -2.2764000390669451e-02        -3.1785445453144628e-02         2.5057643102268164e-02        -3.5462893574222530e-03
29                                    -3.7374884272757425e-02         4.5401502122930051e-02         1.4140342706479611e-01        -2.1000043829566477e-02         1.8073611824229747e-02         8.3962544171400658e-02        -5.1705864135581717e-02         9.1008016476486573e-03
30                                    -1.0791851262902280e-01         1.4348488354601124e-01         2.1917844041313547e-01         2.1197884490907874e-02        -2.6089156973698662e-02         2.2104891266099522e-01         2.0304245844181087e-01        -1.4302581211869898e-02
31                                     4.8359475786965339e-02        -4.2415242736222561e-02         1.1070458439886199e-01        -7.2605025173225313e-02        -3.5538993032119666e-02         9.9776777551484327e-02        -1.7940215558274818e-02         6.7673952905971781e-03
32                                     7.8211175335912066e-03        -1.4149229394583237e-02        -6.0845205620153782e-03        -8.7182135325110394e-03         9.5466644776813561e-03        -2.9591537892702399e-02        -5.9114338246355515e-02         5.7952466248943771e-03
33                                     2.7058237594278089e-01        -2.6620061070999512e-01         1.0609747222995800e-02        -1.8531918318827426e-01        -1.2633239541690006e-01         4.4719929527920324e-02        -6.8332686797204445e-02         8.9653784671715822e-03
34                                     1.4556907818804196e-01        -1.4588649178907301e-01         4.3302259951248111e-02        -1.1621803193401237e-01        -5.9380419473454779e-02         4.4973449919961848e-02        -5.8669209602839258e-02         8.5734958675742629e-03
35                                    -1.2796833725490298e-01         1.3370589319086809e-01         1.1163109656468219e-01         4.9130317956455373e-02         4.4732071207148491e-02         7.2433199949707552e-02         1.8820848340614954e-02         1.8706515441632781e-03
36                                    -9.2956612870233143e-02         1.2814549496124164e-01         2.1611219744408838e-01         2.8780145192491360e-02         6.9082270574916796e-02         8.4681302260572383e-02        -1.6754938388636512e-01         2.5341549518411256e-02
37                                    -1.7985898415900391e-02         1.2268235592424355e-02        -4.2333780718266198e-02         1.8750183987547162e-02         1.5196230412247191e-02        -1.6315850366021803e-01         1.0757625774884528e-02        -2.0186188268120960e-02
38                                     3.9402354052642044e-02        -2.9745340882229774e-02        -8.2469826725341949e-03        -1.2244947915609926e-02        -2.0765319800058950e-02         2.0475972857479922e-02         3.7350007990797796e-02        -4.6048564049658300e-03
39                                    -2.1164210547236786e-02         7.6223162401883621e-02        -1.8224494021945919e-01         1.5224620271799558e-01         6.7988849160283985e-02        -2.2831168746568520e-01        -1.0283733086700453e-01        -2.5692804571626409e-02
40                                    -7.3080844414642063e-02         2.4544819165830661e-02         3.5825090948075157e-02        -2.2921638003126892e-02         2.0983909300662233e-02         1.0800756131357096e-01        -4.4458755956612563e-02         2.6412306338842423e-02
41                                     4.6230732059274526e-02        -2.0808316682497427e-02         1.9131459416153077e-02        -1.1943783463168867e-02        -2.8015960246234706e-02        -5.5204004015029673e-02         4.1406585950752202e-02        -1.4400631515265563e-02
42                                    -6.8670140954634362e-02         8.1560180883566979e-02         5.1413105652500457e-02         1.7533209107115498e-02         1.4603337641560785e-01         2.5262690827921147e-01         8.7395383959747983e-02         1.2564134073591662e-02
43                                     9.7090606781656277e-02        -8.0080977398654316e-02        -2.1646921709435396e-01         6.5948814494184585e-03         1.0786444632921294e-02        -5.0037601461968791e-02        -6.5794630549503783e-02         1.1840238006132531e-02
44                                    -2.6817330776514853e-02         2.6130084030010884e-02         1.1314609111278986e-02         9.8376951005771200e-03        -3.6797879736367424e-02        -2.2773048484390167e-02         1.1394748454675601e-02         6.2989517244717113e-04
45                                    -1.8219920559013753e-02         3.7144325702270289e-02        -5.9950173318917485e-02         9.0977978355477399e-02         1.0367747904310168e-01        -2.8507227639762894e-01         2.4364597216024067e-01        -6.7135734885135315e-02
46                                     4.6164891125072195e-02        -5.9036726563530401e-02         1.3037227032764723e-01        -7.7412478155931622e-02         4.9575495948925503e-04         1.8063325141399690e-03        -8.5374556725060516e-02        -6.6711008844776815e-04
47                                    -2.7918098505362861e-03         1.3110703053296802e-02        -1.4858372288626212e-01         2.6299925153264080e-02        -1.9711126668952195e-02         9.9168163696202197e-02        -1.7437731579227018e-02         2.8125796863496640e-02
48                                    -5.1486094467192212e-02        -2.9788149957797858e-02        -7.7710221269294277e-02         2.4829889766414707e-02        -3.2989896978047648e-02         3.3508880265466617e-01         6.8204044751241468e-04         9.8269722532836695e-02
49                                     1.0265629921694047e-01         2.0248421160793592e-01        -6.9827211208804987e-02        -1.3417086670013856e-01        -8.9861502849018903e-03        -3.4173877716637019e-02         1.3867309190457419e-01        -4.3385125959182251e-02
50                                     9.2702436434534859e-03         3.8587320343122875e-03        -7.9003178851779543e-02        -2.5025596744462437e-02         3.0008182467734259e-02        -4.9996943573321802e-02         2.3668784704227910e-02         8.3940642183616028e-03
51                                    -2.7335304121135544e-02        -1.3938365450699852e-01        -1.4418735447099251e-01        -6.6939625183292564e-02         1.2255821837470164e-01         6.5257989681556758e-02         1.1905179843869417e-02        -1.3908715858860848e-01
52                                     5.6093346458216731e-02         1.7954450011641343e-01        -1.2160895680108397e-01        -1.7432847829980624e-01         1.8514300946607769e-02        -4.8376846389567026e-02         8.4256405021569045e-03         2.7196178352077247e-02
53                                     3.6763840547474509e-02         2.2262233203016020e-02         3.3116249235504623e-02         2.9384134651810473e-02         1.0623579782168033e-02        -1.1990721176937440e-02         1.9687931302661610e-02         2.5285014523186843e-02
54                                    -4.5722527156525576e-02        -5.6825106212908920e-02         1.5041001316082450e-01        -1.7483157170368741e-01        -8.5168031283434642e-03        -7.0899732566718943e-02        -1.6485984817065379e-02        -3.0026182583245564e-01
55                                    -1.3381533411823834e-01        -7.5352934947359992e-02        -4.6149392578215204e-03         1.1687185467869370e-01        -1.7409362246438531e-01         4.5813507634288098e-02        -5.7801134372041041e-02         1.4219385790139855e-01
56                                     1.2171568101047656e-01         1.1177167357084426e-01        -1.1573053350191326e-01        -7.1725520508138657e-02         1.2790224386960322e-01        -1.2676780762522811e-02         4.3576684714759201e-02         2.2234639152126739e-02
57                                     2.9668965198787582e-02        -1.1203877826300583e-01        -1.3202047790908675e-01        -1.1734609108403410e-02         1.8553590700297143e-01         8.2265140101897782e-02         2.6922509508524387e-02         1.3229413716023439e-01
58                                     5.7670574745182106e-02         1.7145064416328185e-01        -9.3439838804411035e-02        -2.0273029302854018e-01        -2.9279624624101604e-02        -4.1650709621023817e-02        -2.5557697270140851e-02         1.2815823152096684e-01
59                                    -3.9696786824569997e-03         5.9333287929777739e-02         7.5122009868828499e-03        -9.2751650098944663e-02        -3.3242683076415112e-02        -4.1774189924797277e-02        -4.8700897231648563e-03        -1.1320583190295701e-02
60                                     1.7392210911977890e-01         8.7061206481053102e-02         1.1093803925085755e-01         7.5569717100232289e-02        -2.2372327454923145e-02        -1.6706446039320244e-01         1.2029820201829601e-01         2.1850865067283892e-01
61                                     8.4170201182861892e-02        -5.6461402741345493e-02         1.2055603017775932e-01         5.5272303325436326e-02         1.0559660755262341e-01        -7.9985594055088302e-02         1.3498091650167857e-01         1.0760625549517630e-01
62                                    -6.1301417275201560e-02        -2.2951627997331664e-01         3.4280892383182215e-02         7.5912365341548063e-02         1.6973851924438457e-01         6.8620359130691991e-02         6.0358956201072574e-02        -5.3027685523485524e-02
63                                    -4.8825956165139912e-02        -1.1057910663865779e-01        -2.1994634022192797e-01         1.4167963819508536e-02        -1.2541432660676456e-02         4.3748606981418164e-02         9.9894669530801589e-03         5.2145944007439084e-02
64                                     9.7570336119949377e-02         2.0487070905795973e-01        -1.0396188200558333e-01        -1.3436928176227791e-01         2.5071564501137444e-03         6.4418007868988256e-02        -9.1784627799048724e-02         4.8004627506677250e-02
65                                    -1.8174300892151816e-03         2.5635295968891622e-02        -5.8528216183612036e-02        -2.1151185501895410e-02         6.4256772918990929e-03         3.3299700991286922e-02        -1.8645673393049466e-02        -1.5812147100219710e-02
66                                    -4.1368209254169466e-02         3.1920291264700723e-02         9.2259635872997930e-02        -3.4677744751050191e-02         7.9927773559852006e-02        -1.1594131397083856e-02         2.6238912531978915e-02        -1.0243611880284119e-01
67                                     1.6424114363479056e-01         5.1676962749914818e-02        -2.8215634655088299e-02         2.8712515986166337e-01        -2.9688819613692952e-02         1.6530176991624790e-01        -1.2574017555310726e-01         5.4519309190527741e-02
68                                     2.2234846686310004e-02         7.2936934528125982e-02         1.5271800561402013e-01         5.6832379054556251e-02         4.2632113876852229e-02         1.3292236196905973e-02        -1.7051790008213552e-02        -8.2901454920804141e-02
69                                     8.8956513397889930e-03        -1.0559307327280197e-01        -1.3329250090787645e-01         3.4171776885437141e-02         1.5247310376903694e-01         1.0022021869503790e-01         6.9468895635755715e-02         1.5058466836289644e-01
70                                     4.6018470081624768e-02         1.7434228504451879e-01        -9.8591782290838509e-02        -2.1368436403384405e-01         9.9611233534925375e-02         7.9824986819597238e-02        -2.2710954765963468e-02        -6.2930321581981308e-02
71                                     3.0156676673459917e-02         2.4137337895994780e-02         2.1739607036447551e-02         2.6251682656805452e-02        -1.7015985914848344e-02        -3.6538529570274187e-03        -1.9420825808002012e-02        -3.6695383430770424e-02
72                                    -1.2950015583847511e-02        -2.3778656403624296e-02         1.5666181987574060e-01        -1.1792280784677089e-01         1.4989473236199081e-02        -2.3779825076282519e-02        -5.7378486995156214e-02         3.1335902531422832e-01
73                                    -1.2826450002958339e-01        -1.0716286495643398e-01         5.3379554471010768e-03         8.4289336232704806e-02        -1.4554252429337483e-01        -1.1286504677812119e-01         2.6697841699325375e-02        -7.1332205880511063e-02
74                                     1.0700499501668673e-01         1.2368484111166694e-01        -1.1536300976268164e-01        -7.1771706755714093e-02         1.2025575932408702e-01         1.0584265170112890e-01         2.0790614790283362e-03        -6.8555585942501718e-02
75                                     1.8148222511033268e-01         1.1820328852395065e-01         7.1512270295840383e-02         1.4472229861916680e-01        -4.9111959228341960e-02        -1.8037296180048994e-03        -9.6592537152529356e-02        -2.1313343103155466e-01
76                                     7.8538599062315306e-02        -3.3168208951334051e-02         8.9462706892336680e-02         1.1367239348853329e-01         1.0833574073911884e-01         3.7340348550863559e-02        -7.6610523432285804e-02        -1.6300365914511672e-01
77                                    -8.6559291947667913e-02        -2.2083950235182340e-01         1.9170803844499203e-02         8.8273966062261358e-02         1.6248586714310231e-01         3.1172020290796378e-02        -7.4769450755039196e-03        -9.2643891179283715e-03
78                                     3.0437422075591310e-02        -7.8623077992362789e-02        -1.8116162525422549e-01         8.9462001307827360e-02         8.8262170930291109e-02         1.5428931445097266e-01        -3.0903561407661283e-02        -1.0807488259499516e-01
79                                     1.0679736432018035e-01         1.9088687847298344e-01        -8.9073485539123087e-02        -1.3536460792237098e-01         3.4986844294725857e-03         1.1658197106677351e-01        -3.2239995423494490e-02        -7.1548008610261254e-02
80                                     1.4677920165351604e-02         6.3355724444275993e-02         1.7750017523646456e-02        -8.2251493080293364e-02         1.5114534677620511e-02         2.7956302606649271e-02        -1.1942578968844163e-02         1.7288570775326247e-02
                                                        32                          33                          34                          35                          36                          37                          38                          39

0                                      4.2941694719187642e-02        -1.3418657923650811e-02         1.3437635682549822e-02        -2.2904072605008856e-03         1.1735680076818703e-02         1.0811054622938044e-02         2.2023582126437053e-03         1.6255007628705902e-02
1                                      3.5610512589392433e-03         2.6989732685351212e-02         3.0427869930835789e-03         6.9845102906982131e-03        -6.3327164194380448e-02        -7.0642497453345674e-03        -3.8477068865136084e-02         1.5545488215376473e-02
2                                      9.1534841277417789e-03        -1.1841715258551478e-02         2.1273088348187524e-03         2.1917595659935184e-02         1.2771981498871300e-02         3.8717019869700664e-02        -1.5629984480603754e-03         7.2100359064345865e-02
3                                     -6.9474345698501902e-02         1.2027476914773733e-02        -2.3264558919122585e-02         1.9305393172849579e-02         7.0616970437991766e-03        -6.0337245003702798e-03         1.1605563390422560e-02        -2.5497153540623711e-02
4                                      3.6266559494214028e-02        -5.3524466002677372e-02         5.4254396998184773e-03        -3.3339808459725812e-02         9.2788355195913899e-02         8.4473541171039713e-03         5.9576168372252686e-02        -1.9626964540530572e-02
5                                     -3.0274166198173715e-02         2.4406265542556965e-02        -9.3922891536939428e-03        -1.9015799828740406e-02        -2.4905727667267955e-02        -6.2905432933850550e-02         4.3407640049370356e-03        -9.1861969855567174e-02
6                                      8.1790071717887061e-02        -4.7738072060160348e-02         1.3467897464668255e-02        -7.5780221994306410e-02         2.6496986529772073e-03        -1.9092340475904072e-03        -3.0042391717269301e-02        -1.1775910410842003e-02
7                                     -3.6508850978069440e-02         4.8846071101839819e-02        -1.4216423261301129e-02         1.3467050222624507e-02        -9.4138464343899789e-02        -1.0120199315228706e-02        -5.5400578300333951e-02         1.4493479956198771e-02
8                                      1.9848950184782058e-02        -7.0968811284352461e-03         1.4669990168110675e-02         5.9699706200586872e-02         2.0986787041053504e-02         7.5159281132771719e-02        -2.9450881221942627e-03         4.9673715009871583e-02
9                                      2.8487294367728972e-04        -5.9258986836794791e-03         3.1350380799716068e-02         1.5230494452024346e-01         2.5439379450625285e-02         1.4216947579487277e-03        -1.0256349171772986e-02        -3.9385064919466840e-02
10                                    -6.0313326971079925e-02         5.2038958923042902e-02        -4.7241106393548608e-02         2.5008770301619760e-02         6.8703168988891755e-02         2.9117093054290236e-02         9.2251910062654555e-02        -4.9699456920670104e-03
11                                     8.8219488172907815e-03        -2.4134669528978075e-03        -7.0614288973988998e-03        -2.8296040693781253e-02        -5.1088822006222864e-05        -9.7331799332000590e-02         2.2478955434070566e-02        -7.3366680179557421e-03
12                                    -2.0485722835531656e-03         2.9183815220336209e-02        -8.4364171759225365e-02        -1.0124677108981850e-02         2.9248517317600187e-02         1.4623069265389279e-03        -2.9906025690650099e-02        -1.5524912894725297e-02
13                                     2.2146617920144919e-02        -1.2655038829705633e-02         7.4218619295898436e-03        -3.6572570435080422e-02        -2.7375222827816587e-02        -1.4846202770107878e-02        -4.4225592215281773e-02         1.1405568578718822e-02
14                                    -2.8583321011300622e-02         8.5712992349802654e-03         8.0490375375186565e-03        -4.4450039338743016e-02        -3.0982420375969956e-03         7.8165821332353183e-02         2.4439270188189175e-02        -1.0838847335378271e-02
15                                    -2.7560608854677669e-02        -3.2498470600381718e-02         6.1842883340399397e-02        -3.8971951897903430e-02        -3.2909294351357435e-02        -6.2254022953148174e-03         1.0541738587289160e-02         1.1036131185042080e-02
16                                    -4.0886728475596962e-02        -2.2862847825885324e-02         6.5669697969261198e-02         3.1853388615176878e-02        -8.8424713358009367e-03         2.2844772555498150e-02         3.1531235591110728e-02        -1.6089600615559994e-02
17                                     5.0963691819722531e-03        -1.2138710236890692e-02         1.1456638975610707e-02         2.3658171583842508e-02         1.2416005423234965e-03        -7.5846237444373493e-02         1.1846623410069137e-02         3.8419329872677495e-02
18                                     2.4321605101779173e-04        -7.8687852618388072e-03         2.4819263011291712e-02         4.6803046463045249e-02         7.6378521207872384e-03         9.8061233711078813e-04         6.7321968669908387e-03        -1.2492793190870285e-02
19                                     6.8130934091052128e-02         2.3779882769802953e-02        -9.3390095242613269e-02         2.0841585456548867e-02         2.6319512878000089e-02        -2.2118664584473445e-02        -4.3420600801893604e-02         1.0187641605286525e-02
20                                    -9.0940353152032943e-03         1.3747241683864672e-02        -2.5968926171835514e-02        -2.4923578321895561e-02         1.0005762302739212e-03         7.6353732637620089e-02        -2.4097677611772183e-02        -5.2723537620829597e-02
21                                     3.5785592844285993e-02         3.5301391730444776e-02        -8.6224471343725434e-02        -1.2920930601953548e-02         2.1056886729291353e-02        -1.3546156980786934e-02        -1.6831118136423517e-02         9.7208671723407521e-03
22                                    -4.3853418781799901e-02        -7.6178252853604835e-03         2.4753891529262297e-02        -5.3715670883758442e-02        -2.0918210714107932e-02         1.1928583670704795e-02         2.6475257970299836e-02         8.3114673965847981e-04
23                                     1.7011068709390766e-02        -8.6895782727478641e-03         1.8533521877893467e-02         5.6465225155377229e-03        -2.4822269997653934e-03        -7.5989328487490251e-02         2.6566504817231194e-02         4.0099560873158260e-02
24                                    -9.4752079402296661e-03        -1.5400999827670655e-02         6.7522845350434083e-02        -3.9693363664143978e-02        -2.8366529493066589e-02         1.6522180231811890e-02         2.6812992391179860e-02        -1.2647497232654488e-02
25                                     4.0296556454624995e-02        -2.7973145926101221e-02         5.2485518160605184e-02         4.0077633812481597e-02        -1.7970277885359192e-02        -1.5817174990913532e-02        -2.1132438098639347e-02        -8.6383262736334666e-03
26                                     9.4374065422523565e-03        -2.3456856055774655e-03        -1.7118194329249155e-02        -2.2149219958379745e-02        -1.4818705929446126e-02         6.7157053927777446e-02        -6.0313134392666917e-02        -9.6302205196115345e-03
27                                     2.2713572054664545e-02         9.5858443588515835e-02         1.4735594003652467e-02         6.7555898463445646e-02        -2.2204557629675739e-01         1.8810611241734915e-02        -1.2728627088042913e-01         1.1380590833843944e-01
28                                     5.1386841050469999e-02        -2.6914293200396754e-02         1.4248068944416444e-02         1.5845063123185982e-02         2.0611120143342126e-02         4.9958799173591653e-02        -2.0123809858379011e-03         9.5637740519492573e-02
29                                    -6.5459181859063117e-02         1.9110263141104103e-02        -1.9517356777430578e-02        -3.9968171251967811e-02         4.2012375870807877e-03        -7.3897998758595831e-02         1.5374486532500876e-02        -1.4079195521165183e-01
30                                    -8.5406355108165133e-02         9.8866426170397509e-02        -1.8590760891566627e-02        -6.9084623108272347e-02        -1.3324204179088101e-01        -1.4997627883960044e-01        -3.8479315206297458e-02        -1.9228229129910679e-01
31                                     8.1711065781144305e-03        -3.7177037017392882e-02        -4.5991957564881912e-04        -5.4206848914905452e-02         8.8080052892619082e-02        -4.0060679966339163e-02         6.6725635808237496e-02        -1.1228479823972570e-01
32                                     4.8934027585774724e-03        -1.9890207982649590e-02         2.1386869249813810e-04         9.2286241967377246e-03         3.6450551420607491e-02         2.6614996903176018e-02         1.6710004200579841e-02         3.8193213180640784e-02
33                                     1.0653838026976384e-01        -1.2019605874403382e-01         2.4351011704177535e-02        -2.0625742692840905e-02         1.9662087497831693e-01         5.0623675615256485e-02         8.9890273775755231e-02         2.2964436762995578e-02
34                                     4.5666030635441848e-02        -6.6116655473376085e-02         8.0682329575512152e-03        -2.7807995620593006e-02         1.1065394533909079e-01         1.6324307575153751e-03         5.4315216944244890e-02        -3.9703625566703010e-02
35                                    -8.0575088807146991e-02         5.5055186504398945e-02        -2.1784194951272789e-02        -3.2794466056288871e-02        -5.7615864086360179e-02        -8.4766192717722386e-02        -1.1885087467968747e-04        -1.5338313113735919e-01
36                                    -2.5828945983914153e-01         1.3841143590795926e-01        -7.2534013351215135e-02         2.9646987085955361e-02        -9.0472089541132020e-02        -2.2982837543229565e-02         1.8924968921869241e-02         2.2881927949596598e-01
37                                     1.4825233500730978e-01        -7.8128847591870373e-02         4.5509761892847500e-02         4.0004143825223090e-02         4.9835772710424289e-02         1.5077354414997218e-01        -3.9943128985987904e-02         1.5019201434291429e-01
38                                    -5.7983406963836651e-03         1.8556107752922463e-02        -2.7365754309810350e-04        -2.3724256771277016e-03        -3.2649794443168054e-02        -3.3005422440862499e-02        -1.5957331768029426e-02        -5.8947767538274264e-02
39                                    -1.3339284591504610e-01         1.3527247687960084e-01        -2.6256436333837403e-02         9.2574574438808802e-02        -1.2514888175769101e-01         1.1832954818218255e-02         1.8100733617227823e-03        -1.1135025345838898e-01
40                                     2.3582491401892995e-02        -7.8780497389098994e-02        -5.7020323338829240e-03        -9.1405638370155418e-02         1.3934884850274701e-01        -6.1680730271421902e-02         9.0974483374171647e-02        -1.0698903346634542e-01
41                                     3.0925609331950335e-02         1.0020607140314320e-02         1.5743986711119224e-02         5.8014805094069283e-02        -4.7234334156093606e-02         6.8780672155112979e-02        -5.3665139806940494e-02         1.2423438412667792e-01
42                                    -6.4723424660765527e-02        -1.6720851278641789e-03        -5.1947543910305240e-02        -3.5559581372166416e-01         2.1713190899897629e-02        -9.7796697123105722e-02         9.4210346730758163e-02         3.2016437490705701e-01
43                                    -6.7251880287722055e-02         2.2447190826110359e-02        -3.9518653207447761e-02        -5.5905560806872008e-03        -7.9725924922490095e-03        -1.3114959291247905e-01         2.9593747349500495e-02        -1.9544215925727323e-01
44                                     2.4600831813896971e-02        -1.3171957671088291e-02         1.5440783577618895e-02         7.3854653226682082e-02         3.1895695750764383e-02         5.9347010097057326e-02         2.1785801348839875e-03        -5.5725882063469819e-03
45                                     1.4923333753424678e-01         3.3394847535373084e-02         1.7743630547536932e-02        -5.2710190823754458e-02        -1.2828842768882856e-01         6.2119764959651581e-02         1.0683566589359245e-01        -8.2996571006227871e-02
46                                    -3.4234501747286705e-02         2.8245576659210087e-02        -5.7344598046743219e-03         4.4905916773447893e-02        -7.3883143915860705e-02         3.5551257278541158e-02        -1.1857075289772046e-01         8.2212310956614465e-02
47                                    -4.2726587489113968e-02        -2.1158655413730507e-02        -1.2851548747986052e-02        -3.2381070107117008e-02         8.3065639499486671e-02        -8.5373893497783446e-02         5.2208963460398959e-02        -5.7547949983423732e-02
48                                    -1.9088202319093384e-01         1.3029031596293339e-01         1.1977964298999558e-02         1.2792025637112522e-01         4.2889971613137540e-02        -9.5462606599726052e-03         9.3386922521324647e-02         3.1583635831354651e-01
49                                    -2.4254363019304631e-01        -1.9107073084014134e-01        -2.8079385191932194e-01         5.8766674346145790e-02         9.7130122369400926e-02         1.7769230581572641e-02         1.9394177085094919e-01         3.4153333299043416e-02
50                                    -2.5669915292413164e-03        -5.1698093663836243e-02        -4.1042314809908824e-02        -2.2074425040099994e-02         3.4688545851844243e-03        -9.3969321135331227e-02         2.8427347954751589e-02        -3.0467656036227364e-02
51                                     4.4597529373199690e-02         3.5593658833797415e-01        -3.1942057180876851e-02        -6.5073537402834919e-02         9.3542529737839081e-02        -6.1585548952606241e-02         1.6125658103950807e-01         1.9044152224230435e-01
52                                     2.5315488548183631e-02        -1.6545108206181172e-01         3.0980095558312069e-02         1.5822870931021421e-01        -2.2611700873618263e-02        -1.5340240484179371e-01        -8.5697203920067730e-02        -5.1671751813043329e-02
53                                    -2.8556749084785484e-02        -3.9319075045757344e-02         1.1641107006808375e-02        -1.4076308540006018e-03        -5.8468229483336865e-03         4.7298825264659478e-02         9.4618004095411261e-03        -3.2200554774877210e-02
54                                    -1.9358771155700120e-02        -1.6028199303343180e-01        -1.5714390972096579e-01        -5.3666955288508664e-02        -2.5005362661219832e-01         9.7206728880571872e-02         2.0411255154266555e-01        -6.1700254971609495e-03
55                                     6.1708784630486327e-03         7.5474564597587696e-02         2.0513436119561010e-02        -8.0017755451478406e-02         7.8528723377864346e-02         3.2049545238204996e-02        -1.4327221817403971e-01        -8.8219867151879249e-03
56                                     1.2318582132909268e-02         6.1076617801243726e-03         4.8790210032030858e-02         8.1430134118727127e-02         4.3555827832848802e-02        -9.8944576376129315e-02         1.1040724763598797e-02         1.7633338764425171e-02
57                                    -4.3404545885726703e-02         2.1160009610601119e-01         2.6318571222163789e-01        -6.9963907523237112e-02         5.6345313130275630e-03         1.1291687353645020e-01         1.4403970647876496e-01         5.8194848920146987e-02
58                                     3.1070673566507796e-02         1.3163695174419379e-01         2.0066337814724206e-01        -4.4590565752081333e-02        -8.7332780282750079e-03        -1.1088150154485779e-01         9.8980459633255941e-02         1.3460574462076563e-01
59                                     1.2874540121268407e-02        -2.1041137483349855e-03         2.0336073377721555e-02         1.5183564364133092e-02         2.0826124030286379e-04        -9.1274962345660585e-02         1.6065306567754470e-02         5.1135661760996362e-02
60                                    -1.6508297612626810e-01        -9.1338974991487160e-02         5.0044825915472803e-02        -2.5569251784876661e-02         2.0320817025985932e-01        -8.6058282583034135e-02        -2.4122877806288776e-01        -2.5935926721885428e-02
61                                    -1.5709203701297067e-01        -6.2874884294809516e-02         5.7727087337956000e-02         4.8166183115761638e-02         1.7678844467920340e-01        -2.1351457797505564e-04        -1.6318698162412990e-01        -6.7467372950337529e-02
62                                    -6.0215050361087714e-02         1.2626815322720983e-02         1.8757845189785061e-02         4.6036688876148465e-02         3.0924046249293517e-02         1.1394473050018643e-01         9.5959150733077678e-03        -7.2941468732159662e-02
63                                    -9.5478933971871599e-02        -2.3511539296277251e-02        -2.1493445695499942e-02        -9.0543372526352722e-02        -2.3306235046977871e-02         1.6647466788692311e-01        -3.5085909011528318e-02        -9.3678058217761859e-02
64                                     2.5469786522767851e-01         3.4322481644456332e-01        -6.3693662028518533e-02        -1.7634289985582707e-02         5.9907922179527548e-02         1.1344577954894320e-02         1.8046299626277688e-02        -5.9581483487928869e-03
65                                     3.2295093191974267e-02         6.3252694730284206e-02        -1.5021116292707743e-02        -1.1844849488398951e-02         1.0224311877961771e-02         5.6284337511377167e-02        -8.7198199565569588e-03        -4.2934950471461751e-02
66                                     8.6085326570438589e-03         8.9627565701391708e-03         5.5817085172491641e-02         8.8229855577289906e-02         6.0867966047122357e-02        -8.2450983256959071e-02        -2.3753309763685525e-02         3.0512917121213803e-02
67                                     1.9555321282902169e-01        -1.7869063260296103e-01        -2.0523568065794848e-01         6.5081595818821364e-02        -2.9055876461717428e-01         6.3447118163666882e-02         2.6964048707682109e-01        -1.8328789738273434e-02
68                                     7.9786268983418104e-02        -5.1016969632271487e-02        -6.6899185211374999e-03         1.0428678291271028e-01        -3.2394998503624005e-02        -9.1590190135060409e-02         6.5098334166166588e-02         4.0483285963905311e-02
69                                    -7.4133260678653515e-02        -2.0313360006237446e-01        -3.3743034145697270e-01         2.9915367140700970e-02        -1.0481148316674668e-02         2.5502923684950676e-02        -1.4324496880968227e-01         1.1737211533872040e-01
70                                    -1.6108790730230988e-03         8.4914435388209503e-02         1.0641371378586137e-01        -1.5983158025723847e-02        -9.9292908095053255e-04         1.6820531653636109e-01        -1.3286949379835088e-02        -1.2694893575685243e-01
71                                     3.0572809707502535e-02         2.1977461049419233e-02         4.6657223972807818e-02         1.1189650850258352e-02         3.1389641085447120e-03        -4.1264880406761399e-02         2.1047863432287765e-02         5.4333678127632583e-03
72                                     2.4572503785250935e-01         6.8461071315345332e-02        -5.0327071316639715e-02         6.6195862129868430e-02        -2.3783785172057895e-01         3.3839595076640763e-02         2.7379617721192456e-01        -8.0307268588532904e-02
73                                    -1.1259210503115913e-01        -2.3632748950351605e-02         1.7837292565032796e-02        -9.8941201509077828e-02         7.3736025088374860e-02        -9.1460380449762901e-02        -4.8452140200165104e-02         8.2924966475713555e-02
74                                    -2.7396617056323579e-02        -7.3367918937089953e-03        -4.8605946075717726e-04         2.2129202251427900e-02         3.6935807424229694e-02         8.1540608913907492e-02        -8.3343105726192815e-02        -3.8766926892965153e-02
75                                     3.3943844338552985e-02         1.5345274125901143e-01         9.7403239413816831e-02        -1.6390265571401533e-01         1.5439794851958100e-01         1.6298900606746079e-02        -1.7374452558850215e-01        -1.1626952120897078e-02
76                                     8.3952724631309511e-02         9.8160825723721645e-02         8.4493393762510471e-02        -3.0755231517333784e-02         1.2890367400500080e-01        -5.2584358145491943e-02        -1.6337639074320237e-01         7.7911667266521601e-04
77                                     7.3731695188480884e-02        -1.2402696757358745e-02         2.1790673568174924e-02         9.7475019134050073e-02         2.3493756849554629e-02        -1.1572663828543198e-01        -2.3491103301273835e-02         2.3003901736081238e-02
78                                    -1.0662223659295629e-01        -2.7822202962051562e-01         1.0921488540681638e-02         4.3729143711368698e-03        -7.6973256316033148e-02        -1.2673604670280916e-01        -5.8205096306638206e-02         1.6319921545504870e-01
79                                    -1.2550846527163337e-01        -1.9724422761753238e-01        -3.2401840328686975e-02        -1.3809214907838344e-01        -8.5417421466635474e-02         8.2445560802016413e-02        -1.2995416586682007e-01         1.1571417352774237e-01
80                                    -5.5971382718863535e-03        -1.4808051619184999e-02        -2.5650206560532220e-02        -4.3387648371718358e-02        -2.0349454543930015e-02         7.6221535976257387e-02        -7.0889091105073104e-02         9.6996172585572284e-04
                                                        40                          41                          42                          43                          44                          45                          46                          47

0                                      1.7683804005532184e-03         3.5650677577265277e-03        -1.0303769860843066e-02        -4.2030378050897691e-05        -1.8911174077449471e-03        -1.0663813692350687e-02         1.5147639819430194e-03         2.5947373532736471e-03
1                                     -3.3212611951513191e-02        -8.6515608317449377e-03         4.4034701901042057e-04         4.1912035927813764e-02        -1.7538865376559423e-02         1.0030267417097215e-02         2.7876784474464390e-02        -3.2434118717747308e-03
2                                     -2.4476049164493877e-02         9.8295176995267901e-03        -3.7433479945922297e-02         1.0836640568158624e-02        -2.3574699915416900e-02        -3.2280935167973229e-02        -2.7392363610395133e-03         2.5716147236210323e-03
3                                     -1.8085660679385999e-02        -1.4663789221649237e-02         3.1622233275922215e-02         2.6883275471308917e-02        -2.4099277260287866e-02         5.4777490850564721e-02         5.2470218108541168e-02        -2.1508891146980517e-02
4                                      3.7979247761129910e-02         9.0571595848982101e-03        -9.0089265585216686e-03        -4.4495332351887365e-02        -2.9478517769374354e-03        -2.3369769962450365e-02        -1.1218115246662167e-02         4.4183855354431485e-03
5                                      2.2270810398247135e-02        -7.4609947959211782e-03         1.5877831800101501e-02        -1.0210907075487547e-02        -1.7423147910175539e-02        -1.4364004556926662e-02         1.4308454931735149e-02         5.6746208456260709e-03
6                                     -2.0213597271195545e-02        -1.9094485876166623e-02         2.4140290296288190e-02         5.3483587812349201e-02         5.7575733228684258e-03         1.3234974302693634e-02         3.0008559447280717e-02         1.5661958309107899e-02
7                                      6.8855296174659304e-03         4.0233002903516685e-03        -3.3755728209438362e-03        -2.1911091844075987e-02         2.9081339791148641e-02         2.4355339013490628e-03        -2.1808677388888420e-02         3.4774060907257188e-03
8                                      3.1126428375612199e-02        -8.0813327986642720e-03         2.1299280701408851e-02        -2.0092477519477611e-02         3.7908974545211402e-02         4.0208758942486850e-02         1.0412998167184780e-02        -1.9815500183606230e-04
9                                      1.2227949645100548e-02        -1.9186290576035228e-02        -2.9132982623812330e-03         2.1466704984542593e-02         1.2947067283043260e-03        -2.9317637768011700e-02        -6.4279044808359012e-02        -6.9049613539383121e-03
10                                    -1.4265254958345040e-03         2.2602897155764301e-02         1.4816080385672921e-02         1.6518961816925505e-02        -4.3730545762748242e-02         1.6206681350932797e-02         8.7284603570241502e-03        -9.3601353850215376e-03
11                                    -2.1034563605565560e-03         7.7055969091418888e-03        -8.0957531028768653e-02         3.1812803328188539e-02         1.9366573186172849e-02         1.7300787380205664e-02        -1.8147880051376953e-02        -5.8429706652894800e-03
12                                    -4.1229684363098040e-02         1.6598394337656218e-02         9.7459028062159177e-03        -1.0930647097360411e-02         3.6226126207243713e-02        -5.9468325304003922e-02         1.0622315324221981e-02         3.3341983192257410e-02
13                                     5.9989911259589789e-03        -1.2971120257858470e-03        -1.0650732796095394e-02        -2.2754351263322807e-02        -2.0836034638938163e-02         3.8747107700253088e-02        -2.0899218235132040e-03         4.4995777770004573e-03
14                                    -2.5718569743547082e-02        -5.8375654766760807e-02         3.3351979943193763e-02         2.8159214550240973e-03        -2.2739535741099354e-03        -1.9524192656494715e-02        -1.5793827158471368e-02         1.3511414910626816e-03
15                                     3.5152753950712358e-02        -1.7663637804488774e-02        -1.4428228506187859e-02         2.6653793052726003e-02         1.3882950768061368e-02        -6.2698258752640103e-03         1.4719846962217311e-03        -8.7021181986279020e-02
16                                    -3.0552806684558203e-03         7.1045875140735822e-03        -2.6021392104651352e-03         2.4349706838714551e-02         3.2053748167337082e-02        -2.9062761902788996e-02        -2.3453112957524404e-03        -3.5920931703697485e-02
17                                     2.1985596969342065e-02         6.6875982200090014e-02         4.1675878889718548e-02         2.0520898065653524e-02        -2.1099981647982589e-03        -2.3077943273294840e-03         4.3910159360126856e-03         4.5547857867580741e-03
18                                    -3.4253717408196743e-02         2.6936427693614130e-02         4.5275526278211872e-03        -2.6026781503719568e-02         3.3293585002818350e-04         4.7640908856101723e-03         6.0850187103960746e-03         1.5503440731440346e-02
19                                     6.6431676710595735e-03        -8.1499367319101922e-03         5.0532145427893043e-03        -2.0960145090059886e-02        -6.9382489309846316e-03        -1.8121799799143377e-02         2.4697537415792954e-02        -7.2879741443464638e-02
20                                    -2.3703879765500108e-02         2.1651287408459088e-02        -5.7770765765135894e-02        -1.0477048894666016e-02         1.7755727355735849e-02         1.6809202987943143e-02         2.0694647640217455e-02        -1.0915771663670368e-02
21                                     2.5769256729198248e-02        -3.3810805201898331e-02        -1.8755572334664516e-02         2.8322831436421111e-02        -8.0670298793494143e-03         2.0450584301946795e-02        -2.2681508466638772e-02         7.5754356277546897e-02
22                                     1.5285993618151208e-02         2.2423589651265168e-02         6.4083116055843941e-03         2.1562959488568838e-02         2.8740260054868180e-02        -1.5103209941024055e-02         2.0785692903712287e-02         2.3039744822693697e-03
23                                    -2.9002785823120106e-02        -5.6274210483681170e-02         2.1734434286894033e-02        -3.8269450953391376e-02         2.5063929568520959e-03        -5.6911416081100443e-03         1.0503439001667383e-02        -7.0726205532116093e-03
24                                    -3.7721288762032977e-02         3.3821086440314042e-02        -1.2833286536038718e-03        -2.3223618116993603e-03        -4.7079865633105233e-02         2.3522058581033494e-02        -3.2744207001783106e-02        -4.1796270599583685e-02
25                                    -1.6358157324689586e-02        -1.0714295034354957e-02        -1.5823124959477519e-02        -8.4228907003329381e-03        -3.6546609326345667e-02         2.5959616668712826e-02        -4.8396961000391890e-02        -1.7980619814421353e-02
26                                     3.9839922055756517e-02         3.0076870131585231e-02         3.6254912522910375e-02         1.2476493531785936e-03        -4.1427539695931881e-02        -8.5539521983619832e-03        -2.2089634369115707e-02        -5.3914087500526392e-03
27                                    -9.8662988460705453e-02        -7.8426043245455081e-03        -4.4347841533560327e-02         8.2738989705066129e-02        -5.9552252833958354e-02        -3.6690840935402369e-02         2.2033521315783899e-02         3.9545918678334895e-03
28                                    -2.8954958613730097e-02         1.4125840446476913e-02        -5.1911769249175205e-02         1.3707137213187738e-02        -2.5151523639566090e-02        -4.7280577158353793e-02        -9.4807325155415994e-03         6.0341370672172285e-03
29                                     3.6882495493908693e-02        -2.3283635642585870e-02         7.6342515413057005e-02         2.4760617336826656e-04         2.4026560987796854e-02         7.9263455247374617e-02         4.7676181502138572e-02        -1.3124113064243478e-02
30                                     3.5122517555769305e-02        -2.2366964323536007e-02         7.8189438166394010e-02        -1.8099400303538841e-02         6.0815500966503795e-02         5.4408217982272127e-02        -4.7239506677074244e-02        -3.9296073812533855e-03
31                                     9.1123701192483392e-02         6.2194799922092739e-03         3.0888892453484015e-02        -9.6313318984883864e-02         5.2879148534368620e-02        -8.6752844915533311e-03        -6.1169510759128999e-02         1.1582896607323047e-02
32                                    -2.0675452934716053e-04         1.0162185307326375e-02        -2.6831029063485268e-02        -1.2470230431422244e-02        -1.1616477231045903e-02        -3.1836758724258798e-02        -1.3827046992618379e-02         4.9702927517221579e-03
33                                     6.9758263882075650e-02         3.3788721743673776e-02        -4.3661933836707911e-02        -1.0558369490207252e-01         2.7058612324015508e-02        -7.0957832896795942e-02        -9.0112006553861215e-02         1.4776837994599334e-02
34                                     5.6414463253333456e-02         1.1858267353756811e-02        -8.3050866872445438e-04        -7.2275287910797403e-02         2.3374243412197349e-02        -2.4234270151216163e-02        -5.0277540053824898e-02         7.0078792580513891e-03
35                                     4.4647842375910511e-02        -2.6402099897202300e-02         7.8094282556361125e-02        -1.3545282308178168e-02         1.9323942179753181e-02         6.1159420307188475e-02         4.3051652463201494e-02        -3.6701959935611607e-03
36                                    -5.7904737919763277e-02         1.0019420000353593e-01        -3.4799036125572425e-01        -4.8116576577741134e-02        -2.5430696964612926e-01        -4.9945825922324988e-01        -6.8726871633104078e-02         9.6970935359523266e-02
37                                    -3.7132708768245266e-02        -8.8569259628162068e-03         4.8173103052684650e-02         5.2336570541851632e-02         9.2097746227605901e-02         1.3560838017488769e-01        -6.6037240265264313e-03        -3.0659673590348796e-02
38                                     1.0316734055625654e-02        -1.2579687679936247e-02         3.0508700500276948e-02         8.5624405392099121e-03         5.0651683396186085e-03         2.4847941325687233e-02         1.9062446409953797e-02        -2.2329790203191500e-03
39                                     2.5033360210731248e-01         4.8443542695606842e-02         1.0828707363735884e-01        -3.2459372678525633e-01         3.9606402421497777e-01         6.4454456816400524e-02        -3.7413070679084265e-01         4.7135070281627500e-02
40                                     6.1861120022538262e-03        -1.1239072645025147e-02        -9.8970099333566958e-03         2.2584360173172075e-02        -1.2918194687021833e-01        -4.4341966403419170e-02         1.0877744704565237e-01        -8.5225264686727732e-03
41                                    -5.3963018285303525e-02        -1.2842178044435095e-03        -2.1890574773882003e-02         4.3686483896456040e-02         7.5387833036375460e-03         1.9493766735711720e-02         4.6423913192975607e-03        -5.2051168395898569e-03
42                                    -1.1381486854700483e-01         1.4926240177505065e-01        -1.7352349674631906e-01        -1.1841546087859492e-01         2.1997532522065877e-01         9.3693309560162558e-02        -3.6326226384873306e-01        -9.5380122700604572e-02
43                                    -2.4143317802019393e-02        -2.5039069556502803e-02         1.4972404196956706e-02         4.9964157290298759e-02        -1.5114256637120632e-01        -1.0334551623897262e-01         1.0417510010683308e-01         3.2432056265109886e-02
44                                     3.4423237441849455e-02        -2.2786211915911504e-02         3.2244758525412295e-02         2.4247012270508976e-03         7.6224594822836154e-04         1.9845239330755157e-02         4.7805479236570018e-02         9.9396785567653755e-03
45                                     3.2804296753831791e-01         4.0103785987658812e-02        -8.9646599488284573e-02        -4.1439576143396684e-01        -1.5010923618467645e-01        -1.9604919627424028e-01         1.4347061452012180e-01         2.1462971360801008e-02
46                                    -7.3962770488445045e-02        -2.1303696798763459e-02         5.6250813544747022e-02         9.4009971472190701e-02         1.1102756231721689e-01         1.0094283869421167e-01        -4.1435242949825923e-02         7.9079208446388473e-03
47                                    -4.4446324622798961e-02         3.9856050849915951e-03        -3.0410084645853212e-02         7.0912273098980766e-02        -3.2750068775390710e-02        -1.6912484605752648e-02        -2.7264762134594119e-02        -1.7170305736476453e-02
48                                     3.2627964261618875e-01        -3.1403530862838855e-02        -2.0354157723824207e-01        -6.4640672727681592e-02         9.0238766535651022e-02         2.7376018793562484e-01         4.1765113699559464e-01         4.9944995106256856e-02
49                                    -2.1751978814940662e-01        -2.6436709750052895e-01         1.9839277582523084e-02         1.3367309974232786e-01         3.1232042476677468e-01        -5.5248429363552690e-02        -9.1282887652038309e-03        -4.9650618507623093e-03
50                                    -5.8957764326368560e-02        -3.8120783612869712e-02        -6.1219303900106110e-02         6.0174945143410055e-02         6.8485154615092955e-02        -1.6003912628046863e-02        -6.2139073297466270e-02        -1.0349005524046885e-02
51                                    -3.2685423474049763e-02         2.8913671451749284e-01         3.0638718117348845e-01        -5.2117792365356120e-03        -1.2624627833252836e-01         1.8829187952614213e-01         1.0185274058278676e-02        -1.1705252071628544e-01
52                                     7.1344778167518941e-02        -2.5938827908001984e-03        -1.8382859791748346e-01         7.5414662273069321e-04         4.5814238188446557e-02        -2.8120814222230360e-02         2.3028532144555049e-02         4.9369744049987646e-02
53                                    -1.0244904831687567e-02        -6.8807503729625810e-02        -1.8946297264410300e-02         1.0829291945930341e-02         2.0826026746686446e-02        -4.5049672920914684e-02        -1.2911454215364512e-02         1.4099163257431989e-02
54                                     2.0002896209115995e-01        -2.8846061130485934e-01        -2.3668139550489484e-01         9.4296072329528302e-03        -2.0815936937049978e-01         2.8628371817194392e-01        -4.5019130130950484e-02        -2.7792195928081124e-03
55                                    -1.2557431667186786e-01         6.6953898112048923e-02         1.1728364697840675e-01        -4.3985192257293859e-02         7.2187838772342597e-02        -1.1609015517386033e-01         6.6323391662188799e-03         3.8995530129137639e-02
56                                     1.0955945288282174e-02         7.9102200064847944e-02         5.8698784806905111e-03         3.2521787226546008e-02         3.7176082996351174e-02        -2.7480349355767323e-02         1.0947590745116484e-02        -2.6430292535318003e-02
57                                     3.3198584680498924e-02        -2.6920879412599602e-01         1.8295078538986106e-01         4.1201170493924001e-02        -6.1502459652115510e-02        -1.3309729668137446e-01        -5.9606805038845502e-02         2.4538776477313692e-01
58                                     7.9482270555914836e-02        -9.9242900452925192e-02         2.1177032883022076e-01         7.0193758305452242e-02        -6.0421632613411505e-02        -9.4924952306587373e-02        -5.8712566199358877e-02         2.0065051916694709e-01
59                                     2.7205377604331275e-02         6.4814822474050168e-02         6.0203198347888662e-02         2.6636371437769455e-02        -7.1159074831559166e-03        -7.7896364685223918e-03        -1.9195882375681265e-03         2.4742766546899702e-02
60                                    -1.2083933843297469e-01         1.5542106913731751e-01        -8.4884077007821898e-02        -1.9727661795845597e-01        -1.2996862342603388e-01         2.5725858263513063e-01         2.5061350036287136e-02         2.1869199972893444e-01
61                                    -1.4169198659052099e-01         1.2463190359506132e-01        -6.8448566714328307e-02        -1.5171155444802681e-01        -6.9927253605469197e-02         1.6683349692078309e-01         8.3863585122317900e-03         2.1142784599124689e-01
62                                    -7.3954815938910096e-02         1.2404609547865570e-03        -1.6295300240977563e-02        -9.7582613388916811e-03         3.0581297795267862e-02        -2.1504488852524976e-02        -2.0259488503270563e-02         5.8749704238005920e-02
63                                    -7.3097458228148305e-03         9.0449080935833995e-02        -9.0036567799968770e-02         1.9239806425053720e-02         4.6853990927673055e-02         2.9505955429370404e-02         5.6428730673613356e-02        -5.1128319875148518e-04
64                                    -1.7181286014761957e-01        -4.0321007116979896e-01        -8.9072142610950755e-02        -2.0025768494238710e-01        -6.1203162821457130e-02         1.0161154672832283e-01        -1.1251062297417941e-01         3.4385757480612442e-02
65                                    -5.6930339959044195e-02        -4.3494603466295606e-02        -5.7625149593275762e-02        -4.7042408037878035e-02         3.9981815917823921e-03         3.3172544295108200e-02        -3.4932153456757277e-03         8.1533973767831877e-03
66                                    -4.0263575377602785e-02        -1.6727658830460939e-02         3.9973317734054638e-02        -7.2433245521756853e-02        -1.5711509511932429e-02        -1.1989066721830388e-02         2.1920915916735156e-02        -6.5369238874563945e-02
67                                     5.9366990415855664e-02         2.7531546721698635e-01         7.1337657274651439e-02         2.1717705564983214e-01         2.9469472741268932e-02         4.7852949271659624e-02        -7.9943656356714299e-02         5.1353307454055319e-01
68                                    -1.3549947418187169e-02         6.3141325253670083e-02         6.7112835935374052e-02        -1.4393015083985776e-04        -4.2410223674173219e-03         7.5690759114690935e-03         1.4654034622048437e-03         9.4721357791711397e-02
69                                     2.5519627313625171e-01         7.3557563861288179e-03         2.5085269323349779e-01         5.9524996720119912e-02        -1.5139322782089937e-01        -1.0633124165114453e-01        -1.2805285287543028e-01        -2.7880626526158742e-01
70                                    -4.6939683112893739e-02         1.1167679855522933e-01        -1.3117463769035714e-01         4.2048389076468989e-02         5.7541074021622951e-02         4.9681180610029206e-02         4.1370837866857448e-02         1.1947884669366819e-01
71                                    -5.4373068663407499e-02        -3.7461786960000187e-02        -2.0712155434199880e-02        -3.8392648789883084e-02         1.1984727035814718e-02         1.4668629007610212e-02         1.8129391431826885e-02         2.8874100810828800e-02
72                                    -2.3885097289703511e-01         1.6607366696643086e-01        -2.7209123615272199e-02        -1.6962985393912888e-01         2.4771665601645493e-01        -9.3783430649903077e-02         3.1004042215377164e-01        -1.6281534097522465e-01
73                                     1.0664828608687947e-01        -1.0858772073329971e-01         2.8926272804209587e-02         8.3201951406422336e-02        -5.2330837323559302e-02         2.3276036779124831e-02        -9.1275164887169510e-02         1.1986709364943514e-01
74                                     2.3570004555959485e-02         2.1919800276707643e-02        -1.3460307657566548e-02         1.1204546438266232e-02        -6.0239582510331575e-02         1.9167531442471224e-02        -5.8872966369411764e-02        -1.9417966788995707e-02
75                                     2.4993289347869202e-01         8.8671794738047014e-03        -7.7885848801059213e-02         2.2373773592498089e-01         2.6287760850452591e-01        -1.4773724613593861e-01         1.6185041573427983e-01         4.4388978444599880e-02
76                                     1.9582282211831908e-01        -4.9066014382808561e-02        -9.5837729672124547e-02         1.6463501248761814e-01         2.1489014517263591e-01        -1.0069202440030818e-01         1.0479207453409255e-01         5.7274304290348313e-02
77                                     1.4989116269246082e-02        -6.8488448632846963e-02        -6.4233309576948172e-02         8.4545050073706295e-03         3.6539928816135978e-02         6.3089172700202785e-03        -2.2500075421018817e-03         2.8752282602332428e-02
78                                    -1.2499287481951345e-01        -1.7309104735021091e-01         1.8643177966574204e-01        -2.9742872624713235e-01         8.7071704586289614e-02        -8.2986977190467270e-02         2.1641217781719818e-01         1.5521524128309039e-01
79                                    -2.1960997869591631e-02        -5.0989429266577374e-02         2.0722590847678624e-01        -2.1053823835202418e-01        -1.5495339297254048e-03        -9.4861291962437741e-02         1.6830254947434467e-01         1.1991145791415284e-01
80                                     4.1881620522440266e-02         2.7479330201280478e-02         5.2353637224728015e-02        -1.3506917503623955e-02        -3.9866824745863602e-02        -1.8788572041838716e-02        -8.1928075402458618e-03         6.5348524486061434e-03
                                                        48                          49                          50                          51                          52                          53                          54                          55

0                                     -3.1123023264456994e-03         3.8387757095929872e-03         3.2566761796609515e-03         3.2722455573321575e-02         7.3325992833979219e-03        -1.1188948120008017e-01         1.6845917243909251e-03         1.2798497161301586e-03
1                                      5.4018619335691040e-03         4.8720291368706311e-03         4.2129289915206810e-03        -1.1661859941483063e-02        -5.2668938440637763e-03        -3.3535890832035328e-02        -1.8975758480203324e-03        -1.4404883712516336e-03
2                                     -4.1971923440366800e-03        -9.6935602573549890e-04        -5.2571365395330224e-03        -3.3825897156173905e-03        -7.7719321564745057e-03         3.4589232121300648e-02        -1.7957526267624378e-03         1.1778214500225510e-03
3                                      3.7488768023350771e-02         1.1047679774478989e-02         6.6578519252391243e-03        -9.7315872430088310e-02        -1.4828435122752420e-02         3.8402039180698297e-03         6.6152025387577616e-04         5.8407606390498655e-03
4                                     -8.9236435047477559e-03        -3.1098611962804331e-03        -6.5923324950612145e-03         1.0399257066688778e-02         9.2680821576015485e-03         4.7104078295888034e-04        -1.3754946487308932e-02        -4.5265570214098722e-04
5                                     -1.3624013086407873e-02        -1.2942083073170748e-03        -6.8012535424494891e-03         7.9125857274547420e-03         5.9949273522786001e-03        -7.6334782392578084e-04         6.1857346883285270e-03        -2.1985030579318907e-03
6                                     -3.6760059766712559e-02        -4.3320409226890464e-03         1.0493755267044214e-02         1.0582359129156572e-01         3.8269298082787409e-02         2.8783618136629392e-02         3.4972633185643138e-03         4.8015618963161847e-03
7                                     -7.3143658626267701e-03        -8.0078478817405593e-03        -2.2118171632495862e-03        -2.5668745386460998e-02         4.1492239687930385e-03        -1.0782059584475617e-02         3.3486771337018544e-02         2.2850215100415072e-02
8                                      3.8960392826330871e-03        -1.3198425486090810e-04         1.5053260349822406e-03        -1.0905055470737854e-02         1.0853776685127922e-02         1.1136570224576814e-03        -1.8546099487003889e-02        -1.3799623420997527e-02
9                                      1.5596242293315462e-02         1.1294345194764240e-03        -4.4871855588286755e-02        -1.5153617291764490e-02        -9.6218770607210055e-02        -1.7064375971007288e-02         6.5988873103549372e-04        -1.3127904089969141e-02
10                                     8.7057589189522430e-02         4.4721446660709589e-02         3.2785493654159545e-02         6.1223288909588600e-02        -2.9982406145365251e-02         2.0046449210028041e-02        -7.1038195301067935e-03         9.7227533204021378e-03
11                                     2.0472502938722398e-02        -3.9477116318801207e-04         3.9417705098197219e-02         7.1555856497285027e-03        -1.4023860903683278e-02         2.1619028382666793e-05        -3.1725318361385999e-03         6.9833654735397700e-03
12                                     3.8029864853364875e-02         1.1376675679562727e-02         7.0260937389164446e-02        -2.8536919971573607e-02         6.6989014099567687e-02         8.5128304382000675e-04        -1.7261013455290887e-02         9.3891882888961914e-03
13                                    -3.7139651401305415e-02        -3.6709834665125791e-02        -1.8410997040618007e-02        -2.6805371493906002e-04        -2.3291544645789627e-02        -5.2932098556387648e-03        -3.9443100583149752e-02        -2.0127972354930912e-02
14                                    -1.1246763004772162e-02        -2.4190699438153836e-02        -1.0205941607277160e-02        -3.2076853333456380e-03        -9.7880161917254568e-03        -2.7083880951427855e-03         2.6206253709331183e-02         3.0890749814162974e-03
15                                     8.9303783394597425e-03         4.3689247826396327e-02        -6.7359051944369586e-02         1.1134172311977154e-02         2.4659081883697250e-02         2.9886091150089955e-03        -8.1928790479095220e-03         1.7951280522120624e-03
16                                     5.2197976637888910e-03         7.6627915316325609e-02        -2.1818161795294340e-02        -4.8814397344042150e-03         3.2503744044163160e-02         3.5806711580415877e-03        -1.5035659966209619e-03        -6.3803031532474437e-03
17                                    -2.7616754054429165e-03        -7.2825372563152275e-04        -1.3303813789908284e-02        -1.7744670011930433e-03         1.0224750307657163e-02         5.4136786411486349e-04         1.1486847104639568e-02        -1.3049324876732781e-02
18                                    -2.5225793303621836e-02        -1.0770736003959454e-03         3.8570071537470843e-02        -4.3358065924858540e-03        -1.5986977533291372e-02        -9.3428334733465393e-04        -8.9876517458288493e-03        -3.9536080558353039e-02
19                                     5.6354922533274433e-02        -1.0983934834757182e-01        -8.3744415294165851e-03         2.0301141619937634e-02         3.6556496861451593e-03         1.0147256613888343e-03         1.4178012700770959e-02        -8.2626507902442987e-03
20                                     1.0296615328367172e-02        -1.4033547654130250e-02        -1.8517941724832159e-02         7.4425521843345388e-03        -3.1616589475607321e-03         1.0031938251293360e-03        -2.1552291481721770e-03        -2.7170326557223609e-02
21                                     5.7010711143348339e-02         6.2356474470374144e-03        -8.4775227679860413e-02        -3.7949139046575130e-03         4.4251192821694686e-02        -9.4946249549154155e-04         8.6016782377307376e-03        -1.1286174882796124e-02
22                                    -2.8467532448924311e-02         3.2929525720141677e-02         2.9401131407116598e-02         2.2929164092958137e-03        -3.8733257665938076e-02         1.9157267466847982e-03         6.0652656129515379e-03        -4.7267345022919526e-03
23                                    -6.4238801045275479e-03         2.0495679945948222e-02         6.9900547700252839e-03         6.6198704882022069e-03        -2.9359199844184052e-03         2.0112377627507175e-03        -1.0134476945986581e-02         6.5046246840371668e-03
24                                    -2.4112407065284707e-02        -1.5468398658004430e-02         4.8442091663200064e-02        -9.0743299865123257e-03         6.0106121003957957e-02         1.9799280010247516e-03         1.8478677071276539e-02        -1.8508469490086523e-02
25                                    -1.8864827030362123e-02        -3.3551081593831217e-02        -7.7351570962658359e-03        -2.1395659211627636e-02         6.2048795412824938e-02        -5.5796134585358375e-03        -1.4908072813073475e-02         2.7422485472685498e-02
26                                     4.8027534642825984e-03         1.1099974069909074e-02         4.5553862649193519e-03        -2.7610559164096666e-03        -8.8793078858463367e-04        -1.3631946625599039e-03        -2.6645457568434693e-02         3.6055315446560036e-02
27                                    -1.6886568595258705e-02        -1.6054372889512551e-02        -2.5334932190061197e-02        -1.0962493948113061e-01        -3.4412954312693117e-02         4.2943548653762614e-01        -1.1126049490315613e-03        -7.0014800090013726e-03
28                                    -9.3258805036226140e-03         1.3121437491148133e-04        -3.5288744340750944e-03         3.6434680069725126e-02        -2.4434855672732458e-03        -3.3981323640647404e-02        -4.2838533227858282e-03         1.7092094328633504e-02
29                                     2.5556511077609485e-02         1.6216339018905776e-02         2.1292256087974450e-02        -1.0907764045952404e-02         1.3153250687489683e-02        -2.5444505054258132e-01         5.5781500159209647e-03        -2.6497749380964372e-02
30                                     4.5920302655366382e-03        -2.1063552751758561e-02        -1.0741901222051115e-02        -8.8759975784540757e-02        -3.5053283139660718e-02         4.9410728924489739e-01        -2.5970041001841044e-02        -6.7988259843633457e-03
31                                    -2.5890591913564617e-02        -1.7166932810149825e-02        -1.2257137959212324e-02         5.0696187875878047e-02         2.8456040111195249e-02         1.0855390398123171e-01         1.0314819921461545e-02         3.0388159132155805e-02
32                                    -9.7569796584115777e-03        -4.3834165003952454e-03        -7.7396728647680145e-03         6.6773258202204866e-03        -5.3647893563989689e-04         5.6745962235593590e-02         6.4587138764332880e-04         6.2560529794872125e-03
33                                    -2.7116427179961166e-02        -2.2995562822205551e-02        -2.7207162804827517e-02        -1.8386602808893194e-02        -1.0353612659681521e-02         3.2662988790157105e-01        -5.9020234626201724e-03        -1.9342480956911916e-02
34                                    -1.6819573562181448e-02        -1.9039954724663577e-02        -2.1569466036213566e-02        -5.0720098317936967e-02        -7.7975289032506554e-03         3.1608639814161077e-01        -2.1150658087297491e-03        -1.7454667582857616e-02
35                                    -2.1643243702978025e-04         5.8632924913813219e-03         9.9976833902384755e-03         2.3161022704353315e-02         4.0174447373614926e-02        -2.0811012153801844e-01         2.6882921604141376e-02         1.2023295223708522e-02
36                                    -1.7701798274702463e-01        -2.7917800577787196e-02        -8.3333898987514560e-02         2.6211146255774775e-01         1.8570596029394367e-02        -1.6695202410524974e-02         3.0564230933443005e-02        -1.0657312132740616e-02
37                                     5.3226341325935067e-02         1.3145910387195077e-02         3.5135358452108141e-02        -5.6885867355919009e-02        -2.2240149678186768e-02         1.7686005629940403e-02         1.5092764466314909e-01         6.1279087848447027e-03
38                                     6.5260601252987180e-04         2.2964597386071080e-03         3.8159019687822675e-03        -1.0336622667300175e-02         1.7511639952497184e-03         3.0652373092645278e-04         3.2966313483657625e-02        -1.1333574202523631e-03
39                                    -5.4211579243037454e-02        -5.3084751897317699e-02         1.8174485487963458e-02         3.4998812663375745e-01         9.8070091860387551e-02         1.7967867511822951e-03         1.0684823537706716e-02        -1.8917956127412556e-02
40                                    -2.0519891562374073e-03         1.3538790297122554e-02        -1.6228847960196097e-02        -9.3608669057760913e-02        -1.4067741989694595e-02         8.9803472016550291e-03         6.6751706869103089e-02         4.7682482571770783e-03
41                                     1.7922676300647502e-02        -5.1917749956560579e-04         5.2943355165821892e-03        -2.0240356732124456e-02        -6.9699478267111412e-03        -1.0282512126520000e-02        -1.4394391751699037e-01         8.0933209974226562e-04
42                                     2.4919798966263088e-01         1.8691974755214929e-02         6.8516611717057196e-02        -2.7232921152903800e-01        -1.8311791076938261e-01        -1.0277614765722409e-01        -8.9932908780409743e-02        -5.1718463074277028e-02
43                                    -1.3784064751260138e-02         2.0299369756798316e-02        -3.1143609084101052e-02         9.0213672597753425e-02        -1.6600045227889399e-02        -1.1651025157429138e-03        -3.2476036390589119e-01        -2.2516677618367795e-01
44                                    -1.5577860740820354e-02         9.4187450457678627e-04        -2.5575854223210868e-03         2.8313828276213256e-02         2.3002289609584458e-02         1.3648175009159009e-02        -5.2435983202298260e-02        -3.7060423837226707e-02
45                                    -8.2941792471195583e-02        -2.7994397300008095e-02        -1.1641229987852672e-01        -4.3559063642134571e-01         5.3866208093495967e-02        -1.0321234513917064e-01         1.3248121710224863e-02         1.4960166967948441e-04
46                                     2.4050718666173886e-02         4.4419498523307604e-03         3.5222314682775153e-02         1.3819537937279913e-01        -1.6073778801039341e-03         1.7497885966575043e-02        -1.2781482986749207e-01        -8.4949895977160822e-02
47                                    -2.3525831289100550e-02        -8.1139909207473479e-03         1.6915066908966010e-02         3.4532611492219971e-02         3.6816029141805368e-03         2.9449742877211353e-02         3.1441180139605168e-01         2.1667265229512817e-01
48                                    -9.7818238994993034e-02        -9.2302124522046208e-03         1.7065989034822529e-01         4.8165798089702207e-02         3.1352823586659662e-01         7.4438704490201180e-02        -1.0838737438254368e-02         2.6638154923514137e-02
49                                    -4.3026241967649148e-01        -2.5402014153989433e-01        -1.8111602757730028e-01        -1.8514920702064977e-01         1.2753292800796689e-01        -5.0230174714670263e-02         3.8211750540786855e-02        -3.7892330546110214e-02
50                                    -4.8991747445072301e-02        -4.6661089271802937e-02        -6.5318498977812679e-03        -3.5878616766006427e-02        -2.8035566392174877e-02        -1.7700917216954458e-02         4.5155137483051944e-03        -3.3123588132897225e-03
51                                    -2.5833984361089685e-01         3.7196482801003573e-03        -3.9312633713782474e-01         6.6076780929463758e-02        -1.3362665599441115e-01        -6.1599149349177611e-03         1.8272179870528876e-01        -6.4780957665565523e-03
52                                     1.2844266739716001e-01         1.1662334984202893e-01         1.5187510231069604e-01         9.6545246141339237e-03         7.0311447042995879e-03         1.4568882299893766e-02         3.7652350282619901e-01         1.3898612897878015e-01
53                                     4.0317722142464908e-02         4.2917298826701646e-03         4.8369821251485985e-02        -8.0736293529566801e-03         8.3477766337932881e-03         1.2353516743053537e-03         8.7287562080192685e-02         3.2995649369657973e-02
54                                     3.4412556536323733e-03        -1.6170652046159395e-01        -1.1769338802703519e-02         1.5366676702050239e-01        -3.2192388617394341e-01         7.6745042448066588e-03         2.6722474249541540e-02        -8.0332733969958950e-03
55                                    -3.1729281379211001e-02         3.3157993457574544e-02         1.4746017973035224e-02        -6.9303967807004097e-02         1.0397117876413874e-01        -8.5583749997917551e-03         1.8033855681835853e-01         5.2950532733501476e-02
56                                     9.9165199863427214e-03         7.8816753284747393e-04         1.7162512896426251e-04        -2.4396723255089139e-02         7.4964019133170801e-02        -1.9776906200885554e-03        -3.9223186459691123e-01        -1.1141872885920309e-01
57                                     9.0957092799544906e-02        -2.7986894979348914e-01         2.8699600653947394e-01        -3.1323647595583259e-02        -6.0064897998473921e-02        -5.8179694970891607e-03         9.0622566736636337e-02        -6.4434470449647022e-02
58                                     6.0645458917146289e-02        -2.9011999050413534e-01         1.1266551199481228e-01        -4.8627202712962621e-02        -3.9496817832234410e-02        -2.3133518339187014e-02        -6.6776826910336734e-02         1.0852448093604163e-01
59                                     2.4530488455259080e-04        -3.2388804235621384e-02        -1.3416316925190705e-02        -8.6231125711932460e-03         6.3019463462455575e-03        -3.3232434806883988e-03        -3.1467095363889356e-03         6.6785667976346445e-03
60                                    -1.9397531527537953e-01        -1.0677155241712928e-01         8.2685711647837376e-02         1.3187687518491758e-02        -1.7651095846685058e-01        -1.1216731599447999e-02         1.3466967247792580e-02        -3.1192940496312944e-02
61                                    -1.5285124006902898e-01        -3.3900453565698152e-02         8.9584669271090281e-02        -1.3377728843388711e-02        -1.2026060040225166e-01        -1.1196735362983374e-02        -2.0017781410468411e-02         7.1764947816071005e-03
62                                    -1.6824634327172586e-02         1.6377875080354605e-02        -1.2481016621550614e-02        -3.7079288287382113e-02         1.9940088648596819e-03        -1.3423700251778596e-02        -1.1851274540946787e-01         1.3345057716832842e-01
63                                     4.0321267054018617e-02        -4.9211984872534031e-02        -1.0515083379088368e-01         3.0727467686867103e-02        -3.8475450599061649e-02         1.7782782249245830e-03         7.4768581573976367e-02         3.9467484078290999e-01
64                                    -2.4629119481101794e-01         4.9867692940637587e-01         8.6565304705537041e-02        -2.3640732144777823e-02        -3.2321757927976973e-02         4.6839381950861507e-03        -4.5453206315595539e-02         9.3405734394965911e-02
65                                    -4.5279637701367718e-02         8.3337666186385023e-02         1.1542736740903052e-02        -1.7756154144817524e-03        -1.0989070473195089e-02         1.2517398265295960e-03        -1.8902207901013362e-02        -5.1418196902687945e-02
66                                    -1.3512925675156337e-02        -4.8050897228938357e-02         4.0686934587879114e-02         1.8504753055149748e-02        -3.7840507692955341e-02         5.7713995960033155e-04         2.6159045976495335e-02         1.4549253834796441e-01
67                                    -8.8112195290015849e-02         1.7117915665186970e-01         1.5734719201883633e-02        -1.0042349250505250e-01         2.7357051290498283e-03        -1.2536582598547522e-02        -1.8015297470921211e-02        -3.9404014727337781e-02
68                                    -3.3403350627940316e-02         1.8517103398855483e-02         1.7944442369033317e-03        -2.2533651184520622e-03        -4.5434744766898294e-02        -2.3493791866359089e-03         6.2062875082213836e-02         3.7979050377365786e-01
69                                    -2.7459697255830268e-01         9.9766144370128665e-02         3.7514898157834636e-01        -4.4930384232671997e-02        -1.1171821365604949e-01        -6.4658583879711792e-03        -7.8294940886553380e-02         7.0112845789369244e-02
70                                     6.6482738032300606e-02        -1.4029612529592964e-01        -1.2272435024509645e-01        -2.1200869582452989e-02         6.2893985378307191e-02        -7.4378368642795453e-03        -1.0356975226021413e-01         6.8926671351299110e-02
71                                     3.2874861008482553e-02        -1.7651255553000806e-02        -4.7104796611075722e-02         5.9149205878856487e-03         2.5845614430280824e-02         6.9873216745118983e-04        -2.4770583320357267e-02         1.4945221828201379e-02
72                                    -6.1458487480884803e-02        -9.7178699366570601e-02         1.7990083862271805e-01         9.1619172131934212e-02        -2.4626556088666304e-01         1.7637950024740147e-02        -5.9864071037625715e-03        -3.5136426210560902e-03
73                                    -3.9367415932835591e-03         7.7420744560480773e-02        -6.9372079863902592e-02        -4.2391373776959125e-02         7.5965412007482150e-02        -6.1898820968034705e-03        -6.4310282059647186e-02         4.3319099269646145e-02
74                                     4.1407040792831737e-02         2.1135379400389363e-02        -2.9842621861640713e-02         5.6429923313514631e-03         2.5517550305382615e-02         4.3694330287576128e-04         1.1968781174744988e-01        -8.2945716976323566e-02
75                                    -1.2721643105786265e-01         5.0221378052634380e-02         8.4558484862261602e-03        -3.8973015502503185e-02        -3.1991070825730894e-01        -1.3880723407146630e-02        -5.5452447329308811e-02         5.1085436521696316e-02
76                                    -1.0096435435966199e-01         2.3033347117876708e-02        -3.3815753338662310e-02        -5.2267681135026348e-02        -2.1602909917073526e-01        -1.8154473692024185e-02         1.4942222293112465e-02        -4.0474156764711736e-02
77                                    -9.3098519705328894e-03         2.5979835526521885e-02         1.0910351451948783e-02        -3.0446817977544741e-02         1.7090603251559023e-02        -3.2676451375885777e-03         3.0453551480513447e-01        -4.3164961910368743e-01
78                                     1.8815919362781319e-01         7.6210057060476122e-02        -2.2788115651025961e-01         1.0752588945194684e-01        -1.3997659404553567e-01         1.3085237837594800e-02        -1.8524574563212179e-01         2.4715631532926763e-01
79                                     1.5377837006013886e-01         1.6499545764799375e-01        -6.4746648036587473e-02         7.0870797410819197e-02        -1.0672831823624147e-01         2.0097780135756155e-02         2.3558133182665070e-01        -3.4801065498818423e-01
80                                     1.9522842837647408e-02         3.4882346011307477e-02         8.8446119222806898e-03         1.1710120717415115e-03        -1.2877482968747139e-02         6.6718485462268016e-04         1.6652238787082479e-02        -2.9497809505432702e-02
                                                        56                          57                          58                          59                          60                          61                          62                          63

0                                      9.7047853303313026e-05         2.1497806649153251e-03         2.2932184480697528e-03        -8.2239248041014838e-03        -7.4506522719849245e-03         5.9866204479599788e-03         1.3238238411511977e-02        -4.0856134169145794e-04
1                                      7.3832873494882468e-04        -2.6543054616005512e-03        -3.5614202231734572e-03         1.9574860926090759e-02        -1.9834581229148062e-02        -1.1516480055267475e-02        -3.2334989413678614e-02         8.8352943957634549e-05
2                                      4.4680899529603134e-04        -3.0392002709333284e-04         3.4851617213469085e-03        -8.1775570689984686e-03        -3.9158452903531545e-02         7.0930168291788373e-03         1.3135202162455848e-02         2.6307321898315491e-04
3                                      2.1277577083638026e-03         1.3633998630484102e-03         8.0904836466239062e-03        -2.3109683787149820e-02        -3.4574847167580299e-03         5.7478518207468698e-03         6.7918893875722856e-03         3.6692328699849643e-04
4                                      8.4738293568270787e-03        -2.0432375990295223e-02         1.9605934559803227e-02        -3.2624912204947190e-02        -1.0120439726059799e-02        -9.0466619991384847e-03        -5.3175339790078976e-02         1.4339680655647865e-03
5                                     -4.0897665705204086e-03         7.9308054774894030e-03        -1.0321245485226286e-02         2.0553821232125593e-02        -2.1155011548649891e-02         5.3237005205666607e-03         2.4458594546241840e-02        -1.7136214131638998e-03
6                                     -1.9582447406759759e-03         4.1989735511829829e-03         4.7826190184342883e-04        -6.1694568935657650e-03        -9.0457077999642730e-04        -4.3885244875412456e-03        -1.1227922018517075e-02        -3.2406617808273765e-04
7                                     -4.6284430306327657e-03         4.0978878401105971e-02         1.2461338837725380e-03        -2.3780361112687783e-02        -2.2270490536397763e-03         5.5000321423794730e-03        -1.6060762911954424e-02         1.8572196864165445e-03
8                                      4.5547177192826332e-03        -2.4977170361434931e-02        -2.4019617924634874e-03         1.4224972963478792e-02         2.4213973485702751e-03        -4.1168359706806315e-03         1.2852828782803798e-02        -1.2495623948383857e-02
9                                     -2.8869701537851439e-03         6.5835664681775756e-03        -9.2058671797520092e-04        -7.1264374969707189e-04         3.1036344539111253e-03         1.2007164421325869e-02        -3.5208584456620034e-03         6.0100734728349174e-03
10                                    -1.4062116418560746e-02         1.7451541225079081e-02        -3.1144949974669608e-03        -4.3217349032111220e-03         2.6587633171704377e-03         3.7638996322790640e-03        -8.3853065121381118e-03        -1.0931986148429414e-02
11                                    -3.5821005894659270e-04        -2.1832638018920813e-03         2.1914272154153849e-03         1.1442119916747161e-03         3.1243845381838295e-03        -3.6776675723363896e-03         2.4113318230500193e-03         7.2017511048647190e-02
12                                     4.6631443983004483e-03         6.6758153224519504e-03        -1.2505487888458646e-02        -1.0305081959111749e-03        -1.3829980193841496e-04         8.4971195338858340e-03        -1.4428219806802052e-03        -8.4799502199653246e-04
13                                     9.9792351654701822e-03         2.8387979087544764e-02        -2.3417124105717311e-02        -4.4557314323446350e-03         9.7584476789356223e-04         2.9733869623383005e-02        -9.6720356886424389e-03         3.2889947971167979e-03
14                                     1.1283913296925826e-03        -1.5364723265435953e-02         1.5382774994994982e-02         3.6089756920925078e-03        -6.3473439401585323e-04        -1.2159980478547607e-02         4.0037863822063062e-03        -1.3470515997463949e-02
15                                    -2.9862100676236420e-02        -2.6896521544529537e-03        -1.2926334031885546e-02        -9.3292596534023525e-03        -1.4495793551943764e-03        -1.5834474367778753e-02         2.0369058873255341e-03         7.7607915306410018e-04
16                                     2.5559320807511395e-02         1.0764846365062943e-02         2.2519172462351588e-02         1.3855360915385763e-02         2.0010683606153500e-03         2.4071086294262301e-02        -4.7254970301928477e-03        -1.2546931030081824e-03
17                                     3.3971499375616748e-02         8.2015092895666667e-03         2.9181167156660911e-02         1.4761878347457010e-02         1.5322336717899186e-03         1.9380881925927740e-02        -2.5750637915119712e-03        -2.5427174559687917e-03
18                                    -1.2035533481619507e-02         2.9393913755398786e-02         1.7765342339216450e-02        -8.5448650004809664e-03        -2.5416266117379931e-03        -4.0222016716551193e-02         8.5538434633359219e-03         7.2377600558211580e-04
19                                     2.9120062907665423e-03        -4.8009323340729446e-03         4.8054432906646398e-04        -6.5506971579475657e-04        -4.6215015610273543e-04        -3.0156089306490764e-03         5.9965420740033435e-04        -2.2009806323579673e-04
20                                    -7.1431340703181270e-03         1.7921295134143717e-02         1.7765354306536668e-02        -1.6879395551918643e-03        -8.7390418787156585e-04        -1.6678627399548639e-02         3.4346543520182909e-03         2.0551566935108410e-03
21                                     1.6456653522316025e-02         5.3482530469038548e-03        -5.1981103689745095e-03        -3.3491602011963642e-03        -1.4814248852765015e-03        -6.6640941169024233e-03         1.0593602515654554e-03         2.8444329918598951e-04
22                                     4.5069722098308944e-02         4.8882339338199290e-03        -3.4133529646980736e-02        -1.7443994940070033e-02        -2.3227809576254702e-03        -3.2145066199041235e-02         6.6698117842514445e-03         2.1149436818659645e-03
23                                    -2.5164761502967776e-02         4.9135148153788737e-03         1.8190372444813533e-02         7.3350427471814529e-03         1.1936527877758349e-03         1.0160330186913778e-02        -2.6108236271068499e-03        -1.3778305885827468e-03
24                                    -7.0304847661157160e-03        -1.9960607979230504e-02        -1.1676892738902524e-02        -2.1969051439535204e-03        -6.3302459956397173e-05         1.2992102630713414e-02        -3.3881846613850750e-03         3.2955311921770890e-04
25                                     2.0486646139685386e-02        -1.0374130640387379e-03         8.2683874472318300e-03         8.9049810611468144e-03        -1.8564178924993817e-03        -2.0748844555375047e-02         1.0771009691463006e-02         4.2212207384763339e-04
26                                     1.1740197940620601e-02         1.1630033319460019e-02         1.4608238482441166e-02         7.4346685239838738e-03        -6.8590005245822952e-04        -1.9092550952415355e-02         7.7534120594587976e-03        -1.7228915778661501e-02
27                                     3.2242805445988906e-04        -1.4846612098479005e-03        -2.0689841429476285e-02         3.3831670017760190e-02         4.4492467230952748e-01        -5.2460103516433924e-02        -5.8178810615061305e-02         8.4129556936579088e-04
28                                     5.7516356998407016e-03         3.5165672176576406e-03         5.3535710845045013e-02        -1.7703926454993757e-01        -1.9108713608164854e-01         1.0645340643852574e-01         2.3208763567261245e-01         2.0965925152117712e-03
29                                    -8.5541209783164575e-03        -7.7153285326820109e-03        -8.4318387821207597e-02         3.1061988988994282e-01         4.3283239453391575e-02        -1.6804608769120302e-01        -4.0837100795550435e-01         1.4051904988837791e-03
30                                     3.7419299626665846e-03        -2.8297483149384541e-02         2.0813776191481181e-02        -2.5607274549612775e-02        -4.2131160912908261e-01         4.1129245622607426e-02         4.6962625065449348e-02         3.3418056861022011e-04
31                                     6.4818069951562991e-03         2.1893282527931837e-02         8.3991153854910780e-02        -3.5125717847842680e-01         2.5902572896146164e-01         1.7164385517077299e-01         4.5485620267417015e-01         1.2771008566281458e-03
32                                     1.2880239474659418e-03         4.0171394007891782e-03         1.7271347871819664e-02        -6.9089294984228111e-02         2.0779775165355670e-02         3.6242736424116455e-02         9.2825647897242361e-02        -7.2552418872604985e-03
33                                    -4.8905870925054686e-03        -1.2510443986021597e-02        -4.3498083514756807e-02         1.5155642186604418e-01         1.0329535562926881e-01        -8.5585816884852783e-02        -1.8783030724349761e-01         2.2902609174524041e-03
34                                    -3.7286788289545127e-03        -9.5420749804505534e-03        -4.3413222640550711e-02         1.3660794845678895e-01         2.7585338571600398e-01        -9.4100853964385847e-02        -1.8860978483356283e-01        -3.0797906061816463e-03
35                                    -1.4221255845422124e-03         2.9603507685499759e-02         3.7862203138696584e-03        -9.2864212337501487e-02         6.1463319380197690e-01         9.6578334781714185e-03         1.0649183679898776e-01         1.4941769193998358e-03
36                                    -2.1216517956138450e-02         4.5519173215276577e-02        -6.1146116650959703e-02         1.3767764369984864e-01         4.2419354489683210e-02        -1.2486507937822954e-02         3.4005562003246281e-02        -1.9927358863544554e-03
37                                    -8.9603762437759554e-02         2.1059297815097275e-01        -2.1680998933540735e-01         4.1549186241077257e-01         1.6080091989347088e-02         3.0400646219055295e-02         3.3925751358117578e-01        -2.6911801547385363e-03
38                                    -1.9834865227110102e-02         4.4697951815006673e-02        -4.7866838132428778e-02         8.9670596335767849e-02        -1.8834661123266139e-02         1.3147239923321802e-02         9.0042614892048053e-02         2.6097438120970245e-02
39                                    -1.4301272991695877e-02         7.4163708058702586e-05        -2.7996221397072120e-02         7.0561950704868023e-02        -4.8881282588318392e-02        -9.7948785483550679e-03        -2.6569989914880788e-02        -4.5173078182454470e-03
40                                    -3.7371664945358180e-02         9.4263230029852541e-02        -9.2957590231126722e-02         1.8187595755256245e-01        -2.5280664455279499e-02         1.4547617317029379e-02         1.4512352568692097e-01        -1.4921613591335932e-02
41                                     8.6169497219930627e-02        -1.9809627655403622e-01         2.0983744417555514e-01        -4.0950602419784060e-01         2.5991468374744430e-02        -3.1009134702822336e-02        -3.2084925502662909e-01        -8.8335792505779918e-03
42                                     2.1760099657345877e-02        -1.1199166313632997e-01         1.2264761036580406e-02         6.3449059051749440e-02         4.2840265443737570e-02        -8.7551603469274882e-03         6.4537378206771842e-02         1.1293715234542111e-02
43                                     7.3234833542280414e-02        -4.2036376644322609e-01         1.6444696430337837e-02         1.8075652890360866e-01         1.4859313124223389e-02        -3.8832139260088765e-02         1.9003579169888032e-01        -2.2500462315292846e-02
44                                     1.1639734068755363e-02        -6.9026203277849349e-02        -1.1292142677583610e-03         3.3497800391146311e-02        -1.4953439302650949e-03        -9.0636196898051767e-03         3.0707275227038994e-02         1.6440899371224493e-01
45                                     2.1205753005244337e-02        -7.7819823743335110e-03         3.7494873226709404e-03         6.4912032313772759e-03        -3.6895421653850090e-02        -1.6431707136454676e-03         1.5300859869623590e-02        -4.7464209256594166e-03
46                                     2.5293580404674124e-02        -1.6217905473137675e-01         5.6776278571944311e-03         6.4994200381514960e-02         2.0440202017949272e-02        -1.7116840123565489e-02         7.3358842398396421e-02        -3.2829328138285745e-03
47                                    -7.7424426451035464e-02         4.1293750443365906e-01        -1.4156720507803176e-02        -1.8372689416008123e-01        -2.6645479145360650e-02         4.3841014376824090e-02        -1.9370271592863875e-01        -4.1144819768597221e-03
48                                     6.9196100782724455e-03        -2.5905203473712626e-02        -2.2914359124526735e-02         5.3752209897856397e-03        -1.4556409748844899e-02        -3.6502771661213927e-02         1.9680388603832651e-02        -7.3467138352837316e-02
49                                     4.7990874144689930e-02        -4.2756965851075482e-02        -4.9692127911881562e-04         1.3384419478655622e-02        -7.8634178166420605e-03        -9.5111935707976169e-03         1.5845022526627832e-02         1.3502681271020867e-01
50                                     8.1302070310691806e-03        -7.8212563292970154e-03         7.1797985176862813e-03         5.2297439313243339e-03         3.2173786425468420e-03        -5.5747161983979398e-05         4.7081215291218956e-03        -8.8220539382339647e-01
51                                    -2.3727746994763470e-02        -9.9624234723392380e-02         1.1876944755309887e-01         1.8553421732930220e-02        -6.5256211344556191e-03        -9.9570607332567077e-02         3.1144586905368029e-02         8.0972243688255119e-03
52                                    -5.6885047088430424e-02        -2.6784696796209523e-01         2.3570320526124880e-01         5.0969415312149963e-02        -8.4192667696096034e-03        -2.5526222126912790e-01         9.6333532208541739e-02        -3.4942956025379980e-02
53                                    -9.3538035022006898e-03        -6.0557367999716005e-02         5.5881023340056242e-02         1.2851321949711126e-02        -1.8283779975115792e-03        -5.9104486210985165e-02         2.1866592263978843e-02         1.7824329543383521e-01
54                                    -1.6297944496274166e-02         1.2569513930872514e-04         8.9873467238083728e-03        -7.0232217326858569e-03         3.8907834484807639e-03        -1.3085036263550219e-02        -3.0030138917290046e-03         4.8108501360817450e-04
55                                    -6.4630554062033623e-03        -1.2770769684785596e-01         1.1530334440332651e-01         2.9207479467513453e-02        -6.7026233636973687e-03        -1.0950047785034459e-01         4.5312646705740582e-02        -6.4446666200408832e-03
56                                     5.0158218790772549e-02         2.6549622539931028e-01        -2.3986889112092644e-01        -4.8526555079839585e-02         1.0370100563163497e-02         2.5219059181125647e-01        -9.1852292124639440e-02        -6.3366263248067567e-03
57                                     2.8361393560220566e-01         5.1178735607138044e-02         1.9674309759073583e-01         1.1165508324787633e-01         1.4857714250409318e-02         1.5815918634355347e-01        -2.2762867889515839e-02         4.1793386589233390e-03
58                                    -3.2208647874915503e-01        -1.0124222931723463e-01        -2.8328798903305502e-01        -1.5108087719025354e-01        -1.9568438965918821e-02        -2.2166458122448071e-01         3.5878606285296134e-02        -4.3078987174218451e-03
59                                    -3.0708290448591007e-02        -9.6012998540796445e-03        -2.1758969043460478e-02        -1.3123553950339239e-02        -2.1060092252041377e-03        -2.1750660240756722e-02         4.0141186926144308e-03         3.2444813337164244e-02
60                                     5.2801497238520505e-02         2.0469873433292131e-02         3.9062621835422535e-02         1.5319023790601967e-02         1.8259386619010650e-03         1.9700190518325441e-02        -1.1458372030380280e-03        -1.1192652751516374e-02
61                                    -2.5465017600563442e-02        -7.4916108471562290e-04        -3.5473160507396122e-02        -1.7721643501959927e-02        -1.6780423212976855e-03        -1.6460825063286520e-02         2.7104996938144702e-03         1.7558695438274142e-02
62                                    -4.1925917658699408e-01        -1.0577440126739444e-01        -3.4164030373281451e-01        -1.8348612973704581e-01        -2.3292726392333925e-02        -2.6320520165533862e-01         4.0314235372308167e-02        -6.2851442729221305e-03
63                                     1.1794620052988350e-01        -2.8837934537433735e-01        -2.2246120426194577e-01         5.6888944526195910e-02         2.1418921160995762e-02         3.4277120462395022e-01        -7.2461364004914791e-02        -2.9077895571101163e-03
64                                     1.0564568344445914e-03        -2.5646050584349996e-02        -4.3254991324051438e-02         8.5966404524695471e-03         4.1777437272037133e-03         5.8214205072061896e-02        -1.3098191727615010e-02         4.1342526867891210e-03
65                                    -1.9613891795600961e-02         4.5000252842947945e-02         3.5654295843383595e-02        -6.2304884691887739e-03        -2.5200715513345193e-03        -4.6299717457025331e-02         9.8457235284951650e-03        -2.7631997211123579e-02
66                                     3.9661566406019026e-02        -1.0729652746188433e-01        -9.3487110431798567e-02         1.4063590073242725e-02         6.5588675633116910e-03         1.1052663047549700e-01        -2.3491770322184025e-02        -4.7345789781081471e-03
67                                     9.6360014724214474e-03         4.2361892937825142e-02         2.3010798702954711e-02        -7.4435288581841119e-03        -2.1915471009303338e-03        -3.7481815487300264e-02         9.1007041771587610e-03        -1.3347225799516115e-03
68                                     1.1396579737774026e-01        -2.6975058516112388e-01        -2.1611761119923881e-01         5.1329972598038905e-02         1.9576261970755460e-02         3.1695787814063081e-01        -6.6514220018761186e-02         3.2625368666879002e-03
69                                    -1.7581125942747886e-01        -2.2114615580785559e-02         1.1269114672679606e-01         5.3612512470410080e-02         1.1808519073628006e-02         8.7072948042183768e-02        -1.5298752597865032e-02         3.9461956665346378e-03
70                                    -4.0967025062380935e-01        -5.7771928495388000e-03         3.2220473997545646e-01         1.4506624335454663e-01         2.5111060567210294e-02         2.4735690823971970e-01        -5.1386782412324784e-02        -3.9122781023475809e-03
71                                    -9.6708596739934927e-02         4.2951950011528000e-03         7.8671734201810492e-02         3.4932038175827525e-02         5.6210520174666085e-03         5.7620095411073234e-02        -1.2591141289781253e-02         2.5180121666778309e-02
72                                    -3.5122593123968371e-02         1.4915280968842698e-02         1.2488044852133734e-02        -4.1185556004855600e-03         3.5306436595480902e-03         1.6777042809327490e-03        -4.9957058500051518e-03        -6.2499492326375528e-03
73                                    -1.8425973909270896e-01         6.1407999931824310e-03         1.5070827337735060e-01         6.7347031633173571e-02         1.0819482417111777e-02         1.0399583505842390e-01        -2.0436551900044803e-02        -1.7715959381210612e-02
74                                     4.1450948620602407e-01        -9.4852464290392157e-04        -3.1153967029652524e-01        -1.3860649805220501e-01        -2.5877101716325152e-02        -2.3949821520880799e-01         5.1560446019093022e-02        -1.2339841859735374e-02
75                                     2.3210096593179862e-02         3.1035626281964365e-02         2.7123412377167189e-02        -1.7061181426570905e-03         6.3370487129254848e-03        -3.3591844896760453e-02         1.2318070049758639e-02        -1.1440460227489943e-02
76                                     3.2946715265305167e-04        -7.1230447734360403e-03        -1.2883298522609129e-02        -1.7171786819866020e-02         4.1484995613405122e-03         1.2537939420275604e-02        -4.7620378950238504e-03         2.1378333135947024e-02
77                                    -1.6595390844892347e-01        -1.5929595323618503e-01        -1.7156064220787998e-01        -9.1335771214894335e-02         5.0488503922150934e-03         2.5454399235673680e-01        -9.9951462024831933e-02        -8.2666596204849334e-03
78                                     8.2763654228328265e-02         1.4809438956786705e-01         1.1346989984352747e-01         4.6131944102141650e-02        -4.1509410239632420e-03        -1.4686709397865574e-01         4.7603920560736965e-02         7.4457357230713426e-03
79                                    -1.6061215547369953e-01        -8.4190137619618202e-02        -1.3374650901252941e-01        -8.4677069540190886e-02         3.8986208576700949e-03         2.1449554487803754e-01        -9.4810630914626867e-02        -2.8193154086545852e-02
80                                    -1.6784565493392797e-02        -1.0022500207791291e-02        -7.8725948168036509e-03        -7.0209384192049156e-03         3.4096713314933272e-04         1.7883313486794686e-02        -7.6105649007329893e-03         2.2680505738889684e-01
                                                        64                          65                          66                          67                          68                          69                          70                          71

0                                      2.0239172683811828e-03        -3.9468312877960612e-04        -1.5116806553456060e-03        -2.3572447736075136e-04         1.5500567886665340e-04        -1.8572791793497275e-04        -1.0013056038371493e-02        -4.1017673864094530e-02
1                                      9.6682249519694475e-04        -1.1135090604432774e-04        -2.8425335272159823e-04        -7.7700777978822739e-05        -2.5136385753082342e-04        -7.9306102728140545e-05        -1.0789040222962752e-02        -1.6399083398187200e-02
2                                     -5.3812934245208897e-04         1.0978685986218369e-04        -9.8468344465007652e-06         2.4039057278743615e-04         9.3563488006753861e-05         2.7441251057163361e-04         1.0123718018631317e-02         1.4025145469321605e-02
3                                      7.3713653758865306e-04        -6.1715938517601916e-04        -9.4934630388048002e-04         7.9162653192886294e-05         6.4706452395931369e-04        -5.5583006124280810e-05         7.8305611363364697e-03        -1.4544539364616505e-03
4                                      7.8438777000614471e-03        -2.4950212087021333e-03        -6.2552830975799766e-03         9.3206713960677055e-04         2.9889090832982339e-03         4.0889292308350514e-04         4.2911084803366271e-02        -1.2784581777378758e-02
5                                     -7.3162895135963158e-03         3.3961462059576346e-05         6.8849737328181742e-03        -1.9324786694119610e-03        -1.3265664923011126e-03        -2.1888196487167199e-03        -4.4632656707602025e-02         1.4700833052339473e-02
6                                     -9.9362857434955147e-03         4.8751573867684305e-04         5.5569598039522296e-03        -9.5726052144583945e-04         3.5766048289660507e-04        -7.6229684245969866e-04         4.7300750454875992e-03        -2.2067786491398009e-03
7                                     -4.7295483647073054e-02         3.6713846138044471e-03         2.1312141186946743e-02        -3.2304480624050884e-03         6.6231672935822597e-04        -2.5132034764313959e-03         1.4215396402678892e-02        -8.6642488755201523e-03
8                                      3.5278920018021478e-02        -4.5608679606660794e-03        -7.0119843671022268e-03         4.0110116786041210e-04         1.8514401566474541e-03         1.0767036201916008e-04         1.3260584417790122e-03         7.2210380520948035e-04
9                                      6.3816279631716082e-04         4.5427318875184558e-04        -1.3737017421933410e-03         5.5036448321116001e-04        -3.1748129662063796e-05         4.9599900383572168e-04        -1.6835040424241764e-04         3.0017078354665008e-05
10                                    -6.9248549314053043e-04        -9.2793012530039114e-04         3.7869165160890920e-03        -1.2866299130432203e-03        -4.5543465858967797e-04        -8.9462027721694205e-04         1.2299094785229111e-03        -2.0950794736249336e-04
11                                     1.4454314495850405e-03         4.9022492881976906e-03        -2.1728713911273970e-02         7.4383264940264589e-03        -1.3974310307642737e-03         5.6852237851992117e-03        -4.0594602416013014e-03         1.0219126071868022e-03
12                                     3.8142105746464239e-03         5.7159145140918688e-03         7.1164769641680432e-03        -2.8418294217980949e-03        -3.9148471340282667e-03        -3.9746253282115724e-03         2.1564851591335393e-04         1.0717326536161189e-05
13                                     1.5422000559508974e-02         2.4551284971777925e-02         2.9369205779784972e-02        -8.9446211893670496e-03        -1.0012069113702232e-02        -9.8012892773960743e-03         1.8904153529881041e-03        -6.1127473939530776e-04
14                                    -1.7750137774925612e-02        -3.2669504382714078e-02        -3.3072275354356417e-02         7.4502213524917039e-04        -1.2008249442591282e-03        -5.1315046811548158e-04        -2.4827532898612516e-03         1.7531137026071085e-03
15                                     6.5997480320520864e-04         5.6732856799189730e-04        -1.0863531210382288e-04        -5.3800590384942481e-03        -1.5554286531104352e-02        -1.3725194847545676e-02         1.1782052916878749e-03        -4.6240864469443931e-04
16                                    -1.2555754490215876e-03        -1.8778111653382284e-03        -1.3242726236720849e-03         5.4794608996335658e-03         1.6612129716293576e-02         1.6285707406308844e-02        -1.3919586701909359e-03         6.5468483850404614e-04
17                                     2.5329473434627134e-03         9.1071309648171513e-03         1.5837066876529839e-02         3.1876013828670169e-02         4.2142804161728289e-02         2.2278750575957986e-02        -1.8233612316489965e-03        -2.3556363722543580e-04
18                                     8.1981128504709708e-04        -4.2239503127977515e-04         2.4101423078781072e-03        -2.5698339320856529e-02         5.1361775686154035e-03         3.3390266470911277e-02        -1.1733186953173265e-04        -2.5652171185078172e-04
19                                    -1.4581921816552102e-04        -7.5158189327761851e-04         6.0718818200515166e-04         4.4632543564113343e-03        -7.3299012850216419e-04         9.5088880542604356e-04         4.9286919017095093e-05        -1.4309974718745139e-04
20                                     9.5174164530256863e-04         1.0580473588089789e-04        -2.0946103455958104e-03        -4.8365360597963078e-02         6.2622647431980049e-03         2.3086241153862302e-02        -5.7320502937632670e-06         4.4083093684740002e-04
21                                     7.0782994294706046e-05        -1.5025323048788942e-04        -3.2709363956615007e-04        -8.8264428767660002e-04         6.9550489392604760e-03        -9.1164260854033653e-03        -2.9400294871488228e-04         1.3263863869526012e-04
22                                    -4.7657703850087095e-04         3.2721129603828455e-03        -5.2503383333731305e-03        -1.1562430196580450e-02         2.8841062629573096e-02        -3.1437684217874302e-02        -1.3622609487924410e-03         7.6799392030331751e-04
23                                     2.0723857247184440e-03        -1.3950894020132130e-02         1.4992782406065702e-02         2.3013925037542529e-02        -3.3796949767642824e-02         2.2313791549056192e-02         1.6862641902988093e-03        -1.2776884670294218e-03
24                                     2.5522934427519963e-03        -1.0883637374805782e-02         7.7277048429555727e-03        -3.2549586161310187e-03         5.5746541972615422e-03        -6.3906454941273670e-03         2.5594349077918879e-03        -1.1697484814179283e-03
25                                    -2.0563263236717229e-03         9.6996390889972830e-03        -7.9965006968334505e-03         4.6796473284844856e-03        -7.1158775792090302e-03         7.8214989748101940e-03        -3.6084889268207078e-03         1.6877297947709405e-03
26                                    -1.1321384372422680e-02         5.1102010200964915e-02        -3.4644013596279645e-02         5.1820100468054119e-03        -6.8859094416301456e-03         7.0055975561941312e-03         1.6972039720512481e-03        -8.3972241132019556e-04
27                                    -5.2292951602189745e-03         8.3282327651297604e-04         3.6771341327029518e-03         7.6049425511323708e-04         4.0606391522214890e-04         5.3259052242008136e-04         4.8807561839451730e-02         1.4121038148350662e-01
28                                    -2.5457928418500191e-02         3.9355022056173864e-03         1.6301770113933391e-02         1.9444551786107478e-03         7.0622497141222234e-04         1.4071857747487454e-03         1.5584607660821526e-01         4.6767438553167501e-01
29                                    -1.4594605238806645e-02         2.2478578324846054e-03         9.0156921815546485e-03         1.2514327193032791e-03         4.5916295171035158e-04         9.6042533666304195e-04         9.1285996927554555e-02         2.6475272334337541e-01
30                                     2.5591526616958655e-03        -2.1798131845369393e-04        -1.1959173833453968e-03         1.8658381945136423e-04         8.9951725658563532e-05         1.4154893818803100e-04        -3.8766461979189263e-04        -2.4504975739834947e-03
31                                    -4.8350340183322144e-03         1.0751830202874936e-03         2.3800292239709773e-03         8.5127782410112263e-04        -3.0583318989835836e-05         8.9561114579831856e-04         3.8333831707116114e-02         9.2169942526657098e-02
32                                     2.6030306662263133e-02        -5.1231241442909071e-03        -1.2525846464940680e-02        -5.1266897452932024e-03        -6.1916686512813340e-04        -5.1563114204669002e-03        -2.3188924232447058e-01        -5.3643461396361758e-01
33                                    -1.5843005376930654e-02         3.3131020109503830e-03         1.2732337007747683e-02         1.9822705553730882e-03        -2.3059087147068156e-03         1.7011320182201480e-03         6.7265640639572077e-02         3.4563751112686070e-01
34                                     2.0466819706375095e-02        -3.9726498026935566e-03        -1.5559683342876713e-02        -1.8168287425709478e-03         2.5733556903389096e-03        -1.5026290622686823e-03        -6.6992709698227987e-02        -3.6299118251621104e-01
35                                    -6.5251387539532069e-03         1.3298567532600465e-03         4.4923575785798852e-03         6.2594937723094515e-04        -8.4055340934937424e-04         5.4508845879423459e-04         1.9835397937177628e-02         1.0499184732701547e-01
36                                     2.7738309353399601e-03        -1.9760663599850223e-04        -5.9954354587534126e-04         6.4183103318048621e-05         5.6588152016748868e-04         9.0338146465862850e-05         1.2807997360646478e-02        -6.0673675986981090e-03
37                                    -2.3057212344659874e-02         1.9166223190260287e-03         1.8692996084311655e-02        -4.6419018549683473e-03        -5.3534158050657773e-03        -4.7319467933488787e-03        -1.3018082073289144e-01         4.1218784457770524e-02
38                                     1.3373967264232137e-01        -1.4780815715651837e-02        -1.1299117957585174e-01         2.7291836919232801e-02         3.2779193296225265e-02         2.6864503551776758e-02         7.5407685543732283e-01        -2.4131992635366692e-01
39                                    -1.9105255435108524e-02         7.3340488860684037e-03         1.5570164565738228e-02        -1.9008708521626480e-03        -8.1488769583882119e-03        -2.7281551693004872e-04        -1.0344712392528387e-01         2.7928780322646750e-02
40                                    -7.4156397827174092e-02         2.6288448176740302e-02         5.6648456334970558e-02        -6.7398715649350576e-03        -2.9521876352519738e-02        -4.2653385729363164e-04        -3.8072021354712471e-01         1.0905488654588968e-01
41                                    -4.2353729124197090e-02         1.5385308400801089e-02         3.1811224800983535e-02        -4.0368965013170173e-03        -1.6755856722682476e-02        -5.1013249720766561e-04        -2.1769277812234603e-01         6.4300986482003594e-02
42                                    -4.6498539957681960e-02         5.6234326963817425e-03         9.9973972409070199e-03        -4.7434799274592227e-04        -1.3643717040940147e-03         1.5097109877487149e-04         3.5895366059294350e-03        -4.9634127931658910e-03
43                                     7.5903346388616538e-02        -7.5380488563184175e-03        -2.0697573428334226e-02         2.3544549395616101e-03         2.1023652703233125e-03         1.7289885450549750e-03        -3.0609354246158133e-03         5.2239718079777576e-03
44                                    -6.6007881160127480e-01         7.2296850663812431e-02         1.9319109972791479e-01        -2.2987746921973761e-02        -1.8641047045526622e-02        -1.5948105899312399e-02         5.4015288997029072e-02        -4.9548942857190852e-02
45                                     1.6462139689689581e-01        -1.1530091489870760e-02        -8.0361368698765756e-02         1.2603290138257468e-02        -2.3620118443575446e-03         1.0026874745443087e-02        -5.7588959163618010e-02         3.1099102541340944e-02
46                                     4.9006411017119555e-01        -3.2665148724807892e-02        -2.3562435080163063e-01         3.6958837811913073e-02        -9.3998320449474038e-03         2.9189905393242725e-02        -1.6742011884956765e-01         9.7110645741543489e-02
47                                     2.3459583470699258e-01        -1.7992390038139894e-02        -1.0896991218917099e-01         1.7070328081761434e-02        -3.7786745919667864e-03         1.3254736705109177e-02        -7.6578071538050643e-02         4.4254646302943505e-02
48                                    -3.3168045269553236e-03        -4.8351149521433968e-03         2.0432746491122904e-02        -8.2435324681292381e-03         7.6917613902372070e-04        -6.7166380562376999e-03         1.8629826826086395e-03         7.2950547065776697e-05
49                                     3.1322876814780516e-03         1.0035582664923116e-02        -3.8263945639193518e-02         1.3821678730814890e-02         1.1839524607600818e-04         1.0047423987098960e-02        -7.9828698718601068e-03         2.0989839466045760e-03
50                                    -1.8570698386926779e-02        -5.7179539739234363e-02         2.4843596578019103e-01        -8.9483164628442302e-02         1.5226327500569455e-02        -6.7961458023537993e-02         5.0688862956281520e-02        -1.4282462706628243e-02
51                                     1.4771499555331078e-02         2.7588199335222191e-02         3.2792083872223585e-02        -6.1327498971124389e-03        -2.8942968565492276e-03        -2.7906276363453479e-03         3.4085949518974459e-03        -1.7311653153323813e-03
52                                    -5.4229510656646322e-02        -9.5684618103160632e-02        -1.0419420864812980e-01         9.0216839584515100e-03         5.4692539808841017e-03         8.2731902992211111e-03        -8.1567430884498318e-03         4.6732079619865507e-03
53                                     2.9306616071303815e-01         5.1627926097488575e-01         5.4561245347220078e-01        -5.8797245535285626e-02        -4.6223488838271098e-02        -5.2446639019693361e-02         4.0795299433538920e-02        -2.3202717444965579e-02
54                                    -6.1670324899370299e-02        -9.3507416535965240e-02        -1.1528858423439760e-01         4.1307739774365422e-02         4.9663511796652259e-02         4.8480409920271111e-02        -6.5713827125248384e-03         8.8382070924549892e-04
55                                    -1.2811169040581674e-01        -1.9712170359429329e-01        -2.4596467470766711e-01         9.4934247918795789e-02         1.1351917040238940e-01         1.0794648607510449e-01        -1.6262461235651181e-02         2.7164830497424701e-03
56                                    -7.6694756499430472e-02        -1.2026815815531339e-01        -1.4502710450341871e-01         5.4909715306899441e-02         6.4056883682112445e-02         6.0246653783283581e-02        -9.6386616263921098e-03         1.9065711839343932e-03
57                                    -2.5091840962014383e-04        -3.8611408792988285e-03        -9.3912687735626492e-03        -1.7371711611831570e-02        -2.6638213179429996e-02        -1.7022764574353630e-02         1.0049726410719924e-03         1.3117395932248180e-04
58                                     3.0338190122516685e-03         1.3257254751966069e-02         2.3405480934542418e-02         5.2590545595816718e-02         7.7851352769464532e-02         4.3785066625966561e-02        -3.7510252656870781e-03        -1.5370330471747244e-05
59                                    -3.0624190334973808e-02        -1.1270081053495248e-01        -1.9861780362421955e-01        -4.2200984101197692e-01        -5.8015875715583642e-01        -3.2767720004911177e-01         2.6722396887092957e-02         1.3225255607637895e-03
60                                    -9.5014781659864926e-03        -4.2293002584299034e-03         9.1644213411746726e-03         8.1269861864349674e-02         2.0836609361860570e-01         1.8041781456384726e-01        -1.5529558390982854e-02         5.2411776337277401e-03
61                                     1.4127931461306609e-02         9.9583310217828108e-03        -7.6018340817628335e-03        -1.1414524559525269e-01        -2.7375496881769529e-01        -2.3544604286676465e-01         2.0345592626681518e-02        -7.2575508141496207e-03
62                                    -2.8440276089813968e-03        -2.4750170731350129e-04         4.9254716408441692e-03         3.2116334464002416e-02         7.5617136541099458e-02         6.1333131316201259e-02        -5.1597410751262479e-03         1.7182530432421439e-03
63                                    -7.8991354416430666e-04        -1.0147552750597608e-03         4.7136159318805658e-03         7.5558834607508160e-02        -9.9889931080012258e-03        -4.1410415839603851e-02         8.8187725245072345e-05        -5.0926979422859415e-04
64                                     2.6876694242441209e-03         2.6306235978373672e-03        -1.8141336929003772e-03        -1.0680685241672283e-01         1.4261526443878970e-02         6.7249858805182569e-02         3.4226207057600965e-05         5.2428460361373275e-04
65                                    -1.4398001994271473e-02        -2.7221376279711203e-04         1.5726650863656676e-02         6.9695015432272633e-01        -9.9120701830233832e-02        -4.3193528515128038e-01         7.0955842475126964e-04        -4.0136899822630920e-03
66                                    -8.2129266242804231e-03         5.8828444503264306e-03        -3.2588515245986709e-02         2.2896179149383880e-01        -5.0693386223259460e-02        -3.5355575965145269e-01         1.2623202189233546e-03         3.4094178348326133e-03
67                                    -1.5007865724695490e-03         3.7969233358850674e-03        -7.2180744206851079e-03         5.1612572492647793e-02        -5.6288780156924460e-03        -7.7939779548844762e-02        -3.1902857518554363e-04         9.9533795816804534e-04
68                                     4.5109844416430312e-03        -2.4972294615735512e-03         1.5341161127233509e-02        -1.0854581418993435e-01         2.3910328213790560e-02         1.5781110400086945e-01        -5.6263161377790769e-04        -1.4079409102775034e-03
69                                    -1.0865288349253756e-03         9.1858346850453559e-03        -1.1842285544564030e-02        -1.6472575995119101e-02         2.8212209160335924e-02        -2.4785165222593202e-02        -1.4879526931281225e-03         9.9215019087958126e-04
70                                     5.9300436644066958e-03        -3.6244734155944938e-02         4.0070536184674502e-02         6.6178462134381652e-02        -1.0427577426079959e-01         8.2246662367761708e-02         4.8979432882173130e-03        -3.4968845950768702e-03
71                                    -2.7787343190558898e-02         1.7787924247759465e-01        -1.9959839825400713e-01        -3.2831461282026686e-01         5.5061045842073153e-01        -4.3819847095962361e-01        -2.5518718064955440e-02         1.8021685075291026e-02
72                                    -1.7456109790026016e-04        -5.1344357433961646e-03         1.3567201685673626e-02         2.8311601581992769e-02        -1.0867213270921493e-01         1.3375622144624955e-01         4.6418550250245738e-03        -2.4796014769148406e-03
73                                    -8.5125998639591302e-04        -2.9143385429179305e-03         2.3568673327924325e-02         7.1386313752176814e-02        -2.3762735045678229e-01         2.8974219732979745e-01         9.9762281674121833e-03        -5.0874707789554576e-03
74                                     1.7901686026355169e-04        -5.2098334901516438e-03         1.6616266736826400e-02         4.4290636914337954e-02        -1.4399841315535925e-01         1.7023813584023487e-01         6.0411338084361711e-03        -3.1009469076469266e-03
75                                    -3.4564912456344264e-02         1.5327934465946616e-01        -1.1162592335418255e-01         4.5407590799164683e-02        -7.2573022613907592e-02         7.9577170336875350e-02        -3.0708419099966820e-02         1.4649864420606225e-02
76                                     4.6940526715546223e-02        -2.0156704674488987e-01         1.4675999229251160e-01        -6.3705972677794764e-02         1.0074693109114780e-01        -1.0857413637976601e-01         4.0184608526709950e-02        -1.8584036155427534e-02
77                                    -1.3566432848160613e-02         6.1190875384603202e-02        -4.1769154017769629e-02         1.7438920761281809e-02        -2.6199275932327324e-02         2.7471113258883250e-02        -1.0371395984033676e-02         4.6647923715217995e-03
78                                     5.0749063168224161e-03        -2.6036759381842939e-02         1.9319851853473995e-02        -5.6197460899875627e-03         5.6146284386830300e-03        -4.4574178392026336e-03         4.2651343845754138e-04        -2.3667964671843784e-04
79                                    -2.0146870693606590e-02         8.7399081294753822e-02        -5.5603002923059655e-02         9.9658591691686154e-03        -1.5621072748682168e-02         1.5593842528238930e-02         1.1344528485825504e-03        -6.2229746843709452e-04
80                                     1.5210154083549263e-01        -6.7929805461488113e-01         4.5935959594858050e-01        -7.4262333858486185e-02         1.0525198385373669e-01        -1.0890632435407865e-01        -1.1929684699273822e-02         6.2016138975951145e-03
                                                        72                          73                          74                          75                          76                          77                          78                          79

0                                      7.3117877140240232e-04         8.9252649485040852e-04        -5.8627498781405496e-04        -1.2787912647091093e-03         2.4805334071606416e-03         1.5484645046523826e-03        -3.6429907348419605e-04         1.7978573783418123e-02
1                                     -2.2820583555928785e-03         2.7070695387862126e-03        -1.3931876633084418e-03        -3.9787749693467583e-03         9.2296272947962558e-03         1.0299722028037269e-02        -6.9042748990082465e-03         2.4242176878130659e-02
2                                     -2.9096135126818255e-03         4.7275695627464632e-03        -2.2519294848306589e-03        -7.8973657095922096e-03         1.6817579109727476e-02         1.6344390660094181e-02        -9.6341434963257318e-03         7.6586762390070659e-02
3                                      6.7052833524907686e-03        -3.5787339472233563e-03         1.1301223555249971e-03         3.9385476437602245e-03        -8.5778062126654342e-03        -7.2763861042609082e-03         4.2801574241234496e-03         4.9979385450119760e-03
4                                      2.3677164887033721e-02        -1.0823472874784445e-02         3.2450906431480569e-03         1.1999083087791098e-02        -2.6580730783466629e-02        -2.4311338901563985e-02         1.5133229659662774e-02         1.5076544980135300e-02
5                                      2.0785444970784332e-02        -1.6831117319707368e-02         6.0061193257089796e-03         1.9667517286045457e-02        -4.1361363346880620e-02        -3.1411393152543557e-02         1.6653560496150542e-02         2.6690041590874604e-02
6                                     -1.7850639921209645e-02         4.8280339910574495e-04         1.2270551532127573e-03         3.6810083994736971e-03        -6.2099111131135257e-03        -3.7142789786211213e-03         9.8432642108924333e-04         1.7632479552185357e-03
7                                     -3.8079924146647105e-02         1.2023631946154732e-03         2.3697264316915882e-03         7.4937943308697550e-03        -1.3132823396106590e-02        -8.2698605902406987e-03         2.6584527007623968e-03         3.8159007969284994e-03
8                                     -6.6341725242735530e-02         1.0641504885464846e-03         5.4604029009228177e-03         1.3114881727556291e-02        -2.2494288093802030e-02        -1.3705902578604347e-02         2.4459570670223498e-03         6.8385305879242048e-03
9                                     -7.5226073647248460e-04         1.2389871824965693e-03         1.4211215123436727e-04         1.0063151928258324e-03        -1.0888608263366758e-03         1.7293360841460841e-04        -1.0794544069719387e-03         1.0602146592421295e-05
10                                     6.1125836580452333e-04        -4.1049648393216848e-04        -3.5726451770767413e-04        -6.5546353205105543e-05         1.0587018840941455e-03        -3.0311791268755904e-04         1.3150998165613651e-03        -2.7761755241409031e-05
11                                    -9.2776362208783457e-03         6.8698008994985986e-03         3.6499789725527600e-03         6.0628690794772323e-03        -6.9105664863427733e-03        -1.8287106638285057e-03        -6.7915284157132327e-03         6.4402386004842535e-04
12                                     4.3664465804897339e-03         2.5443871739145377e-02         1.7919399399142881e-03         6.8868556227243746e-03        -1.7094861607856169e-03        -4.2758103396319863e-03        -3.1417596039715755e-03         2.7001088552766562e-04
13                                     8.6686121441423378e-03         4.5929582615649764e-02         1.7613330888318556e-03         1.1347243615688769e-02        -5.4383338485047414e-03        -4.9795078747759810e-03        -4.4044056675681337e-03         4.4757353496233397e-04
14                                     7.6350510711516622e-03         5.8528686065838616e-02         1.1051521805729646e-02         1.9332425220327288e-02        -6.1881553925449576e-04        -1.3754279986457610e-02        -1.1314561178291046e-02         6.5991124858814855e-04
15                                    -5.8569426021486072e-04        -1.2744071682518870e-02         2.5586183389387313e-02         1.1633352670502013e-02         2.1838621378121641e-02        -1.5457825674697945e-02        -9.7225914047926482e-03         2.7540142926146552e-05
16                                     7.6585527434931320e-04         1.7164631351773575e-02        -3.4552997158414693e-02        -1.5581562631060315e-02        -3.0004175600980638e-02         2.2206339342534919e-02         1.4381296075520444e-02        -4.3216104075233499e-05
17                                     2.3990632387982246e-03        -2.9182437965044623e-03         2.1914785766065401e-02         1.7655425709824188e-02         2.6035430845881540e-02        -2.6038063970996707e-02        -1.9705958137632703e-02         1.5017656665340602e-04
18                                     1.1074784545294883e-03         4.6424312684970846e-03         4.9225554981142901e-02        -7.6654128198843392e-03        -5.8417933829633274e-03         2.1125940295283068e-02         2.1291016066376189e-02        -7.9347695753440142e-05
19                                     2.3879430690859586e-04         1.2903595994730689e-03         1.3602066043505985e-02        -1.5075864201093742e-03        -2.9386953063335981e-03         8.9574498772541887e-03         8.1546284552270632e-03        -5.6029945782107099e-05
20                                    -6.0841134591476645e-04        -6.7452910448961212e-03        -3.9072542082129978e-02         8.4177146048796899e-04         9.8333447333427589e-03        -3.3002194699569533e-02        -3.2095607054095407e-02         1.4294540251135225e-04
21                                     1.9919517790611973e-04         2.3750932723798327e-03         7.6208063890095693e-03        -2.2340204258820492e-02        -6.8522819589452765e-03        -7.7439908239969289e-03        -7.4680098624164935e-03         5.5337062821710238e-05
22                                    -4.7992398934340082e-04         5.0516654279610228e-03         1.6171848588435966e-02        -4.1897543529866542e-02        -1.0260814632888698e-02        -1.4434188992954738e-02        -9.3593192602060490e-03         1.6952801114925877e-04
23                                     1.5004588819923731e-03         2.9241530702127250e-03         1.1796859384523992e-02        -4.9777858383965069e-02        -1.9410780433086808e-02        -2.1863166385990958e-02        -3.0678740914833590e-02         6.6451865663557714e-05
24                                     5.1252592853662047e-03        -8.1137506663556073e-03         5.0659526410396219e-03         1.3593137544288696e-02        -1.7667665937020963e-02         1.9837790229921864e-02        -2.9117368742739673e-02        -2.0916207537152280e-03
25                                    -6.5316675464536502e-03         1.0359128907804485e-02        -7.9099879087705226e-03        -1.8900049918188572e-02         2.4900608147668035e-02        -2.7748125851937092e-02         4.0559509788594926e-02         2.9134482812882673e-03
26                                     2.6919278769335338e-03        -6.2235673780244097e-03         8.3663604786800849e-03         6.3013776554098743e-03        -2.1108106332535927e-02         1.3652012312144879e-02        -3.1454773740396381e-02        -1.2267257160670944e-03
27                                     8.7493322510979726e-03        -1.2274556189554111e-02         6.2997691448807959e-03         1.7786927976967321e-02        -3.9311404753727866e-02        -3.9386795419512163e-02         2.4086340077233214e-02        -1.5254551614288278e-01
28                                     2.1276990377178468e-02        -4.0134895287746691e-02         2.1144173411314606e-02         5.9871822214089522e-02        -1.3170735605935205e-01        -1.3105215348615173e-01         7.9548960982677594e-02        -4.9396743958108830e-01
29                                     1.1127563556584539e-02        -2.1661501822337191e-02         1.1453330593065124e-02         3.2284359809087379e-02        -7.1178500371828629e-02        -7.1293184709190119e-02         4.3494120075324251e-02        -2.6112948488730681e-01
30                                    -1.2701513374023588e-03        -4.4615145071738353e-05         2.0148137221341099e-04         4.2435004422828731e-04        -7.2173686730888894e-04        -2.1978674743707141e-04        -1.8615081982409207e-04         8.2908083618809282e-03
31                                    -7.2481755653604589e-03         7.6103273111173550e-03        -3.2252596484500734e-03        -1.2933704817938364e-02         2.7466241675412836e-02         2.7176052848116781e-02        -1.6432142996215603e-02         1.2326574645742143e-01
32                                     3.3598449005288238e-02        -3.7877671177357949e-02         1.6082153301962051e-02         6.5767269617300589e-02        -1.3901061558243277e-01        -1.3602735719108253e-01         8.1150298730209111e-02        -6.5001779923962733e-01
33                                    -1.4756833564997992e-02         1.1717745328276936e-03         7.2188188126604089e-04        -3.0577301827884149e-03         1.0339246455048032e-02         2.0725662689595796e-02        -1.9316690258284849e-02        -6.9900343833616416e-02
34                                     1.6527257073791175e-02        -5.2766487657050982e-04        -1.1768398738775036e-03         1.3706514393414786e-03        -7.2217922692476601e-03        -1.8714994237779885e-02         1.8545714290708930e-02         8.0672611925739407e-02
35                                    -4.7655638426907822e-03         1.8654180522254603e-03        -5.5887093861215365e-04        -3.2594235650948806e-03         8.1138597951462589e-03         1.0958973178546392e-02        -8.5499670380650376e-03        -5.3417814819123706e-03
36                                     2.4890613669692457e-03         8.9139937073573537e-04        -1.1339450461640009e-03        -2.5839235304978537e-03         4.5653121332911665e-03         2.3837306922983225e-03         3.3050474291140911e-05        -3.9721700263616348e-04
37                                     2.3003764857209903e-02        -2.4724094896188702e-02         9.7683108336681802e-03         3.0337089004790898e-02        -6.2168018165745680e-02        -4.4014476866899035e-02         2.1178277514641033e-02         3.8975097128529097e-02
38                                    -9.5243345355556439e-02         1.2233464617130060e-01        -4.7905963370610920e-02        -1.4690063702950529e-01         3.0033641362606361e-01         2.0336994551477627e-01        -9.3624510258308813e-02        -1.9861450923418469e-01
39                                    -8.6593312018352797e-02         4.1551797360276414e-02        -1.2378181599759794e-02        -4.5229739903293341e-02         9.9900762566992318e-02         8.9767306370987773e-02        -5.5553957293919855e-02        -5.9975121680505221e-02
40                                    -3.1331508963270821e-01         1.5357011291869774e-01        -4.8005793007481048e-02        -1.7360799864661658e-01         3.8023114021368143e-01         3.3693290199648956e-01        -2.0483017664711686e-01        -2.1731394656928307e-01
41                                    -1.6391466185834716e-01         7.9541205559897299e-02        -2.4583039897134052e-02        -8.9693041812976340e-02         1.9649136615020479e-01         1.7484818484160661e-01        -1.0683089704848794e-01        -1.1321904053296576e-01
42                                     3.2053198617063662e-02         1.3897542461287519e-03        -2.1902321577843857e-03        -6.4032157602769936e-03         1.1545685600281652e-02         6.9137121358835091e-03        -3.0852460472067999e-03        -6.4431269604940692e-03
43                                    -8.4459785603175172e-02         1.5063173701241482e-03         7.1809382010128934e-03         1.5992071089174414e-02        -2.7645524898538002e-02        -1.6157016898455511e-02         1.3201272050212226e-03         9.6861261131718276e-03
44                                     5.6876084159193796e-01        -9.1432345215623212e-03        -5.0254138585194973e-02        -1.1006368454719580e-01         1.8628488021326872e-01         1.1168779041723338e-01        -1.0613058362011379e-02        -5.8499393963410931e-02
45                                     1.8224483990461993e-01        -8.5906523256431867e-03        -1.2243411935931842e-02        -3.6931645620884572e-02         6.1625112525764018e-02         3.7069764771843164e-02        -8.9675579781031967e-03        -1.5753261013718659e-02
46                                     5.4493013117724776e-01        -1.7362649655560242e-02        -3.6378724007380729e-02        -1.0789231971971967e-01         1.8453254921515128e-01         1.1317111374884321e-01        -3.0541851348445951e-02        -5.5193427997640737e-02
47                                     2.3473632177716144e-01        -6.5732325330989773e-03        -1.5546739423393999e-02        -4.6259258567387058e-02         8.0393651668905011e-02         4.9196472048529866e-02        -1.3669889394354552e-02        -2.2925098750954432e-02
48                                     6.2364971094690394e-03        -7.6967320270747777e-03        -4.1533272564320007e-03        -5.1796152368873130e-03         4.9400365950217906e-03         1.8179569026590052e-03         9.4126202142026261e-03         8.2282399541794466e-04
49                                    -1.4584569542385422e-02         1.1534033104134924e-02         6.4503448681914712e-03         1.0632913100265684e-02        -9.2499974474180013e-03        -4.3284091476229782e-03        -9.8183311708749492e-03         1.4422157689991438e-03
50                                     9.7851313019004307e-02        -6.9743434378841479e-02        -4.0627327898699918e-02        -6.1133959197300310e-02         7.3717784947718162e-02         2.3290651828491361e-02         7.2710744991801593e-02        -9.0966935587722900e-03
51                                     5.1252339117601169e-04        -1.5872201599331399e-02        -5.3772528152269839e-03        -6.5225393550828979e-03         1.3498144136719133e-03         3.4860029835186166e-03         3.5943424559054579e-03        -4.9261095559703042e-04
52                                     6.9644874509225616e-03         8.3404344095053970e-02         2.1464295505433276e-02         3.1634274997825083e-02         1.1958252221116296e-03        -2.4811301117815668e-02        -2.2488733662141075e-02         1.2488244256241255e-03
53                                    -3.1843277701228752e-02        -3.6824452140389830e-01        -1.0220881553630129e-01        -1.4308052384899717e-01        -1.8062949872328090e-02         1.1580267682912790e-01         9.8665173904469647e-02        -4.7440951367140882e-03
54                                    -5.2426921583794729e-02        -2.9037772358109826e-01        -2.0057883065447969e-02        -7.5839523099904646e-02         2.5108785686298037e-02         4.2038771567536694e-02         3.2964868928934493e-02        -2.9364044091077968e-03
55                                    -1.0809433327844435e-01        -6.3015594378608120e-01        -4.7627365684048815e-02        -1.6675590961298378e-01         5.8009591931655030e-02         8.9982997809061716e-02         7.2137123952898397e-02        -6.9058179278138647e-03
56                                    -5.9695509798079444e-02        -3.3860838223554307e-01        -2.4949639486151216e-02        -8.9296832056281888e-02         3.0839861986052639e-02         4.8168718125219903e-02         3.9246331838415721e-02        -3.5226747459977214e-03
57                                    -1.7826846072767810e-03        -4.9322168157720441e-05        -1.6785399176219233e-03        -3.2509805159592329e-03        -6.0586087081590679e-03         7.4560994783546622e-03         6.0319091339150581e-03         3.3107773698231377e-05
58                                     3.4484852733094014e-03         3.7590611143427208e-03         1.8107743486330853e-02         1.9364519592468946e-02         2.4580478092344427e-02        -2.6582352826232780e-02        -2.0206557642648372e-02         2.3992541860326868e-04
59                                    -2.8232308481581578e-02        -2.2450305617716009e-03        -1.8538014708724188e-01        -1.6885217873835989e-01        -2.3807460736912356e-01         2.5777227473026265e-01         2.0048353288001913e-01        -1.8572394987757838e-03
60                                     8.2328706035129859e-03         1.5507515277217004e-01        -2.9848917579987694e-01        -1.3303208356375809e-01        -2.5517661332457053e-01         1.8051708249994708e-01         1.1393430251954767e-01        -2.1668658988719275e-04
61                                    -1.0627392592357515e-02        -2.0298979790862826e-01         3.9356903860225884e-01         1.7311618741259474e-01         3.3477065287682661e-01        -2.3755956457092384e-01        -1.5044158775382219e-01         2.5966724625136570e-04
62                                     2.8183173119437693e-03         4.5839870001287961e-02        -8.7573099511850536e-02        -3.8136782889359733e-02        -7.4036864364405416e-02         5.2447245779710369e-02         3.3264180213138941e-02        -6.3990756306418753e-05
63                                     3.2837286266666538e-04         6.2746979589434048e-03         3.4230685892231182e-02         1.0392456564009018e-03        -1.0039706975938726e-02         3.6292177197065290e-02         3.6622711574488230e-02        -1.7000669592679262e-04
64                                    -1.1397479436660231e-04        -8.7276868717414240e-03        -3.3760325142651260e-02        -5.3319208877543262e-03         1.0047723187459600e-02        -3.9519887169321845e-02        -4.0286696739171179e-02         1.1783365504258468e-04
65                                     8.3708639512706379e-04         5.0281664233084604e-02         2.2487522421720155e-01         1.8246843146185413e-02        -8.1752483456664332e-02         2.7157465246973084e-01         2.6454031253475085e-01        -1.1429626083713652e-03
66                                    -1.3800882842859749e-02        -6.5143465051258023e-02        -6.1603822503103889e-01         8.5679829427765558e-02         8.4022875794307117e-02        -2.9454439716007264e-01        -2.8991387543386615e-01         1.5249449096201627e-03
67                                    -2.6696727179758772e-03        -1.2026765308168369e-02        -1.3112502985418084e-01         1.7644528541339199e-02         1.8308435761036919e-02        -6.3098242257626766e-02        -6.1003897389792755e-02         2.5913465952395260e-04
68                                     5.8233829707205623e-03         2.6413821326656678e-02         2.5254989534138750e-01        -3.5626736550785409e-02        -3.4014411096736565e-02         1.1994335041221998e-01         1.1870114233352470e-01        -5.8664526839035649e-04
69                                    -1.6065093394216164e-03         4.1677900064453894e-04         3.0622076675648741e-04         1.1458088141179674e-02         3.8274009514154988e-03         8.0945519892936212e-03         1.1381934158654539e-02         1.0078595205138728e-04
70                                     3.3029921437890395e-03         1.7713727047723052e-03         1.1318246487271271e-02        -6.7834264640560915e-02        -3.1109249690001579e-02        -3.5822676824933973e-02        -5.8846095999547515e-02         5.4003203446433241e-05
71                                    -1.6467600747742197e-02        -3.4869722879265004e-03        -4.1320007242912134e-02         2.9501483870514655e-01         1.4510266926388127e-01         1.5272263011881587e-01         2.6733904896299032e-01        -2.7813594776998489e-05
72                                    -1.7549125630138900e-04        -2.7994013973370094e-02        -8.8023048375478141e-02         2.5522775376206031e-01         7.2411357374988564e-02         9.2079254635654195e-02         7.8193664527311843e-02        -1.1688038152603102e-03
73                                    -1.5129180418408021e-04        -6.1216230189598334e-02        -1.9801593827143280e-01         5.6465829221865182e-01         1.5963183020163979e-01         2.0407807149185972e-01         1.7519597086686717e-01        -2.3001672927913299e-03
74                                     3.5291861539238009e-04        -3.3600982852861179e-02        -1.0795972755614991e-01         3.0620548307164902e-01         8.6169851998126698e-02         1.1061401687340881e-01         9.4720857415578980e-02        -1.1710693196423888e-03
75                                    -5.9444725992057211e-02         9.4940462319260566e-02        -6.4145623832013027e-02        -1.6507280462882989e-01         2.0872163503040508e-01        -2.4420084159443353e-01         3.4858737023426012e-01         2.6631101509313766e-02
76                                     7.9294953546279759e-02        -1.2340879494280171e-01         8.7183189419184196e-02         2.1878062385786082e-01        -2.7767429131298710e-01         3.2290203653058863e-01        -4.6049079739161236e-01        -3.4633099352242395e-02
77                                    -1.9051928914536501e-02         2.8111120342413091e-02        -1.9370346955302046e-02        -4.9833629860276001e-02         6.2733828414771611e-02        -7.3865403651820899e-02         1.0567823681200209e-01         8.2759161144552815e-03
78                                     2.3754303593019254e-03        -4.4126908394994183e-04        -2.6018490935795550e-03        -1.1728178742906597e-03         4.5013598250918238e-03        -5.3670716842430855e-04         2.1838516360941983e-03        -6.5808448108746421e-04
79                                     2.3269294816668463e-03        -5.4198886175929710e-03         7.2938424209020815e-03        -2.6380571843807800e-04        -1.8481901332314577e-02         7.1559520042448104e-03        -2.5761008866984583e-02        -4.4091420748422629e-04
80                                    -1.0907609414714765e-02         4.3534277494532224e-02        -7.7511253787886730e-02        -3.6861113653461675e-02         1.9156350585134807e-01        -9.1335266601550294e-02         2.7386763331227409e-01         6.3813141115049397e-03
                                                        80

0                                     -3.5466775267727339e-02
1                                      7.7630729925026468e-02
2                                     -1.8963425652142887e-02
3                                      1.8671371832728381e-03
4                                      9.0479060932005858e-03
5                                      1.7523981872886870e-03
6                                      6.5506616607150805e-04
7                                      1.2365311708224303e-03
8                                      1.1376136194542661e-03
9                                      8.3654624733615787e-05
10                                     9.4871677421940923e-05
11                                    -3.3658657642110984e-04
12                                     4.5552318146076758e-05
13                                     8.6721626882547823e-05
14                                     1.3767030839561710e-04
15                                     4.1762944024467746e-05
16                                    -3.0071394462302866e-05
17                                    -3.6491988804976585e-05
18                                     1.1437337728031376e-04
19                                     2.0037101517823849e-05
20                                    -6.3193629969265856e-05
21                                     6.5469813661894513e-05
22                                     1.6381737665498289e-04
23                                    -5.4890931746554265e-05
24                                    -1.1127255276579897e-03
25                                     1.4993528536891415e-03
26                                    -7.4485124655082895e-04
27                                    -1.2014330760050247e-01
28                                    -3.4440601887314154e-01
29                                    -2.0620034283992567e-01
30                                    -8.7175806670451699e-03
31                                    -3.2073309992711511e-02
32                                     2.7592711026177869e-01
33                                     5.4988372343856706e-01
34                                    -5.5335352055389364e-01
35                                     1.5847108434785179e-01
36                                    -2.2426520261861775e-05
37                                    -3.8957302144281155e-03
38                                     2.3826796236035938e-02
39                                    -2.5855104540806705e-02
40                                    -9.2879522674034765e-02
41                                    -4.8625604053626009e-02
42                                     1.1221661994287740e-03
43                                     2.6969377995143113e-04
44                                    -2.4271594913847345e-03
45                                    -4.3358735809863420e-03
46                                    -2.0932200044597876e-02
47                                    -9.1461895880460050e-03
48                                    -1.1233696481810746e-04
49                                    -4.5827331651165541e-04
50                                     3.4202141366898300e-03
51                                     9.8137077399000118e-05
52                                     9.5900337310325111e-05
53                                    -4.1289218483081069e-04
54                                    -7.0709562776796059e-04
55                                    -1.7889450132956984e-03
56                                    -9.6969446050878009e-04
57                                     5.9453557245633266e-06
58                                    -7.1599131245222281e-05
59                                     4.5406255760636031e-04
60                                    -5.6336265455554765e-04
61                                     5.7270934665915160e-04
62                                    -1.3126941744828120e-04
63                                     9.1165590216545829e-05
64                                    -7.3090918327762012e-05
65                                     3.1078985845532382e-04
66                                    -1.2626678153283308e-03
67                                    -3.1510266883175587e-04
68                                     5.2323257580399996e-04
69                                     3.4710895779564475e-05
70                                    -2.3992373618938681e-04
71                                     1.4720479690786511e-03
72                                    -1.1124106723918886e-03
73                                    -2.0603375809877672e-03
74                                    -1.0700440111104104e-03
75                                     1.3265492726288882e-02
76                                    -1.7446495594133093e-02
77                                     3.9681091258573524e-03
78                                    -3.3674890541871870e-05
79                                    -3.7479468907264157e-04
80                                     5.2228286036947015e-03
$End
$Calculation_Info
   &GeometryIndex 6
   &Mult [&Type "Integer"] 1
   &Charge [&Type "Integer"] 0
   &NumOfAtoms [&Type "Integer"] 27
   &NumOfElectrons [&Type "Integer"] 72
   &NumOfBasisFuncts [&Type "Integer"] 261
   &NumOfAuxCBasisFuncts [&Type "Integer"] 0
   &NumOfAuxJBasisFuncts [&Type "Integer"] 468
   &NumOfAuxJKBasisFuncts [&Type "Integer"] 0
   &NumOfCABSBasisFuncts [&Type "Integer"] 0
$End
$Calculation_Timings
   &GeometryIndex 6
   &GTOINT [&Type "Double"]       7.5890000000000377e+00
   &SCF [&Type "Double"]       1.9658199999999999e+02
   &SCFGRAD [&Type "Double"]       7.3656999999999954e+01
   &GSTEP [&Type "Double"]       6.9999999999988169e-02
   &PROPINT [&Type "Double"]       6.9294100000000003e+02
   &RESPONSE [&Type "Double"]       3.4599000000000001e+02
   &PROP [&Type "Double"]       1.0634810000000002e+03
   &SUM [&Type "Double"]       2.3803100000000004e+03
$End
